  [1m[35m (0.6ms)[0m  [1m[35mCREATE TABLE "schema_migrations" ("version" varchar NOT NULL PRIMARY KEY)[0m
  [1m[35m (0.0ms)[0m  [1m[35mCREATE TABLE "ar_internal_metadata" ("key" varchar NOT NULL PRIMARY KEY, "value" varchar, "created_at" datetime(6) NOT NULL, "updated_at" datetime(6) NOT NULL)[0m
  [1m[36mActiveRecord::InternalMetadata Load (0.1ms)[0m  [1m[34mSELECT * FROM "ar_internal_metadata" WHERE "ar_internal_metadata"."key" = ? ORDER BY "ar_internal_metadata"."key" ASC LIMIT 1[0m  [[nil, "environment"]]
  [1m[36mActiveRecord::InternalMetadata Create (0.1ms)[0m  [1m[32mINSERT INTO "ar_internal_metadata" ("key", "value", "created_at", "updated_at") VALUES ('environment', 'development', '2026-02-12 14:23:57.989705', '2026-02-12 14:23:57.989706') RETURNING "key"[0m
  [1m[36mActiveRecord::SchemaMigration Load (0.0ms)[0m  [1m[34mSELECT "schema_migrations"."version" FROM "schema_migrations" ORDER BY "schema_migrations"."version" ASC[0m
Migrating to CreateJourneeObservations (20260212142236)
  [1m[36mTRANSACTION (0.0ms)[0m  [1m[36mbegin transaction[0m
  [1m[35m (0.3ms)[0m  [1m[35mCREATE TABLE "journee_observations" ("id" integer PRIMARY KEY AUTOINCREMENT NOT NULL, "date_observation" date NOT NULL, "heure_lever" time, "heure_coucher" time, "created_at" datetime(6) NOT NULL, "updated_at" datetime(6) NOT NULL)[0m
  [1m[36mActiveRecord::SchemaMigration Create (0.0ms)[0m  [1m[32mINSERT INTO "schema_migrations" ("version") VALUES ('20260212142236') RETURNING "version"[0m
  [1m[36mTRANSACTION (0.0ms)[0m  [1m[36mcommit transaction[0m
Migrating to CreateEntrees (20260212142243)
  [1m[36mTRANSACTION (0.0ms)[0m  [1m[36mbegin transaction[0m
  [1m[35m (0.4ms)[0m  [1m[35mCREATE TABLE "entrees" ("id" integer PRIMARY KEY AUTOINCREMENT NOT NULL, "journee_observation_id" integer NOT NULL, "heure" time NOT NULL, "volume_boisson" integer, "volume_urine" integer, "urgenturies" varchar, "fuites" varchar, "commentaires" varchar(10), "created_at" datetime(6) NOT NULL, "updated_at" datetime(6) NOT NULL, CONSTRAINT "fk_rails_b0aa45a7b4"
FOREIGN KEY ("journee_observation_id")
  REFERENCES "journee_observations" ("id")
)[0m
  [1m[35m (0.0ms)[0m  [1m[35mCREATE INDEX "index_entrees_on_journee_observation_id" ON "entrees" ("journee_observation_id")[0m
  [1m[36mActiveRecord::SchemaMigration Create (0.0ms)[0m  [1m[32mINSERT INTO "schema_migrations" ("version") VALUES ('20260212142243') RETURNING "version"[0m
  [1m[36mTRANSACTION (0.0ms)[0m  [1m[36mcommit transaction[0m
  [1m[36mActiveRecord::SchemaMigration Load (0.0ms)[0m  [1m[34mSELECT "schema_migrations"."version" FROM "schema_migrations" ORDER BY "schema_migrations"."version" ASC[0m
  [1m[36mJourneeObservation Count (0.0ms)[0m  [1m[34mSELECT COUNT(*) FROM "journee_observations"[0m
  [1m[36mEntree Count (0.0ms)[0m  [1m[34mSELECT COUNT(*) FROM "entrees"[0m
  [1m[36mTRANSACTION (0.0ms)[0m  [1m[36mbegin transaction[0m
  [1m[36mJourneeObservation Exists? (0.4ms)[0m  [1m[34mSELECT 1 AS one FROM "journee_observations" WHERE "journee_observations"."date_observation" = ? LIMIT ?[0m  [["date_observation", "2026-02-12"], ["LIMIT", 1]]
  [1m[36mJourneeObservation Create (0.1ms)[0m  [1m[32mINSERT INTO "journee_observations" ("date_observation", "heure_lever", "heure_coucher", "created_at", "updated_at") VALUES (?, ?, ?, ?, ?) RETURNING "id"[0m  [["date_observation", "2026-02-12"], ["heure_lever", "2000-01-01 07:00:00"], ["heure_coucher", nil], ["created_at", "2026-02-12 14:29:18.997148"], ["updated_at", "2026-02-12 14:29:18.997148"]]
  [1m[36mTRANSACTION (0.1ms)[0m  [1m[36mcommit transaction[0m
  [1m[36mTRANSACTION (0.0ms)[0m  [1m[36mbegin transaction[0m
  [1m[36mEntree Create (0.3ms)[0m  [1m[32mINSERT INTO "entrees" ("journee_observation_id", "heure", "volume_boisson", "volume_urine", "urgenturies", "fuites", "commentaires", "created_at", "updated_at") VALUES (?, ?, ?, ?, ?, ?, ?, ?, ?) RETURNING "id"[0m  [["journee_observation_id", 1], ["heure", "2000-01-01 08:00:00"], ["volume_boisson", 200], ["volume_urine", 150], ["urgenturies", "X"], ["fuites", ""], ["commentaires", "test"], ["created_at", "2026-02-12 14:29:19.008251"], ["updated_at", "2026-02-12 14:29:19.008251"]]
  [1m[36mTRANSACTION (0.0ms)[0m  [1m[36mcommit transaction[0m
  [1m[36mEntree Sum (0.0ms)[0m  [1m[34mSELECT SUM("entrees"."volume_boisson") FROM "entrees" WHERE "entrees"."journee_observation_id" = ?[0m  [["journee_observation_id", 1]]
  ↳ app/models/journee_observation.rb:9:in `total_boissons'
  [1m[36mEntree Sum (0.0ms)[0m  [1m[34mSELECT SUM("entrees"."volume_urine") FROM "entrees" WHERE "entrees"."journee_observation_id" = ?[0m  [["journee_observation_id", 1]]
  ↳ app/models/journee_observation.rb:13:in `total_urine'
  [1m[36mJourneeObservation Exists? (0.0ms)[0m  [1m[34mSELECT 1 AS one FROM "journee_observations" WHERE "journee_observations"."date_observation" = ? LIMIT ?[0m  [["date_observation", "2026-02-12"], ["LIMIT", 1]]
  [1m[36mTRANSACTION (0.0ms)[0m  [1m[36mbegin transaction[0m
  [1m[36mEntree Load (0.2ms)[0m  [1m[34mSELECT "entrees".* FROM "entrees" WHERE "entrees"."journee_observation_id" = ?[0m  [["journee_observation_id", 1]]
  [1m[36mEntree Destroy (0.0ms)[0m  [1m[31mDELETE FROM "entrees" WHERE "entrees"."id" = ?[0m  [["id", 1]]
  [1m[36mJourneeObservation Destroy (0.0ms)[0m  [1m[31mDELETE FROM "journee_observations" WHERE "journee_observations"."id" = ?[0m  [["id", 1]]
  [1m[36mTRANSACTION (0.0ms)[0m  [1m[36mcommit transaction[0m
  [1m[36mActiveRecord::SchemaMigration Load (0.0ms)[0m  [1m[34mSELECT "schema_migrations"."version" FROM "schema_migrations" ORDER BY "schema_migrations"."version" ASC[0m
  [1m[36mActiveRecord::InternalMetadata Load (0.0ms)[0m  [1m[34mSELECT * FROM "ar_internal_metadata" WHERE "ar_internal_metadata"."key" = ? ORDER BY "ar_internal_metadata"."key" ASC LIMIT 1[0m  [[nil, "environment"]]
  [1m[36mActiveRecord::SchemaMigration Load (0.0ms)[0m  [1m[34mSELECT "schema_migrations"."version" FROM "schema_migrations" ORDER BY "schema_migrations"."version" ASC[0m
  [1m[36mActiveRecord::InternalMetadata Load (0.0ms)[0m  [1m[34mSELECT * FROM "ar_internal_metadata" WHERE "ar_internal_metadata"."key" = ? ORDER BY "ar_internal_metadata"."key" ASC LIMIT 1[0m  [[nil, "environment"]]
  [1m[36mActiveRecord::SchemaMigration Load (0.0ms)[0m  [1m[34mSELECT "schema_migrations"."version" FROM "schema_migrations" ORDER BY "schema_migrations"."version" ASC[0m
  [1m[36mActiveRecord::InternalMetadata Load (0.0ms)[0m  [1m[34mSELECT * FROM "ar_internal_metadata" WHERE "ar_internal_metadata"."key" = ? ORDER BY "ar_internal_metadata"."key" ASC LIMIT 1[0m  [[nil, "environment"]]
  [1m[35m (0.1ms)[0m  [1m[35mDROP TABLE IF EXISTS "entrees"[0m
  [1m[35m (0.1ms)[0m  [1m[35mCREATE TABLE "entrees" ("id" integer PRIMARY KEY AUTOINCREMENT NOT NULL, "journee_observation_id" integer NOT NULL, "heure" time NOT NULL, "volume_boisson" integer, "volume_urine" integer, "urgenturies" varchar, "fuites" varchar, "commentaires" varchar(10), "created_at" datetime(6) NOT NULL, "updated_at" datetime(6) NOT NULL)[0m
  [1m[35m (0.0ms)[0m  [1m[35mCREATE INDEX "index_entrees_on_journee_observation_id" ON "entrees" ("journee_observation_id")[0m
  [1m[35m (0.0ms)[0m  [1m[35mDROP TABLE IF EXISTS "journee_observations"[0m
  [1m[35m (0.0ms)[0m  [1m[35mCREATE TABLE "journee_observations" ("id" integer PRIMARY KEY AUTOINCREMENT NOT NULL, "date_observation" date NOT NULL, "heure_lever" time, "heure_coucher" time, "created_at" datetime(6) NOT NULL, "updated_at" datetime(6) NOT NULL)[0m
  [1m[36mTRANSACTION (0.0ms)[0m  [1m[36mbegin transaction[0m
  [1m[35m (0.3ms)[0m  [1m[35mPRAGMA foreign_keys[0m
  [1m[35m (0.0ms)[0m  [1m[35mPRAGMA defer_foreign_keys[0m
  [1m[35m (0.0ms)[0m  [1m[35mPRAGMA defer_foreign_keys = ON[0m
  [1m[35m (0.0ms)[0m  [1m[35mPRAGMA foreign_keys = OFF[0m
  [1m[35m (0.0ms)[0m  [1m[35mCREATE TEMPORARY TABLE "aentrees" ("id" integer PRIMARY KEY AUTOINCREMENT NOT NULL, "journee_observation_id" integer NOT NULL, "heure" time NOT NULL, "volume_boisson" integer DEFAULT NULL, "volume_urine" integer DEFAULT NULL, "urgenturies" varchar DEFAULT NULL, "fuites" varchar DEFAULT NULL, "commentaires" varchar(10) DEFAULT NULL, "created_at" datetime(6) NOT NULL, "updated_at" datetime(6) NOT NULL)[0m
  [1m[35m (0.0ms)[0m  [1m[35mCREATE INDEX "tindex_aentrees_on_journee_observation_id" ON "aentrees" ("journee_observation_id")[0m
  [1m[35m (0.0ms)[0m  [1m[32mINSERT INTO "aentrees" ("id","journee_observation_id","heure","volume_boisson","volume_urine","urgenturies","fuites","commentaires","created_at","updated_at")
                     SELECT "id","journee_observation_id","heure","volume_boisson","volume_urine","urgenturies","fuites","commentaires","created_at","updated_at" FROM "entrees"[0m
  [1m[35m (0.0ms)[0m  [1m[35mDROP TABLE "entrees"[0m
  [1m[35m (0.0ms)[0m  [1m[35mCREATE TABLE "entrees" ("id" integer PRIMARY KEY AUTOINCREMENT NOT NULL, "journee_observation_id" integer NOT NULL, "heure" time NOT NULL, "volume_boisson" integer DEFAULT NULL, "volume_urine" integer DEFAULT NULL, "urgenturies" varchar DEFAULT NULL, "fuites" varchar DEFAULT NULL, "commentaires" varchar(10) DEFAULT NULL, "created_at" datetime(6) NOT NULL, "updated_at" datetime(6) NOT NULL, CONSTRAINT "fk_rails_b0aa45a7b4"
FOREIGN KEY ("journee_observation_id")
  REFERENCES "journee_observations" ("id")
)[0m
  [1m[35m (0.0ms)[0m  [1m[35mCREATE INDEX "index_entrees_on_journee_observation_id" ON "entrees" ("journee_observation_id")[0m
  [1m[35m (0.0ms)[0m  [1m[32mINSERT INTO "entrees" ("id","journee_observation_id","heure","volume_boisson","volume_urine","urgenturies","fuites","commentaires","created_at","updated_at")
                     SELECT "id","journee_observation_id","heure","volume_boisson","volume_urine","urgenturies","fuites","commentaires","created_at","updated_at" FROM "aentrees"[0m
  [1m[35m (0.0ms)[0m  [1m[35mDROP TABLE "aentrees"[0m
  [1m[35m (0.0ms)[0m  [1m[35mPRAGMA defer_foreign_keys = 0[0m
  [1m[35m (0.0ms)[0m  [1m[35mPRAGMA foreign_keys = 1[0m
  [1m[36mTRANSACTION (0.0ms)[0m  [1m[36mcommit transaction[0m
  [1m[35m (0.1ms)[0m  [1m[35mCREATE TABLE "schema_migrations" ("version" varchar NOT NULL PRIMARY KEY)[0m
  [1m[36mActiveRecord::SchemaMigration Load (0.0ms)[0m  [1m[34mSELECT "schema_migrations"."version" FROM "schema_migrations" ORDER BY "schema_migrations"."version" ASC[0m
  [1m[35m (0.0ms)[0m  [1m[32mINSERT INTO "schema_migrations" (version) VALUES (20260212142243)[0m
  [1m[35m (0.0ms)[0m  [1m[32mINSERT INTO "schema_migrations" (version) VALUES
(20260212142236);[0m
  [1m[35m (0.0ms)[0m  [1m[35mCREATE TABLE "ar_internal_metadata" ("key" varchar NOT NULL PRIMARY KEY, "value" varchar, "created_at" datetime(6) NOT NULL, "updated_at" datetime(6) NOT NULL)[0m
  [1m[36mActiveRecord::InternalMetadata Load (0.0ms)[0m  [1m[34mSELECT * FROM "ar_internal_metadata" WHERE "ar_internal_metadata"."key" = ? ORDER BY "ar_internal_metadata"."key" ASC LIMIT 1[0m  [[nil, "environment"]]
  [1m[36mActiveRecord::InternalMetadata Create (0.0ms)[0m  [1m[32mINSERT INTO "ar_internal_metadata" ("key", "value", "created_at", "updated_at") VALUES ('environment', 'development', '2026-02-12 14:41:15.417029', '2026-02-12 14:41:15.417031') RETURNING "key"[0m
  [1m[36mActiveRecord::InternalMetadata Load (0.0ms)[0m  [1m[34mSELECT * FROM "ar_internal_metadata" WHERE "ar_internal_metadata"."key" = ? ORDER BY "ar_internal_metadata"."key" ASC LIMIT 1[0m  [[nil, "environment"]]
  [1m[36mActiveRecord::InternalMetadata Update (0.0ms)[0m  [1m[33mUPDATE "ar_internal_metadata" SET "value" = 'test', "updated_at" = '2026-02-12 14:41:15.417621' WHERE "ar_internal_metadata"."key" = 'environment'[0m
  [1m[36mActiveRecord::InternalMetadata Load (0.0ms)[0m  [1m[34mSELECT * FROM "ar_internal_metadata" WHERE "ar_internal_metadata"."key" = ? ORDER BY "ar_internal_metadata"."key" ASC LIMIT 1[0m  [[nil, "schema_sha1"]]
  [1m[36mActiveRecord::InternalMetadata Create (0.0ms)[0m  [1m[32mINSERT INTO "ar_internal_metadata" ("key", "value", "created_at", "updated_at") VALUES ('schema_sha1', 'd3fd74adae98ebb19fe0222f998e4faa98233b80', '2026-02-12 14:41:15.417973', '2026-02-12 14:41:15.417974') RETURNING "key"[0m
Started GET "/" for ::1 at 2026-02-12 16:51:43 +0100
  [1m[36mActiveRecord::SchemaMigration Load (0.1ms)[0m  [1m[34mSELECT "schema_migrations"."version" FROM "schema_migrations" ORDER BY "schema_migrations"."version" ASC[0m
Processing by JourneeObservationsController#index as HTML
  [1m[36mJourneeObservation Load (0.2ms)[0m  [1m[34mSELECT "journee_observations".* FROM "journee_observations" WHERE "journee_observations"."date_observation" = ? LIMIT ?[0m  [["date_observation", "2026-02-12"], ["LIMIT", 1]]
  ↳ app/controllers/journee_observations_controller.rb:6:in `index'
  Rendering layout layouts/application.html.erb
  Rendering journee_observations/index.html.erb within layouts/application
  [1m[36mJourneeObservation Exists? (0.0ms)[0m  [1m[34mSELECT 1 AS one FROM "journee_observations" LIMIT ?[0m  [["LIMIT", 1]]
  ↳ app/views/journee_observations/index.html.erb:34
  Rendered journee_observations/index.html.erb within layouts/application (Duration: 1.0ms | Allocations: 1548)
  Rendered layout layouts/application.html.erb (Duration: 142.0ms | Allocations: 143135)
Completed 200 OK in 168ms (Views: 143.6ms | ActiveRecord: 0.9ms | Allocations: 157593)


Started GET "/resultats" for ::1 at 2026-02-12 16:51:47 +0100
Processing by ResultatsController#index as HTML
  [1m[36mJourneeObservation Pluck (0.3ms)[0m  [1m[34mSELECT "journee_observations"."date_observation" FROM "journee_observations" ORDER BY "journee_observations"."date_observation" DESC[0m
  ↳ app/controllers/resultats_controller.rb:3:in `index'
  Rendering layout layouts/application.html.erb
  Rendering resultats/index.html.erb within layouts/application
  Rendered resultats/index.html.erb within layouts/application (Duration: 1.6ms | Allocations: 1014)
  Rendered layout layouts/application.html.erb (Duration: 10.1ms | Allocations: 4158)
Completed 200 OK in 16ms (Views: 11.7ms | ActiveRecord: 0.3ms | Allocations: 5116)


Started GET "/" for ::1 at 2026-02-12 16:51:55 +0100
Processing by JourneeObservationsController#index as HTML
  [1m[36mJourneeObservation Load (0.2ms)[0m  [1m[34mSELECT "journee_observations".* FROM "journee_observations" WHERE "journee_observations"."date_observation" = ? LIMIT ?[0m  [["date_observation", "2026-02-12"], ["LIMIT", 1]]
  ↳ app/controllers/journee_observations_controller.rb:6:in `index'
  Rendering layout layouts/application.html.erb
  Rendering journee_observations/index.html.erb within layouts/application
  [1m[36mJourneeObservation Exists? (0.1ms)[0m  [1m[34mSELECT 1 AS one FROM "journee_observations" LIMIT ?[0m  [["LIMIT", 1]]
  ↳ app/views/journee_observations/index.html.erb:34
  Rendered journee_observations/index.html.erb within layouts/application (Duration: 1.2ms | Allocations: 462)
  Rendered layout layouts/application.html.erb (Duration: 4.6ms | Allocations: 2618)
Completed 200 OK in 8ms (Views: 5.2ms | ActiveRecord: 0.3ms | Allocations: 3297)


Started GET "/journee_observations/new" for ::1 at 2026-02-12 16:51:56 +0100
Processing by JourneeObservationsController#new as HTML
  Rendering layout layouts/application.html.erb
  Rendering journee_observations/new.html.erb within layouts/application
  Rendered journee_observations/_form.html.erb (Duration: 9.8ms | Allocations: 2203)
  Rendered journee_observations/new.html.erb within layouts/application (Duration: 14.3ms | Allocations: 2578)
  Rendered layout layouts/application.html.erb (Duration: 18.9ms | Allocations: 4417)
Completed 200 OK in 59ms (Views: 19.4ms | ActiveRecord: 1.1ms | Allocations: 9782)


Started GET "/journee_observations" for ::1 at 2026-02-12 16:52:08 +0100
Processing by JourneeObservationsController#index as HTML
  [1m[36mJourneeObservation Load (0.2ms)[0m  [1m[34mSELECT "journee_observations".* FROM "journee_observations" WHERE "journee_observations"."date_observation" = ? LIMIT ?[0m  [["date_observation", "2026-02-12"], ["LIMIT", 1]]
  ↳ app/controllers/journee_observations_controller.rb:6:in `index'
  Rendering layout layouts/application.html.erb
  Rendering journee_observations/index.html.erb within layouts/application
  [1m[36mJourneeObservation Exists? (0.2ms)[0m  [1m[34mSELECT 1 AS one FROM "journee_observations" LIMIT ?[0m  [["LIMIT", 1]]
  ↳ app/views/journee_observations/index.html.erb:34
  Rendered journee_observations/index.html.erb within layouts/application (Duration: 1.4ms | Allocations: 459)
  Rendered layout layouts/application.html.erb (Duration: 5.1ms | Allocations: 2607)
Completed 200 OK in 10ms (Views: 6.8ms | ActiveRecord: 0.4ms | Allocations: 3274)


Started GET "/resultats" for ::1 at 2026-02-12 16:52:11 +0100
Processing by ResultatsController#index as HTML
  [1m[36mJourneeObservation Pluck (0.1ms)[0m  [1m[34mSELECT "journee_observations"."date_observation" FROM "journee_observations" ORDER BY "journee_observations"."date_observation" DESC[0m
  ↳ app/controllers/resultats_controller.rb:3:in `index'
  Rendering layout layouts/application.html.erb
  Rendering resultats/index.html.erb within layouts/application
  Rendered resultats/index.html.erb within layouts/application (Duration: 0.2ms | Allocations: 49)
  Rendered layout layouts/application.html.erb (Duration: 4.2ms | Allocations: 2205)
Completed 200 OK in 7ms (Views: 4.8ms | ActiveRecord: 0.1ms | Allocations: 2860)


Started GET "/resultats" for ::1 at 2026-02-12 16:52:18 +0100
Processing by ResultatsController#index as HTML
  [1m[36mJourneeObservation Pluck (0.1ms)[0m  [1m[34mSELECT "journee_observations"."date_observation" FROM "journee_observations" ORDER BY "journee_observations"."date_observation" DESC[0m
  ↳ app/controllers/resultats_controller.rb:3:in `index'
  Rendering layout layouts/application.html.erb
  Rendering resultats/index.html.erb within layouts/application
  Rendered resultats/index.html.erb within layouts/application (Duration: 0.2ms | Allocations: 49)
  Rendered layout layouts/application.html.erb (Duration: 3.7ms | Allocations: 2213)
Completed 200 OK in 6ms (Views: 4.3ms | ActiveRecord: 0.1ms | Allocations: 2853)


Started GET "/" for ::1 at 2026-02-12 16:52:19 +0100
Processing by JourneeObservationsController#index as HTML
  [1m[36mJourneeObservation Load (0.2ms)[0m  [1m[34mSELECT "journee_observations".* FROM "journee_observations" WHERE "journee_observations"."date_observation" = ? LIMIT ?[0m  [["date_observation", "2026-02-12"], ["LIMIT", 1]]
  ↳ app/controllers/journee_observations_controller.rb:6:in `index'
  Rendering layout layouts/application.html.erb
  Rendering journee_observations/index.html.erb within layouts/application
  [1m[36mJourneeObservation Exists? (0.2ms)[0m  [1m[34mSELECT 1 AS one FROM "journee_observations" LIMIT ?[0m  [["LIMIT", 1]]
  ↳ app/views/journee_observations/index.html.erb:34
  Rendered journee_observations/index.html.erb within layouts/application (Duration: 1.4ms | Allocations: 459)
  Rendered layout layouts/application.html.erb (Duration: 5.5ms | Allocations: 2606)
Completed 200 OK in 9ms (Views: 6.0ms | ActiveRecord: 0.4ms | Allocations: 3272)


Started GET "/" for ::1 at 2026-02-12 16:52:24 +0100
Processing by JourneeObservationsController#index as HTML
  [1m[36mJourneeObservation Load (0.1ms)[0m  [1m[34mSELECT "journee_observations".* FROM "journee_observations" WHERE "journee_observations"."date_observation" = ? LIMIT ?[0m  [["date_observation", "2026-02-12"], ["LIMIT", 1]]
  ↳ app/controllers/journee_observations_controller.rb:6:in `index'
  Rendering layout layouts/application.html.erb
  Rendering journee_observations/index.html.erb within layouts/application
  [1m[36mJourneeObservation Exists? (0.1ms)[0m  [1m[34mSELECT 1 AS one FROM "journee_observations" LIMIT ?[0m  [["LIMIT", 1]]
  ↳ app/views/journee_observations/index.html.erb:34
  Rendered journee_observations/index.html.erb within layouts/application (Duration: 0.8ms | Allocations: 459)
  Rendered layout layouts/application.html.erb (Duration: 3.4ms | Allocations: 2603)
Completed 200 OK in 6ms (Views: 3.8ms | ActiveRecord: 0.2ms | Allocations: 3269)


Started GET "/journee_observations/new" for ::1 at 2026-02-12 16:53:12 +0100
Processing by JourneeObservationsController#new as HTML
  Rendering layout layouts/application.html.erb
  Rendering journee_observations/new.html.erb within layouts/application
  Rendered journee_observations/_form.html.erb (Duration: 2.3ms | Allocations: 847)
  Rendered journee_observations/new.html.erb within layouts/application (Duration: 2.7ms | Allocations: 940)
  Rendered layout layouts/application.html.erb (Duration: 5.7ms | Allocations: 2769)
Completed 200 OK in 8ms (Views: 6.5ms | ActiveRecord: 0.0ms | Allocations: 3047)


Started POST "/journee_observations" for ::1 at 2026-02-12 16:53:49 +0100
Processing by JourneeObservationsController#create as TURBO_STREAM
  Parameters: {"authenticity_token"=>"[FILTERED]", "journee_observation"=>{"date_observation"=>"2026-02-12", "heure_lever"=>"06:56", "heure_coucher"=>""}, "commit"=>"Create Journee observation"}
  [1m[36mTRANSACTION (0.1ms)[0m  [1m[36mbegin transaction[0m
  ↳ app/controllers/journee_observations_controller.rb:19:in `create'
  [1m[36mJourneeObservation Exists? (1.5ms)[0m  [1m[34mSELECT 1 AS one FROM "journee_observations" WHERE "journee_observations"."date_observation" = ? LIMIT ?[0m  [["date_observation", "2026-02-12"], ["LIMIT", 1]]
  ↳ app/controllers/journee_observations_controller.rb:19:in `create'
  [1m[36mJourneeObservation Create (0.3ms)[0m  [1m[32mINSERT INTO "journee_observations" ("date_observation", "heure_lever", "heure_coucher", "created_at", "updated_at") VALUES (?, ?, ?, ?, ?) RETURNING "id"[0m  [["date_observation", "2026-02-12"], ["heure_lever", "2000-01-01 06:56:00"], ["heure_coucher", nil], ["created_at", "2026-02-12 15:53:49.189946"], ["updated_at", "2026-02-12 15:53:49.189946"]]
  ↳ app/controllers/journee_observations_controller.rb:19:in `create'
  [1m[36mTRANSACTION (0.7ms)[0m  [1m[36mcommit transaction[0m
  ↳ app/controllers/journee_observations_controller.rb:19:in `create'
Redirected to http://localhost:3000/journee_observations/2
Completed 302 Found in 10ms (ActiveRecord: 2.5ms | Allocations: 4526)


Started GET "/journee_observations/2" for ::1 at 2026-02-12 16:53:49 +0100
Processing by JourneeObservationsController#show as TURBO_STREAM
  Parameters: {"id"=>"2"}
  [1m[36mJourneeObservation Load (0.2ms)[0m  [1m[34mSELECT "journee_observations".* FROM "journee_observations" WHERE "journee_observations"."id" = ? LIMIT ?[0m  [["id", 2], ["LIMIT", 1]]
  ↳ app/controllers/journee_observations_controller.rb:45:in `set_journee_observation'
  Rendering layout layouts/application.html.erb
  Rendering journee_observations/show.html.erb within layouts/application
  [1m[36mEntree Load (0.3ms)[0m  [1m[34mSELECT "entrees".* FROM "entrees" WHERE "entrees"."journee_observation_id" = ? ORDER BY "entrees"."heure" ASC[0m  [["journee_observation_id", 2]]
  ↳ app/views/journee_observations/show.html.erb:57
  [1m[36mEntree Sum (0.1ms)[0m  [1m[34mSELECT SUM("entrees"."volume_boisson") FROM "entrees" WHERE "entrees"."journee_observation_id" = ?[0m  [["journee_observation_id", 2]]
  ↳ app/models/journee_observation.rb:9:in `total_boissons'
  [1m[36mEntree Sum (0.0ms)[0m  [1m[34mSELECT SUM("entrees"."volume_urine") FROM "entrees" WHERE "entrees"."journee_observation_id" = ?[0m  [["journee_observation_id", 2]]
  ↳ app/models/journee_observation.rb:13:in `total_urine'
  Rendered entrees/_form.html.erb (Duration: 2.4ms | Allocations: 2317)
  Rendered journee_observations/show.html.erb within layouts/application (Duration: 5.3ms | Allocations: 5011)
  Rendered layout layouts/application.html.erb (Duration: 6.4ms | Allocations: 6841)
Completed 200 OK in 21ms (Views: 6.4ms | ActiveRecord: 0.7ms | Allocations: 18460)


Started POST "/journee_observations/2/entrees" for ::1 at 2026-02-12 16:54:37 +0100
Processing by EntreesController#create as TURBO_STREAM
  Parameters: {"authenticity_token"=>"[FILTERED]", "entree"=>{"heure"=>"06:56", "volume_boisson"=>"200", "volume_urine"=>"", "urgenturies"=>"", "fuites"=>"", "commentaires"=>""}, "commit"=>"Ajouter", "journee_observation_id"=>"2"}
  [1m[36mJourneeObservation Load (0.2ms)[0m  [1m[34mSELECT "journee_observations".* FROM "journee_observations" WHERE "journee_observations"."id" = ? LIMIT ?[0m  [["id", 2], ["LIMIT", 1]]
  ↳ app/controllers/entrees_controller.rb:37:in `set_journee_observation'
  [1m[36mTRANSACTION (0.1ms)[0m  [1m[36mbegin transaction[0m
  ↳ app/controllers/entrees_controller.rb:11:in `create'
  [1m[36mEntree Create (0.8ms)[0m  [1m[32mINSERT INTO "entrees" ("journee_observation_id", "heure", "volume_boisson", "volume_urine", "urgenturies", "fuites", "commentaires", "created_at", "updated_at") VALUES (?, ?, ?, ?, ?, ?, ?, ?, ?) RETURNING "id"[0m  [["journee_observation_id", 2], ["heure", "2000-01-01 06:56:00"], ["volume_boisson", 200], ["volume_urine", nil], ["urgenturies", ""], ["fuites", ""], ["commentaires", ""], ["created_at", "2026-02-12 15:54:37.903174"], ["updated_at", "2026-02-12 15:54:37.903174"]]
  ↳ app/controllers/entrees_controller.rb:11:in `create'
  [1m[36mTRANSACTION (0.1ms)[0m  [1m[36mcommit transaction[0m
  ↳ app/controllers/entrees_controller.rb:11:in `create'
Redirected to http://localhost:3000/journee_observations/2
Completed 302 Found in 8ms (ActiveRecord: 1.2ms | Allocations: 3257)


Started GET "/journee_observations/2" for ::1 at 2026-02-12 16:54:37 +0100
Processing by JourneeObservationsController#show as TURBO_STREAM
  Parameters: {"id"=>"2"}
  [1m[36mJourneeObservation Load (0.1ms)[0m  [1m[34mSELECT "journee_observations".* FROM "journee_observations" WHERE "journee_observations"."id" = ? LIMIT ?[0m  [["id", 2], ["LIMIT", 1]]
  ↳ app/controllers/journee_observations_controller.rb:45:in `set_journee_observation'
  Rendering layout layouts/application.html.erb
  Rendering journee_observations/show.html.erb within layouts/application
  [1m[36mEntree Load (0.0ms)[0m  [1m[34mSELECT "entrees".* FROM "entrees" WHERE "entrees"."journee_observation_id" = ? ORDER BY "entrees"."heure" ASC[0m  [["journee_observation_id", 2]]
  ↳ app/views/journee_observations/show.html.erb:57
  [1m[36mEntree Sum (0.0ms)[0m  [1m[34mSELECT SUM("entrees"."volume_boisson") FROM "entrees" WHERE "entrees"."journee_observation_id" = ?[0m  [["journee_observation_id", 2]]
  ↳ app/models/journee_observation.rb:9:in `total_boissons'
  [1m[36mEntree Sum (0.0ms)[0m  [1m[34mSELECT SUM("entrees"."volume_urine") FROM "entrees" WHERE "entrees"."journee_observation_id" = ?[0m  [["journee_observation_id", 2]]
  ↳ app/models/journee_observation.rb:13:in `total_urine'
  Rendered entrees/_form.html.erb (Duration: 1.0ms | Allocations: 1138)
  Rendered journee_observations/show.html.erb within layouts/application (Duration: 3.2ms | Allocations: 2922)
  Rendered layout layouts/application.html.erb (Duration: 4.8ms | Allocations: 4750)
Completed 200 OK in 7ms (Views: 5.1ms | ActiveRecord: 0.2ms | Allocations: 5568)


Started DELETE "/journee_observations/2/entrees/2?_method=delete" for ::1 at 2026-02-12 16:54:46 +0100
Processing by EntreesController#destroy as TURBO_STREAM
  Parameters: {"journee_observation_id"=>"2", "id"=>"2"}
  [1m[36mJourneeObservation Load (0.2ms)[0m  [1m[34mSELECT "journee_observations".* FROM "journee_observations" WHERE "journee_observations"."id" = ? LIMIT ?[0m  [["id", 2], ["LIMIT", 1]]
  ↳ app/controllers/entrees_controller.rb:37:in `set_journee_observation'
  [1m[36mEntree Load (0.2ms)[0m  [1m[34mSELECT "entrees".* FROM "entrees" WHERE "entrees"."journee_observation_id" = ? AND "entrees"."id" = ? LIMIT ?[0m  [["journee_observation_id", 2], ["id", 2], ["LIMIT", 1]]
  ↳ app/controllers/entrees_controller.rb:41:in `set_entree'
  [1m[36mTRANSACTION (0.1ms)[0m  [1m[36mbegin transaction[0m
  ↳ app/controllers/entrees_controller.rb:30:in `destroy'
  [1m[36mEntree Destroy (0.7ms)[0m  [1m[31mDELETE FROM "entrees" WHERE "entrees"."id" = ?[0m  [["id", 2]]
  ↳ app/controllers/entrees_controller.rb:30:in `destroy'
  [1m[36mTRANSACTION (0.1ms)[0m  [1m[36mcommit transaction[0m
  ↳ app/controllers/entrees_controller.rb:30:in `destroy'
Redirected to http://localhost:3000/journee_observations/2
Completed 302 Found in 7ms (ActiveRecord: 1.2ms | Allocations: 2918)


Started GET "/journee_observations/2" for ::1 at 2026-02-12 16:54:46 +0100
Processing by JourneeObservationsController#show as TURBO_STREAM
  Parameters: {"id"=>"2"}
  [1m[36mJourneeObservation Load (0.2ms)[0m  [1m[34mSELECT "journee_observations".* FROM "journee_observations" WHERE "journee_observations"."id" = ? LIMIT ?[0m  [["id", 2], ["LIMIT", 1]]
  ↳ app/controllers/journee_observations_controller.rb:45:in `set_journee_observation'
  Rendering layout layouts/application.html.erb
  Rendering journee_observations/show.html.erb within layouts/application
  [1m[36mEntree Load (0.1ms)[0m  [1m[34mSELECT "entrees".* FROM "entrees" WHERE "entrees"."journee_observation_id" = ? ORDER BY "entrees"."heure" ASC[0m  [["journee_observation_id", 2]]
  ↳ app/views/journee_observations/show.html.erb:57
  [1m[36mEntree Sum (0.0ms)[0m  [1m[34mSELECT SUM("entrees"."volume_boisson") FROM "entrees" WHERE "entrees"."journee_observation_id" = ?[0m  [["journee_observation_id", 2]]
  ↳ app/models/journee_observation.rb:9:in `total_boissons'
  [1m[36mEntree Sum (0.0ms)[0m  [1m[34mSELECT SUM("entrees"."volume_urine") FROM "entrees" WHERE "entrees"."journee_observation_id" = ?[0m  [["journee_observation_id", 2]]
  ↳ app/models/journee_observation.rb:13:in `total_urine'
  Rendered entrees/_form.html.erb (Duration: 1.7ms | Allocations: 1137)
  Rendered journee_observations/show.html.erb within layouts/application (Duration: 4.4ms | Allocations: 2733)
  Rendered layout layouts/application.html.erb (Duration: 6.6ms | Allocations: 4561)
Completed 200 OK in 10ms (Views: 7.0ms | ActiveRecord: 0.3ms | Allocations: 5377)


Started GET "/resultats" for ::1 at 2026-02-12 16:54:51 +0100
Processing by ResultatsController#index as HTML
  [1m[36mJourneeObservation Pluck (0.2ms)[0m  [1m[34mSELECT "journee_observations"."date_observation" FROM "journee_observations" ORDER BY "journee_observations"."date_observation" DESC[0m
  ↳ app/controllers/resultats_controller.rb:3:in `index'
  Rendering layout layouts/application.html.erb
  Rendering resultats/index.html.erb within layouts/application
  Rendered resultats/index.html.erb within layouts/application (Duration: 0.5ms | Allocations: 162)
  Rendered layout layouts/application.html.erb (Duration: 3.9ms | Allocations: 2305)
Completed 200 OK in 7ms (Views: 4.5ms | ActiveRecord: 0.1ms | Allocations: 2956)


Started GET "/resultats?commit=Afficher+les+resultats" for ::1 at 2026-02-12 16:54:55 +0100
Processing by ResultatsController#index as HTML
  Parameters: {"commit"=>"Afficher les resultats"}
  [1m[36mJourneeObservation Pluck (0.1ms)[0m  [1m[34mSELECT "journee_observations"."date_observation" FROM "journee_observations" ORDER BY "journee_observations"."date_observation" DESC[0m
  ↳ app/controllers/resultats_controller.rb:3:in `index'
  Rendering layout layouts/application.html.erb
  Rendering resultats/index.html.erb within layouts/application
  Rendered resultats/index.html.erb within layouts/application (Duration: 0.5ms | Allocations: 150)
  Rendered layout layouts/application.html.erb (Duration: 3.9ms | Allocations: 2293)
Completed 200 OK in 7ms (Views: 4.5ms | ActiveRecord: 0.1ms | Allocations: 2941)


Started GET "/" for ::1 at 2026-02-12 16:54:56 +0100
Processing by JourneeObservationsController#index as HTML
  [1m[36mJourneeObservation Load (0.2ms)[0m  [1m[34mSELECT "journee_observations".* FROM "journee_observations" WHERE "journee_observations"."date_observation" = ? LIMIT ?[0m  [["date_observation", "2026-02-12"], ["LIMIT", 1]]
  ↳ app/controllers/journee_observations_controller.rb:6:in `index'
  Rendering layout layouts/application.html.erb
  Rendering journee_observations/index.html.erb within layouts/application
  [1m[36mJourneeObservation Exists? (0.2ms)[0m  [1m[34mSELECT 1 AS one FROM "journee_observations" LIMIT ?[0m  [["LIMIT", 1]]
  ↳ app/views/journee_observations/index.html.erb:34
  [1m[36mJourneeObservation Load (0.2ms)[0m  [1m[34mSELECT "journee_observations".* FROM "journee_observations" ORDER BY "journee_observations"."date_observation" DESC[0m
  ↳ app/views/journee_observations/index.html.erb:41
  [1m[36mEntree Count (0.1ms)[0m  [1m[34mSELECT COUNT(*) FROM "entrees" WHERE "entrees"."journee_observation_id" = ?[0m  [["journee_observation_id", 2]]
  ↳ app/views/journee_observations/index.html.erb:66
  Rendered journee_observations/index.html.erb within layouts/application (Duration: 15.4ms | Allocations: 1717)
  Rendered layout layouts/application.html.erb (Duration: 19.5ms | Allocations: 3895)
Completed 200 OK in 23ms (Views: 19.6ms | ActiveRecord: 0.7ms | Allocations: 4572)


Started GET "/journee_observations/2" for ::1 at 2026-02-12 16:55:06 +0100
Processing by JourneeObservationsController#show as HTML
  Parameters: {"id"=>"2"}
  [1m[36mJourneeObservation Load (0.2ms)[0m  [1m[34mSELECT "journee_observations".* FROM "journee_observations" WHERE "journee_observations"."id" = ? LIMIT ?[0m  [["id", 2], ["LIMIT", 1]]
  ↳ app/controllers/journee_observations_controller.rb:45:in `set_journee_observation'
  Rendering layout layouts/application.html.erb
  Rendering journee_observations/show.html.erb within layouts/application
  [1m[36mEntree Load (0.1ms)[0m  [1m[34mSELECT "entrees".* FROM "entrees" WHERE "entrees"."journee_observation_id" = ? ORDER BY "entrees"."heure" ASC[0m  [["journee_observation_id", 2]]
  ↳ app/views/journee_observations/show.html.erb:57
  [1m[36mEntree Sum (0.0ms)[0m  [1m[34mSELECT SUM("entrees"."volume_boisson") FROM "entrees" WHERE "entrees"."journee_observation_id" = ?[0m  [["journee_observation_id", 2]]
  ↳ app/models/journee_observation.rb:9:in `total_boissons'
  [1m[36mEntree Sum (0.0ms)[0m  [1m[34mSELECT SUM("entrees"."volume_urine") FROM "entrees" WHERE "entrees"."journee_observation_id" = ?[0m  [["journee_observation_id", 2]]
  ↳ app/models/journee_observation.rb:13:in `total_urine'
  Rendered entrees/_form.html.erb (Duration: 1.7ms | Allocations: 1124)
  Rendered journee_observations/show.html.erb within layouts/application (Duration: 6.0ms | Allocations: 2720)
  Rendered layout layouts/application.html.erb (Duration: 9.4ms | Allocations: 4555)
Completed 200 OK in 13ms (Views: 10.0ms | ActiveRecord: 0.4ms | Allocations: 5370)


Started GET "/journee_observations/2/edit" for ::1 at 2026-02-12 16:55:11 +0100
Processing by JourneeObservationsController#edit as HTML
  Parameters: {"id"=>"2"}
  [1m[36mJourneeObservation Load (0.2ms)[0m  [1m[34mSELECT "journee_observations".* FROM "journee_observations" WHERE "journee_observations"."id" = ? LIMIT ?[0m  [["id", 2], ["LIMIT", 1]]
  ↳ app/controllers/journee_observations_controller.rb:45:in `set_journee_observation'
  Rendering layout layouts/application.html.erb
  Rendering journee_observations/edit.html.erb within layouts/application
  Rendered journee_observations/_form.html.erb (Duration: 1.8ms | Allocations: 925)
  Rendered journee_observations/edit.html.erb within layouts/application (Duration: 2.9ms | Allocations: 1229)
  Rendered layout layouts/application.html.erb (Duration: 5.9ms | Allocations: 3053)
Completed 200 OK in 10ms (Views: 6.6ms | ActiveRecord: 0.2ms | Allocations: 3730)


Started PATCH "/journee_observations/2" for ::1 at 2026-02-12 16:55:14 +0100
Processing by JourneeObservationsController#update as TURBO_STREAM
  Parameters: {"authenticity_token"=>"[FILTERED]", "journee_observation"=>{"date_observation"=>"2026-02-12", "heure_lever"=>"06:56:00.000", "heure_coucher"=>""}, "commit"=>"Update Journee observation", "id"=>"2"}
  [1m[36mJourneeObservation Load (0.2ms)[0m  [1m[34mSELECT "journee_observations".* FROM "journee_observations" WHERE "journee_observations"."id" = ? LIMIT ?[0m  [["id", 2], ["LIMIT", 1]]
  ↳ app/controllers/journee_observations_controller.rb:45:in `set_journee_observation'
  [1m[36mTRANSACTION (0.1ms)[0m  [1m[36mbegin transaction[0m
  ↳ app/controllers/journee_observations_controller.rb:30:in `update'
  [1m[36mJourneeObservation Exists? (0.4ms)[0m  [1m[34mSELECT 1 AS one FROM "journee_observations" WHERE "journee_observations"."date_observation" = ? AND "journee_observations"."id" != ? LIMIT ?[0m  [["date_observation", "2026-02-12"], ["id", 2], ["LIMIT", 1]]
  ↳ app/controllers/journee_observations_controller.rb:30:in `update'
  [1m[36mTRANSACTION (0.1ms)[0m  [1m[36mcommit transaction[0m
  ↳ app/controllers/journee_observations_controller.rb:30:in `update'
Redirected to http://localhost:3000/journee_observations/2
Completed 302 Found in 8ms (ActiveRecord: 1.6ms | Allocations: 3102)


Started GET "/journee_observations/2" for ::1 at 2026-02-12 16:55:14 +0100
Processing by JourneeObservationsController#show as TURBO_STREAM
  Parameters: {"id"=>"2"}
  [1m[36mJourneeObservation Load (0.2ms)[0m  [1m[34mSELECT "journee_observations".* FROM "journee_observations" WHERE "journee_observations"."id" = ? LIMIT ?[0m  [["id", 2], ["LIMIT", 1]]
  ↳ app/controllers/journee_observations_controller.rb:45:in `set_journee_observation'
  Rendering layout layouts/application.html.erb
  Rendering journee_observations/show.html.erb within layouts/application
  [1m[36mEntree Load (0.1ms)[0m  [1m[34mSELECT "entrees".* FROM "entrees" WHERE "entrees"."journee_observation_id" = ? ORDER BY "entrees"."heure" ASC[0m  [["journee_observation_id", 2]]
  ↳ app/views/journee_observations/show.html.erb:57
  [1m[36mEntree Sum (0.1ms)[0m  [1m[34mSELECT SUM("entrees"."volume_boisson") FROM "entrees" WHERE "entrees"."journee_observation_id" = ?[0m  [["journee_observation_id", 2]]
  ↳ app/models/journee_observation.rb:9:in `total_boissons'
  [1m[36mEntree Sum (0.1ms)[0m  [1m[34mSELECT SUM("entrees"."volume_urine") FROM "entrees" WHERE "entrees"."journee_observation_id" = ?[0m  [["journee_observation_id", 2]]
  ↳ app/models/journee_observation.rb:13:in `total_urine'
  Rendered entrees/_form.html.erb (Duration: 1.4ms | Allocations: 1132)
  Rendered journee_observations/show.html.erb within layouts/application (Duration: 5.3ms | Allocations: 2728)
  Rendered layout layouts/application.html.erb (Duration: 7.5ms | Allocations: 4556)
Completed 200 OK in 11ms (Views: 7.8ms | ActiveRecord: 0.4ms | Allocations: 5372)


Started GET "/journee_observations" for ::1 at 2026-02-12 16:55:23 +0100
Processing by JourneeObservationsController#index as HTML
  [1m[36mJourneeObservation Load (0.2ms)[0m  [1m[34mSELECT "journee_observations".* FROM "journee_observations" WHERE "journee_observations"."date_observation" = ? LIMIT ?[0m  [["date_observation", "2026-02-12"], ["LIMIT", 1]]
  ↳ app/controllers/journee_observations_controller.rb:6:in `index'
  Rendering layout layouts/application.html.erb
  Rendering journee_observations/index.html.erb within layouts/application
  [1m[36mJourneeObservation Exists? (0.2ms)[0m  [1m[34mSELECT 1 AS one FROM "journee_observations" LIMIT ?[0m  [["LIMIT", 1]]
  ↳ app/views/journee_observations/index.html.erb:34
  [1m[36mJourneeObservation Load (0.1ms)[0m  [1m[34mSELECT "journee_observations".* FROM "journee_observations" ORDER BY "journee_observations"."date_observation" DESC[0m
  ↳ app/views/journee_observations/index.html.erb:41
  [1m[36mEntree Count (0.1ms)[0m  [1m[34mSELECT COUNT(*) FROM "entrees" WHERE "entrees"."journee_observation_id" = ?[0m  [["journee_observation_id", 2]]
  ↳ app/views/journee_observations/index.html.erb:66
  Rendered journee_observations/index.html.erb within layouts/application (Duration: 4.6ms | Allocations: 1643)
  Rendered layout layouts/application.html.erb (Duration: 8.5ms | Allocations: 3785)
Completed 200 OK in 12ms (Views: 8.8ms | ActiveRecord: 0.6ms | Allocations: 4462)


Started GET "/journee_observations/2/edit" for ::1 at 2026-02-12 16:55:24 +0100
Processing by JourneeObservationsController#edit as HTML
  Parameters: {"id"=>"2"}
  [1m[36mJourneeObservation Load (0.2ms)[0m  [1m[34mSELECT "journee_observations".* FROM "journee_observations" WHERE "journee_observations"."id" = ? LIMIT ?[0m  [["id", 2], ["LIMIT", 1]]
  ↳ app/controllers/journee_observations_controller.rb:45:in `set_journee_observation'
  Rendering layout layouts/application.html.erb
  Rendering journee_observations/edit.html.erb within layouts/application
  Rendered journee_observations/_form.html.erb (Duration: 2.5ms | Allocations: 884)
  Rendered journee_observations/edit.html.erb within layouts/application (Duration: 2.8ms | Allocations: 991)
  Rendered layout layouts/application.html.erb (Duration: 5.3ms | Allocations: 2815)
Completed 200 OK in 8ms (Views: 5.9ms | ActiveRecord: 0.2ms | Allocations: 3432)


Started DELETE "/journee_observations/2?_method=delete" for ::1 at 2026-02-12 16:55:28 +0100
Processing by JourneeObservationsController#destroy as TURBO_STREAM
  Parameters: {"id"=>"2"}
  [1m[36mJourneeObservation Load (0.2ms)[0m  [1m[34mSELECT "journee_observations".* FROM "journee_observations" WHERE "journee_observations"."id" = ? LIMIT ?[0m  [["id", 2], ["LIMIT", 1]]
  ↳ app/controllers/journee_observations_controller.rb:45:in `set_journee_observation'
  [1m[36mTRANSACTION (0.1ms)[0m  [1m[36mbegin transaction[0m
  ↳ app/controllers/journee_observations_controller.rb:38:in `destroy'
  [1m[36mEntree Load (1.1ms)[0m  [1m[34mSELECT "entrees".* FROM "entrees" WHERE "entrees"."journee_observation_id" = ?[0m  [["journee_observation_id", 2]]
  ↳ app/controllers/journee_observations_controller.rb:38:in `destroy'
  [1m[36mJourneeObservation Destroy (0.1ms)[0m  [1m[31mDELETE FROM "journee_observations" WHERE "journee_observations"."id" = ?[0m  [["id", 2]]
  ↳ app/controllers/journee_observations_controller.rb:38:in `destroy'
  [1m[36mTRANSACTION (1.1ms)[0m  [1m[36mcommit transaction[0m
  ↳ app/controllers/journee_observations_controller.rb:38:in `destroy'
Redirected to http://localhost:3000/journee_observations
Completed 302 Found in 9ms (ActiveRecord: 2.6ms | Allocations: 3654)


Started GET "/journee_observations" for ::1 at 2026-02-12 16:55:28 +0100
Processing by JourneeObservationsController#index as TURBO_STREAM
  [1m[36mJourneeObservation Load (0.2ms)[0m  [1m[34mSELECT "journee_observations".* FROM "journee_observations" WHERE "journee_observations"."date_observation" = ? LIMIT ?[0m  [["date_observation", "2026-02-12"], ["LIMIT", 1]]
  ↳ app/controllers/journee_observations_controller.rb:6:in `index'
  Rendering layout layouts/application.html.erb
  Rendering journee_observations/index.html.erb within layouts/application
  [1m[36mJourneeObservation Exists? (0.1ms)[0m  [1m[34mSELECT 1 AS one FROM "journee_observations" LIMIT ?[0m  [["LIMIT", 1]]
  ↳ app/views/journee_observations/index.html.erb:34
  Rendered journee_observations/index.html.erb within layouts/application (Duration: 1.3ms | Allocations: 459)
  Rendered layout layouts/application.html.erb (Duration: 4.2ms | Allocations: 2617)
Completed 200 OK in 7ms (Views: 4.6ms | ActiveRecord: 0.3ms | Allocations: 3285)


Started GET "/resultats" for ::1 at 2026-02-12 16:55:35 +0100
Processing by ResultatsController#index as HTML
  [1m[36mJourneeObservation Pluck (0.1ms)[0m  [1m[34mSELECT "journee_observations"."date_observation" FROM "journee_observations" ORDER BY "journee_observations"."date_observation" DESC[0m
  ↳ app/controllers/resultats_controller.rb:3:in `index'
  Rendering layout layouts/application.html.erb
  Rendering resultats/index.html.erb within layouts/application
  Rendered resultats/index.html.erb within layouts/application (Duration: 0.3ms | Allocations: 49)
  Rendered layout layouts/application.html.erb (Duration: 3.9ms | Allocations: 2198)
Completed 200 OK in 7ms (Views: 4.5ms | ActiveRecord: 0.1ms | Allocations: 2841)


Started GET "/resultats" for ::1 at 2026-02-12 16:55:35 +0100
Processing by ResultatsController#index as HTML
  [1m[36mJourneeObservation Pluck (0.1ms)[0m  [1m[34mSELECT "journee_observations"."date_observation" FROM "journee_observations" ORDER BY "journee_observations"."date_observation" DESC[0m
  ↳ app/controllers/resultats_controller.rb:3:in `index'
  Rendering layout layouts/application.html.erb
  Rendering resultats/index.html.erb within layouts/application
  Rendered resultats/index.html.erb within layouts/application (Duration: 0.3ms | Allocations: 49)
  Rendered layout layouts/application.html.erb (Duration: 4.2ms | Allocations: 2195)
Completed 200 OK in 7ms (Views: 5.0ms | ActiveRecord: 0.1ms | Allocations: 2835)


Started GET "/" for ::1 at 2026-02-12 16:55:40 +0100
Processing by JourneeObservationsController#index as HTML
  [1m[36mJourneeObservation Load (0.2ms)[0m  [1m[34mSELECT "journee_observations".* FROM "journee_observations" WHERE "journee_observations"."date_observation" = ? LIMIT ?[0m  [["date_observation", "2026-02-12"], ["LIMIT", 1]]
  ↳ app/controllers/journee_observations_controller.rb:6:in `index'
  Rendering layout layouts/application.html.erb
  Rendering journee_observations/index.html.erb within layouts/application
  [1m[36mJourneeObservation Exists? (0.1ms)[0m  [1m[34mSELECT 1 AS one FROM "journee_observations" LIMIT ?[0m  [["LIMIT", 1]]
  ↳ app/views/journee_observations/index.html.erb:34
  Rendered journee_observations/index.html.erb within layouts/application (Duration: 1.3ms | Allocations: 459)
  Rendered layout layouts/application.html.erb (Duration: 5.3ms | Allocations: 2630)
Completed 200 OK in 8ms (Views: 5.8ms | ActiveRecord: 0.3ms | Allocations: 3295)


Started GET "/journee_observations/new" for ::1 at 2026-02-12 16:55:42 +0100
Processing by JourneeObservationsController#new as HTML
  Rendering layout layouts/application.html.erb
  Rendering journee_observations/new.html.erb within layouts/application
  Rendered journee_observations/_form.html.erb (Duration: 1.5ms | Allocations: 865)
  Rendered journee_observations/new.html.erb within layouts/application (Duration: 1.9ms | Allocations: 958)
  Rendered layout layouts/application.html.erb (Duration: 4.5ms | Allocations: 2786)
Completed 200 OK in 6ms (Views: 5.1ms | ActiveRecord: 0.0ms | Allocations: 3064)


Started POST "/journee_observations" for ::1 at 2026-02-12 16:55:58 +0100
Processing by JourneeObservationsController#create as TURBO_STREAM
  Parameters: {"authenticity_token"=>"[FILTERED]", "journee_observation"=>{"date_observation"=>"2026-02-12", "heure_lever"=>"05:58", "heure_coucher"=>""}, "commit"=>"Create Journee observation"}
  [1m[36mTRANSACTION (0.1ms)[0m  [1m[36mbegin transaction[0m
  ↳ app/controllers/journee_observations_controller.rb:19:in `create'
  [1m[36mJourneeObservation Exists? (1.4ms)[0m  [1m[34mSELECT 1 AS one FROM "journee_observations" WHERE "journee_observations"."date_observation" = ? LIMIT ?[0m  [["date_observation", "2026-02-12"], ["LIMIT", 1]]
  ↳ app/controllers/journee_observations_controller.rb:19:in `create'
  [1m[36mJourneeObservation Create (0.2ms)[0m  [1m[32mINSERT INTO "journee_observations" ("date_observation", "heure_lever", "heure_coucher", "created_at", "updated_at") VALUES (?, ?, ?, ?, ?) RETURNING "id"[0m  [["date_observation", "2026-02-12"], ["heure_lever", "2000-01-01 05:58:00"], ["heure_coucher", nil], ["created_at", "2026-02-12 15:55:58.870799"], ["updated_at", "2026-02-12 15:55:58.870799"]]
  ↳ app/controllers/journee_observations_controller.rb:19:in `create'
  [1m[36mTRANSACTION (0.2ms)[0m  [1m[36mcommit transaction[0m
  ↳ app/controllers/journee_observations_controller.rb:19:in `create'
Redirected to http://localhost:3000/journee_observations/3
Completed 302 Found in 8ms (ActiveRecord: 1.9ms | Allocations: 2954)


Started GET "/journee_observations/3" for ::1 at 2026-02-12 16:55:58 +0100
Processing by JourneeObservationsController#show as TURBO_STREAM
  Parameters: {"id"=>"3"}
  [1m[36mJourneeObservation Load (0.2ms)[0m  [1m[34mSELECT "journee_observations".* FROM "journee_observations" WHERE "journee_observations"."id" = ? LIMIT ?[0m  [["id", 3], ["LIMIT", 1]]
  ↳ app/controllers/journee_observations_controller.rb:45:in `set_journee_observation'
  Rendering layout layouts/application.html.erb
  Rendering journee_observations/show.html.erb within layouts/application
  [1m[36mEntree Load (0.1ms)[0m  [1m[34mSELECT "entrees".* FROM "entrees" WHERE "entrees"."journee_observation_id" = ? ORDER BY "entrees"."heure" ASC[0m  [["journee_observation_id", 3]]
  ↳ app/views/journee_observations/show.html.erb:57
  [1m[36mEntree Sum (0.0ms)[0m  [1m[34mSELECT SUM("entrees"."volume_boisson") FROM "entrees" WHERE "entrees"."journee_observation_id" = ?[0m  [["journee_observation_id", 3]]
  ↳ app/models/journee_observation.rb:9:in `total_boissons'
  [1m[36mEntree Sum (0.0ms)[0m  [1m[34mSELECT SUM("entrees"."volume_urine") FROM "entrees" WHERE "entrees"."journee_observation_id" = ?[0m  [["journee_observation_id", 3]]
  ↳ app/models/journee_observation.rb:13:in `total_urine'
  Rendered entrees/_form.html.erb (Duration: 1.5ms | Allocations: 1134)
  Rendered journee_observations/show.html.erb within layouts/application (Duration: 4.7ms | Allocations: 2730)
  Rendered layout layouts/application.html.erb (Duration: 6.8ms | Allocations: 4558)
Completed 200 OK in 10ms (Views: 7.1ms | ActiveRecord: 0.3ms | Allocations: 5374)


Started POST "/journee_observations/3/entrees" for ::1 at 2026-02-12 16:56:09 +0100
Processing by EntreesController#create as TURBO_STREAM
  Parameters: {"authenticity_token"=>"[FILTERED]", "entree"=>{"heure"=>"18:58", "volume_boisson"=>"200", "volume_urine"=>"", "urgenturies"=>"", "fuites"=>"", "commentaires"=>""}, "commit"=>"Ajouter", "journee_observation_id"=>"3"}
  [1m[36mJourneeObservation Load (0.2ms)[0m  [1m[34mSELECT "journee_observations".* FROM "journee_observations" WHERE "journee_observations"."id" = ? LIMIT ?[0m  [["id", 3], ["LIMIT", 1]]
  ↳ app/controllers/entrees_controller.rb:37:in `set_journee_observation'
  [1m[36mTRANSACTION (0.1ms)[0m  [1m[36mbegin transaction[0m
  ↳ app/controllers/entrees_controller.rb:11:in `create'
  [1m[36mEntree Create (1.2ms)[0m  [1m[32mINSERT INTO "entrees" ("journee_observation_id", "heure", "volume_boisson", "volume_urine", "urgenturies", "fuites", "commentaires", "created_at", "updated_at") VALUES (?, ?, ?, ?, ?, ?, ?, ?, ?) RETURNING "id"[0m  [["journee_observation_id", 3], ["heure", "2000-01-01 18:58:00"], ["volume_boisson", 200], ["volume_urine", nil], ["urgenturies", ""], ["fuites", ""], ["commentaires", ""], ["created_at", "2026-02-12 15:56:09.988689"], ["updated_at", "2026-02-12 15:56:09.988689"]]
  ↳ app/controllers/entrees_controller.rb:11:in `create'
  [1m[36mTRANSACTION (0.2ms)[0m  [1m[36mcommit transaction[0m
  ↳ app/controllers/entrees_controller.rb:11:in `create'
Redirected to http://localhost:3000/journee_observations/3
Completed 302 Found in 8ms (ActiveRecord: 1.6ms | Allocations: 2783)


Started GET "/journee_observations/3" for ::1 at 2026-02-12 16:56:09 +0100
Processing by JourneeObservationsController#show as TURBO_STREAM
  Parameters: {"id"=>"3"}
  [1m[36mJourneeObservation Load (0.2ms)[0m  [1m[34mSELECT "journee_observations".* FROM "journee_observations" WHERE "journee_observations"."id" = ? LIMIT ?[0m  [["id", 3], ["LIMIT", 1]]
  ↳ app/controllers/journee_observations_controller.rb:45:in `set_journee_observation'
  Rendering layout layouts/application.html.erb
  Rendering journee_observations/show.html.erb within layouts/application
  [1m[36mEntree Load (0.1ms)[0m  [1m[34mSELECT "entrees".* FROM "entrees" WHERE "entrees"."journee_observation_id" = ? ORDER BY "entrees"."heure" ASC[0m  [["journee_observation_id", 3]]
  ↳ app/views/journee_observations/show.html.erb:57
  [1m[36mEntree Sum (0.1ms)[0m  [1m[34mSELECT SUM("entrees"."volume_boisson") FROM "entrees" WHERE "entrees"."journee_observation_id" = ?[0m  [["journee_observation_id", 3]]
  ↳ app/models/journee_observation.rb:9:in `total_boissons'
  [1m[36mEntree Sum (0.0ms)[0m  [1m[34mSELECT SUM("entrees"."volume_urine") FROM "entrees" WHERE "entrees"."journee_observation_id" = ?[0m  [["journee_observation_id", 3]]
  ↳ app/models/journee_observation.rb:13:in `total_urine'
  Rendered entrees/_form.html.erb (Duration: 1.2ms | Allocations: 1150)
  Rendered journee_observations/show.html.erb within layouts/application (Duration: 6.9ms | Allocations: 2894)
  Rendered layout layouts/application.html.erb (Duration: 9.6ms | Allocations: 4735)
Completed 200 OK in 13ms (Views: 10.0ms | ActiveRecord: 0.4ms | Allocations: 5552)


Started GET "/journee_observations/3/edit" for ::1 at 2026-02-12 16:56:15 +0100
Processing by JourneeObservationsController#edit as HTML
  Parameters: {"id"=>"3"}
  [1m[36mJourneeObservation Load (0.2ms)[0m  [1m[34mSELECT "journee_observations".* FROM "journee_observations" WHERE "journee_observations"."id" = ? LIMIT ?[0m  [["id", 3], ["LIMIT", 1]]
  ↳ app/controllers/journee_observations_controller.rb:45:in `set_journee_observation'
  Rendering layout layouts/application.html.erb
  Rendering journee_observations/edit.html.erb within layouts/application
  Rendered journee_observations/_form.html.erb (Duration: 3.5ms | Allocations: 893)
  Rendered journee_observations/edit.html.erb within layouts/application (Duration: 4.1ms | Allocations: 1000)
  Rendered layout layouts/application.html.erb (Duration: 6.9ms | Allocations: 2835)
Completed 200 OK in 10ms (Views: 7.6ms | ActiveRecord: 0.2ms | Allocations: 3451)


Started PATCH "/journee_observations/3" for ::1 at 2026-02-12 16:56:25 +0100
Processing by JourneeObservationsController#update as TURBO_STREAM
  Parameters: {"authenticity_token"=>"[FILTERED]", "journee_observation"=>{"date_observation"=>"2026-02-12", "heure_lever"=>"05:58:00.000", "heure_coucher"=>"22:01"}, "commit"=>"Update Journee observation", "id"=>"3"}
  [1m[36mJourneeObservation Load (0.2ms)[0m  [1m[34mSELECT "journee_observations".* FROM "journee_observations" WHERE "journee_observations"."id" = ? LIMIT ?[0m  [["id", 3], ["LIMIT", 1]]
  ↳ app/controllers/journee_observations_controller.rb:45:in `set_journee_observation'
  [1m[36mTRANSACTION (0.1ms)[0m  [1m[36mbegin transaction[0m
  ↳ app/controllers/journee_observations_controller.rb:30:in `update'
  [1m[36mJourneeObservation Exists? (1.1ms)[0m  [1m[34mSELECT 1 AS one FROM "journee_observations" WHERE "journee_observations"."date_observation" = ? AND "journee_observations"."id" != ? LIMIT ?[0m  [["date_observation", "2026-02-12"], ["id", 3], ["LIMIT", 1]]
  ↳ app/controllers/journee_observations_controller.rb:30:in `update'
  [1m[36mJourneeObservation Update (0.1ms)[0m  [1m[33mUPDATE "journee_observations" SET "heure_coucher" = ?, "updated_at" = ? WHERE "journee_observations"."id" = ?[0m  [["heure_coucher", "2000-01-01 22:01:00"], ["updated_at", "2026-02-12 15:56:25.493785"], ["id", 3]]
  ↳ app/controllers/journee_observations_controller.rb:30:in `update'
  [1m[36mTRANSACTION (0.1ms)[0m  [1m[36mcommit transaction[0m
  ↳ app/controllers/journee_observations_controller.rb:30:in `update'
Redirected to http://localhost:3000/journee_observations/3
Completed 302 Found in 9ms (ActiveRecord: 1.6ms | Allocations: 3688)


Started GET "/journee_observations/3" for ::1 at 2026-02-12 16:56:25 +0100
Processing by JourneeObservationsController#show as TURBO_STREAM
  Parameters: {"id"=>"3"}
  [1m[36mJourneeObservation Load (0.2ms)[0m  [1m[34mSELECT "journee_observations".* FROM "journee_observations" WHERE "journee_observations"."id" = ? LIMIT ?[0m  [["id", 3], ["LIMIT", 1]]
  ↳ app/controllers/journee_observations_controller.rb:45:in `set_journee_observation'
  Rendering layout layouts/application.html.erb
  Rendering journee_observations/show.html.erb within layouts/application
  [1m[36mEntree Load (0.1ms)[0m  [1m[34mSELECT "entrees".* FROM "entrees" WHERE "entrees"."journee_observation_id" = ? ORDER BY "entrees"."heure" ASC[0m  [["journee_observation_id", 3]]
  ↳ app/views/journee_observations/show.html.erb:57
  [1m[36mEntree Sum (0.0ms)[0m  [1m[34mSELECT SUM("entrees"."volume_boisson") FROM "entrees" WHERE "entrees"."journee_observation_id" = ?[0m  [["journee_observation_id", 3]]
  ↳ app/models/journee_observation.rb:9:in `total_boissons'
  [1m[36mEntree Sum (0.0ms)[0m  [1m[34mSELECT SUM("entrees"."volume_urine") FROM "entrees" WHERE "entrees"."journee_observation_id" = ?[0m  [["journee_observation_id", 3]]
  ↳ app/models/journee_observation.rb:13:in `total_urine'
  Rendered entrees/_form.html.erb (Duration: 1.1ms | Allocations: 1155)
  Rendered journee_observations/show.html.erb within layouts/application (Duration: 3.9ms | Allocations: 2917)
  Rendered layout layouts/application.html.erb (Duration: 5.9ms | Allocations: 4745)
Completed 200 OK in 9ms (Views: 6.4ms | ActiveRecord: 0.3ms | Allocations: 5568)


Started GET "/journee_observations" for ::1 at 2026-02-12 16:56:38 +0100
Processing by JourneeObservationsController#index as HTML
  [1m[36mJourneeObservation Load (0.2ms)[0m  [1m[34mSELECT "journee_observations".* FROM "journee_observations" WHERE "journee_observations"."date_observation" = ? LIMIT ?[0m  [["date_observation", "2026-02-12"], ["LIMIT", 1]]
  ↳ app/controllers/journee_observations_controller.rb:6:in `index'
  Rendering layout layouts/application.html.erb
  Rendering journee_observations/index.html.erb within layouts/application
  [1m[36mJourneeObservation Exists? (0.1ms)[0m  [1m[34mSELECT 1 AS one FROM "journee_observations" LIMIT ?[0m  [["LIMIT", 1]]
  ↳ app/views/journee_observations/index.html.erb:34
  [1m[36mJourneeObservation Load (0.1ms)[0m  [1m[34mSELECT "journee_observations".* FROM "journee_observations" ORDER BY "journee_observations"."date_observation" DESC[0m
  ↳ app/views/journee_observations/index.html.erb:41
  [1m[36mEntree Count (0.1ms)[0m  [1m[34mSELECT COUNT(*) FROM "entrees" WHERE "entrees"."journee_observation_id" = ?[0m  [["journee_observation_id", 3]]
  ↳ app/views/journee_observations/index.html.erb:66
  Rendered journee_observations/index.html.erb within layouts/application (Duration: 4.1ms | Allocations: 1642)
  Rendered layout layouts/application.html.erb (Duration: 8.1ms | Allocations: 3798)
Completed 200 OK in 11ms (Views: 8.7ms | ActiveRecord: 0.5ms | Allocations: 4476)


Started GET "/journee_observations/new" for ::1 at 2026-02-12 16:56:39 +0100
Processing by JourneeObservationsController#new as HTML
  Rendering layout layouts/application.html.erb
  Rendering journee_observations/new.html.erb within layouts/application
  Rendered journee_observations/_form.html.erb (Duration: 1.7ms | Allocations: 850)
  Rendered journee_observations/new.html.erb within layouts/application (Duration: 1.9ms | Allocations: 943)
  Rendered layout layouts/application.html.erb (Duration: 5.3ms | Allocations: 2771)
Completed 200 OK in 7ms (Views: 6.0ms | ActiveRecord: 0.0ms | Allocations: 3049)


Started POST "/journee_observations" for ::1 at 2026-02-12 16:56:57 +0100
Processing by JourneeObservationsController#create as TURBO_STREAM
  Parameters: {"authenticity_token"=>"[FILTERED]", "journee_observation"=>{"date_observation"=>"2026-02-13", "heure_lever"=>"06:59", "heure_coucher"=>""}, "commit"=>"Create Journee observation"}
  [1m[36mTRANSACTION (0.1ms)[0m  [1m[36mbegin transaction[0m
  ↳ app/controllers/journee_observations_controller.rb:19:in `create'
  [1m[36mJourneeObservation Exists? (1.1ms)[0m  [1m[34mSELECT 1 AS one FROM "journee_observations" WHERE "journee_observations"."date_observation" = ? LIMIT ?[0m  [["date_observation", "2026-02-13"], ["LIMIT", 1]]
  ↳ app/controllers/journee_observations_controller.rb:19:in `create'
  [1m[36mJourneeObservation Create (0.3ms)[0m  [1m[32mINSERT INTO "journee_observations" ("date_observation", "heure_lever", "heure_coucher", "created_at", "updated_at") VALUES (?, ?, ?, ?, ?) RETURNING "id"[0m  [["date_observation", "2026-02-13"], ["heure_lever", "2000-01-01 06:59:00"], ["heure_coucher", nil], ["created_at", "2026-02-12 15:56:57.569973"], ["updated_at", "2026-02-12 15:56:57.569973"]]
  ↳ app/controllers/journee_observations_controller.rb:19:in `create'
  [1m[36mTRANSACTION (0.2ms)[0m  [1m[36mcommit transaction[0m
  ↳ app/controllers/journee_observations_controller.rb:19:in `create'
Redirected to http://localhost:3000/journee_observations/4
Completed 302 Found in 8ms (ActiveRecord: 1.7ms | Allocations: 2943)


Started GET "/journee_observations/4" for ::1 at 2026-02-12 16:56:57 +0100
Processing by JourneeObservationsController#show as TURBO_STREAM
  Parameters: {"id"=>"4"}
  [1m[36mJourneeObservation Load (0.2ms)[0m  [1m[34mSELECT "journee_observations".* FROM "journee_observations" WHERE "journee_observations"."id" = ? LIMIT ?[0m  [["id", 4], ["LIMIT", 1]]
  ↳ app/controllers/journee_observations_controller.rb:45:in `set_journee_observation'
  Rendering layout layouts/application.html.erb
  Rendering journee_observations/show.html.erb within layouts/application
  [1m[36mEntree Load (0.1ms)[0m  [1m[34mSELECT "entrees".* FROM "entrees" WHERE "entrees"."journee_observation_id" = ? ORDER BY "entrees"."heure" ASC[0m  [["journee_observation_id", 4]]
  ↳ app/views/journee_observations/show.html.erb:57
  [1m[36mEntree Sum (0.0ms)[0m  [1m[34mSELECT SUM("entrees"."volume_boisson") FROM "entrees" WHERE "entrees"."journee_observation_id" = ?[0m  [["journee_observation_id", 4]]
  ↳ app/models/journee_observation.rb:9:in `total_boissons'
  [1m[36mEntree Sum (0.0ms)[0m  [1m[34mSELECT SUM("entrees"."volume_urine") FROM "entrees" WHERE "entrees"."journee_observation_id" = ?[0m  [["journee_observation_id", 4]]
  ↳ app/models/journee_observation.rb:13:in `total_urine'
  Rendered entrees/_form.html.erb (Duration: 1.3ms | Allocations: 1150)
  Rendered journee_observations/show.html.erb within layouts/application (Duration: 4.3ms | Allocations: 2746)
  Rendered layout layouts/application.html.erb (Duration: 6.4ms | Allocations: 4575)
Completed 200 OK in 9ms (Views: 6.7ms | ActiveRecord: 0.3ms | Allocations: 5392)


Started POST "/journee_observations/4/entrees" for ::1 at 2026-02-12 16:57:11 +0100
Processing by EntreesController#create as TURBO_STREAM
  Parameters: {"authenticity_token"=>"[FILTERED]", "entree"=>{"heure"=>"10:01", "volume_boisson"=>"150", "volume_urine"=>"", "urgenturies"=>"", "fuites"=>"", "commentaires"=>""}, "commit"=>"Ajouter", "journee_observation_id"=>"4"}
  [1m[36mJourneeObservation Load (0.3ms)[0m  [1m[34mSELECT "journee_observations".* FROM "journee_observations" WHERE "journee_observations"."id" = ? LIMIT ?[0m  [["id", 4], ["LIMIT", 1]]
  ↳ app/controllers/entrees_controller.rb:37:in `set_journee_observation'
  [1m[36mTRANSACTION (0.1ms)[0m  [1m[36mbegin transaction[0m
  ↳ app/controllers/entrees_controller.rb:11:in `create'
  [1m[36mEntree Create (1.1ms)[0m  [1m[32mINSERT INTO "entrees" ("journee_observation_id", "heure", "volume_boisson", "volume_urine", "urgenturies", "fuites", "commentaires", "created_at", "updated_at") VALUES (?, ?, ?, ?, ?, ?, ?, ?, ?) RETURNING "id"[0m  [["journee_observation_id", 4], ["heure", "2000-01-01 10:01:00"], ["volume_boisson", 150], ["volume_urine", nil], ["urgenturies", ""], ["fuites", ""], ["commentaires", ""], ["created_at", "2026-02-12 15:57:11.254932"], ["updated_at", "2026-02-12 15:57:11.254932"]]
  ↳ app/controllers/entrees_controller.rb:11:in `create'
  [1m[36mTRANSACTION (0.2ms)[0m  [1m[36mcommit transaction[0m
  ↳ app/controllers/entrees_controller.rb:11:in `create'
Redirected to http://localhost:3000/journee_observations/4
Completed 302 Found in 9ms (ActiveRecord: 1.7ms | Allocations: 2803)


Started GET "/journee_observations/4" for ::1 at 2026-02-12 16:57:11 +0100
Processing by JourneeObservationsController#show as TURBO_STREAM
  Parameters: {"id"=>"4"}
  [1m[36mJourneeObservation Load (0.2ms)[0m  [1m[34mSELECT "journee_observations".* FROM "journee_observations" WHERE "journee_observations"."id" = ? LIMIT ?[0m  [["id", 4], ["LIMIT", 1]]
  ↳ app/controllers/journee_observations_controller.rb:45:in `set_journee_observation'
  Rendering layout layouts/application.html.erb
  Rendering journee_observations/show.html.erb within layouts/application
  [1m[36mEntree Load (0.1ms)[0m  [1m[34mSELECT "entrees".* FROM "entrees" WHERE "entrees"."journee_observation_id" = ? ORDER BY "entrees"."heure" ASC[0m  [["journee_observation_id", 4]]
  ↳ app/views/journee_observations/show.html.erb:57
  [1m[36mEntree Sum (0.0ms)[0m  [1m[34mSELECT SUM("entrees"."volume_boisson") FROM "entrees" WHERE "entrees"."journee_observation_id" = ?[0m  [["journee_observation_id", 4]]
  ↳ app/models/journee_observation.rb:9:in `total_boissons'
  [1m[36mEntree Sum (0.1ms)[0m  [1m[34mSELECT SUM("entrees"."volume_urine") FROM "entrees" WHERE "entrees"."journee_observation_id" = ?[0m  [["journee_observation_id", 4]]
  ↳ app/models/journee_observation.rb:13:in `total_urine'
  Rendered entrees/_form.html.erb (Duration: 1.4ms | Allocations: 1140)
  Rendered journee_observations/show.html.erb within layouts/application (Duration: 5.5ms | Allocations: 2884)
  Rendered layout layouts/application.html.erb (Duration: 7.5ms | Allocations: 4712)
Completed 200 OK in 11ms (Views: 7.8ms | ActiveRecord: 0.4ms | Allocations: 5528)


Started GET "/journee_observations" for ::1 at 2026-02-12 16:57:16 +0100
Processing by JourneeObservationsController#index as HTML
  [1m[36mJourneeObservation Load (0.2ms)[0m  [1m[34mSELECT "journee_observations".* FROM "journee_observations" WHERE "journee_observations"."date_observation" = ? LIMIT ?[0m  [["date_observation", "2026-02-12"], ["LIMIT", 1]]
  ↳ app/controllers/journee_observations_controller.rb:6:in `index'
  Rendering layout layouts/application.html.erb
  Rendering journee_observations/index.html.erb within layouts/application
  [1m[36mJourneeObservation Exists? (0.2ms)[0m  [1m[34mSELECT 1 AS one FROM "journee_observations" LIMIT ?[0m  [["LIMIT", 1]]
  ↳ app/views/journee_observations/index.html.erb:34
  [1m[36mJourneeObservation Load (0.2ms)[0m  [1m[34mSELECT "journee_observations".* FROM "journee_observations" ORDER BY "journee_observations"."date_observation" DESC[0m
  ↳ app/views/journee_observations/index.html.erb:41
  [1m[36mEntree Count (0.1ms)[0m  [1m[34mSELECT COUNT(*) FROM "entrees" WHERE "entrees"."journee_observation_id" = ?[0m  [["journee_observation_id", 4]]
  ↳ app/views/journee_observations/index.html.erb:66
  [1m[36mEntree Count (0.2ms)[0m  [1m[34mSELECT COUNT(*) FROM "entrees" WHERE "entrees"."journee_observation_id" = ?[0m  [["journee_observation_id", 3]]
  ↳ app/views/journee_observations/index.html.erb:66
  Rendered journee_observations/index.html.erb within layouts/application (Duration: 5.8ms | Allocations: 2368)
  Rendered layout layouts/application.html.erb (Duration: 9.6ms | Allocations: 4518)
Completed 200 OK in 13ms (Views: 9.7ms | ActiveRecord: 0.9ms | Allocations: 5195)


Started GET "/journee_observations/4/edit" for ::1 at 2026-02-12 16:57:18 +0100
Processing by JourneeObservationsController#edit as HTML
  Parameters: {"id"=>"4"}
  [1m[36mJourneeObservation Load (0.2ms)[0m  [1m[34mSELECT "journee_observations".* FROM "journee_observations" WHERE "journee_observations"."id" = ? LIMIT ?[0m  [["id", 4], ["LIMIT", 1]]
  ↳ app/controllers/journee_observations_controller.rb:45:in `set_journee_observation'
  Rendering layout layouts/application.html.erb
  Rendering journee_observations/edit.html.erb within layouts/application
  Rendered journee_observations/_form.html.erb (Duration: 2.5ms | Allocations: 899)
  Rendered journee_observations/edit.html.erb within layouts/application (Duration: 2.9ms | Allocations: 1006)
  Rendered layout layouts/application.html.erb (Duration: 5.5ms | Allocations: 2830)
Completed 200 OK in 8ms (Views: 6.1ms | ActiveRecord: 0.2ms | Allocations: 3446)


Started GET "/journee_observations/3" for ::1 at 2026-02-12 16:57:20 +0100
Processing by JourneeObservationsController#show as HTML
  Parameters: {"id"=>"3"}
  [1m[36mJourneeObservation Load (0.2ms)[0m  [1m[34mSELECT "journee_observations".* FROM "journee_observations" WHERE "journee_observations"."id" = ? LIMIT ?[0m  [["id", 3], ["LIMIT", 1]]
  ↳ app/controllers/journee_observations_controller.rb:45:in `set_journee_observation'
  Rendering layout layouts/application.html.erb
  Rendering journee_observations/show.html.erb within layouts/application
  [1m[36mEntree Load (0.1ms)[0m  [1m[34mSELECT "entrees".* FROM "entrees" WHERE "entrees"."journee_observation_id" = ? ORDER BY "entrees"."heure" ASC[0m  [["journee_observation_id", 3]]
  ↳ app/views/journee_observations/show.html.erb:57
  [1m[36mEntree Sum (0.0ms)[0m  [1m[34mSELECT SUM("entrees"."volume_boisson") FROM "entrees" WHERE "entrees"."journee_observation_id" = ?[0m  [["journee_observation_id", 3]]
  ↳ app/models/journee_observation.rb:9:in `total_boissons'
  [1m[36mEntree Sum (0.0ms)[0m  [1m[34mSELECT SUM("entrees"."volume_urine") FROM "entrees" WHERE "entrees"."journee_observation_id" = ?[0m  [["journee_observation_id", 3]]
  ↳ app/models/journee_observation.rb:13:in `total_urine'
  Rendered entrees/_form.html.erb (Duration: 1.8ms | Allocations: 1136)
  Rendered journee_observations/show.html.erb within layouts/application (Duration: 5.6ms | Allocations: 2898)
  Rendered layout layouts/application.html.erb (Duration: 8.4ms | Allocations: 4722)
Completed 200 OK in 12ms (Views: 9.0ms | ActiveRecord: 0.4ms | Allocations: 5536)


Started GET "/journee_observations/4/edit" for ::1 at 2026-02-12 16:57:23 +0100
Processing by JourneeObservationsController#edit as HTML
  Parameters: {"id"=>"4"}
  [1m[36mJourneeObservation Load (0.2ms)[0m  [1m[34mSELECT "journee_observations".* FROM "journee_observations" WHERE "journee_observations"."id" = ? LIMIT ?[0m  [["id", 4], ["LIMIT", 1]]
  ↳ app/controllers/journee_observations_controller.rb:45:in `set_journee_observation'
  Rendering layout layouts/application.html.erb
  Rendering journee_observations/edit.html.erb within layouts/application
  Rendered journee_observations/_form.html.erb (Duration: 2.0ms | Allocations: 893)
  Rendered journee_observations/edit.html.erb within layouts/application (Duration: 2.3ms | Allocations: 1000)
  Rendered layout layouts/application.html.erb (Duration: 5.0ms | Allocations: 2824)
Completed 200 OK in 8ms (Views: 5.6ms | ActiveRecord: 0.2ms | Allocations: 3440)


Started PATCH "/journee_observations/4" for ::1 at 2026-02-12 16:57:33 +0100
Processing by JourneeObservationsController#update as TURBO_STREAM
  Parameters: {"authenticity_token"=>"[FILTERED]", "journee_observation"=>{"date_observation"=>"2026-02-13", "heure_lever"=>"06:59:00.000", "heure_coucher"=>"21:10"}, "commit"=>"Update Journee observation", "id"=>"4"}
  [1m[36mJourneeObservation Load (0.2ms)[0m  [1m[34mSELECT "journee_observations".* FROM "journee_observations" WHERE "journee_observations"."id" = ? LIMIT ?[0m  [["id", 4], ["LIMIT", 1]]
  ↳ app/controllers/journee_observations_controller.rb:45:in `set_journee_observation'
  [1m[36mTRANSACTION (0.1ms)[0m  [1m[36mbegin transaction[0m
  ↳ app/controllers/journee_observations_controller.rb:30:in `update'
  [1m[36mJourneeObservation Exists? (1.2ms)[0m  [1m[34mSELECT 1 AS one FROM "journee_observations" WHERE "journee_observations"."date_observation" = ? AND "journee_observations"."id" != ? LIMIT ?[0m  [["date_observation", "2026-02-13"], ["id", 4], ["LIMIT", 1]]
  ↳ app/controllers/journee_observations_controller.rb:30:in `update'
  [1m[36mJourneeObservation Update (0.1ms)[0m  [1m[33mUPDATE "journee_observations" SET "heure_coucher" = ?, "updated_at" = ? WHERE "journee_observations"."id" = ?[0m  [["heure_coucher", "2000-01-01 21:10:00"], ["updated_at", "2026-02-12 15:57:33.123450"], ["id", 4]]
  ↳ app/controllers/journee_observations_controller.rb:30:in `update'
  [1m[36mTRANSACTION (0.1ms)[0m  [1m[36mcommit transaction[0m
  ↳ app/controllers/journee_observations_controller.rb:30:in `update'
Redirected to http://localhost:3000/journee_observations/4
Completed 302 Found in 9ms (ActiveRecord: 1.7ms | Allocations: 3641)


Started GET "/journee_observations/4" for ::1 at 2026-02-12 16:57:33 +0100
Processing by JourneeObservationsController#show as TURBO_STREAM
  Parameters: {"id"=>"4"}
  [1m[36mJourneeObservation Load (0.2ms)[0m  [1m[34mSELECT "journee_observations".* FROM "journee_observations" WHERE "journee_observations"."id" = ? LIMIT ?[0m  [["id", 4], ["LIMIT", 1]]
  ↳ app/controllers/journee_observations_controller.rb:45:in `set_journee_observation'
  Rendering layout layouts/application.html.erb
  Rendering journee_observations/show.html.erb within layouts/application
  [1m[36mEntree Load (0.1ms)[0m  [1m[34mSELECT "entrees".* FROM "entrees" WHERE "entrees"."journee_observation_id" = ? ORDER BY "entrees"."heure" ASC[0m  [["journee_observation_id", 4]]
  ↳ app/views/journee_observations/show.html.erb:57
  [1m[36mEntree Sum (0.0ms)[0m  [1m[34mSELECT SUM("entrees"."volume_boisson") FROM "entrees" WHERE "entrees"."journee_observation_id" = ?[0m  [["journee_observation_id", 4]]
  ↳ app/models/journee_observation.rb:9:in `total_boissons'
  [1m[36mEntree Sum (0.0ms)[0m  [1m[34mSELECT SUM("entrees"."volume_urine") FROM "entrees" WHERE "entrees"."journee_observation_id" = ?[0m  [["journee_observation_id", 4]]
  ↳ app/models/journee_observation.rb:13:in `total_urine'
  Rendered entrees/_form.html.erb (Duration: 1.3ms | Allocations: 1140)
  Rendered journee_observations/show.html.erb within layouts/application (Duration: 4.3ms | Allocations: 2902)
  Rendered layout layouts/application.html.erb (Duration: 7.8ms | Allocations: 4741)
Completed 200 OK in 11ms (Views: 8.2ms | ActiveRecord: 0.3ms | Allocations: 5559)


Started GET "/" for ::1 at 2026-02-12 16:57:39 +0100
Processing by JourneeObservationsController#index as HTML
  [1m[36mJourneeObservation Load (0.3ms)[0m  [1m[34mSELECT "journee_observations".* FROM "journee_observations" WHERE "journee_observations"."date_observation" = ? LIMIT ?[0m  [["date_observation", "2026-02-12"], ["LIMIT", 1]]
  ↳ app/controllers/journee_observations_controller.rb:6:in `index'
  Rendering layout layouts/application.html.erb
  Rendering journee_observations/index.html.erb within layouts/application
  [1m[36mJourneeObservation Exists? (0.2ms)[0m  [1m[34mSELECT 1 AS one FROM "journee_observations" LIMIT ?[0m  [["LIMIT", 1]]
  ↳ app/views/journee_observations/index.html.erb:34
  [1m[36mJourneeObservation Load (0.1ms)[0m  [1m[34mSELECT "journee_observations".* FROM "journee_observations" ORDER BY "journee_observations"."date_observation" DESC[0m
  ↳ app/views/journee_observations/index.html.erb:41
  [1m[36mEntree Count (0.2ms)[0m  [1m[34mSELECT COUNT(*) FROM "entrees" WHERE "entrees"."journee_observation_id" = ?[0m  [["journee_observation_id", 4]]
  ↳ app/views/journee_observations/index.html.erb:66
  [1m[36mEntree Count (0.1ms)[0m  [1m[34mSELECT COUNT(*) FROM "entrees" WHERE "entrees"."journee_observation_id" = ?[0m  [["journee_observation_id", 3]]
  ↳ app/views/journee_observations/index.html.erb:66
  Rendered journee_observations/index.html.erb within layouts/application (Duration: 7.6ms | Allocations: 2389)
  Rendered layout layouts/application.html.erb (Duration: 11.3ms | Allocations: 4565)
Completed 200 OK in 16ms (Views: 11.5ms | ActiveRecord: 0.8ms | Allocations: 5244)


Started GET "/resultats" for ::1 at 2026-02-12 16:57:39 +0100
Processing by ResultatsController#index as HTML
  [1m[36mJourneeObservation Pluck (0.1ms)[0m  [1m[34mSELECT "journee_observations"."date_observation" FROM "journee_observations" ORDER BY "journee_observations"."date_observation" DESC[0m
  ↳ app/controllers/resultats_controller.rb:3:in `index'
  Rendering layout layouts/application.html.erb
  Rendering resultats/index.html.erb within layouts/application
  Rendered resultats/index.html.erb within layouts/application (Duration: 0.5ms | Allocations: 196)
  Rendered layout layouts/application.html.erb (Duration: 4.7ms | Allocations: 2345)
Completed 200 OK in 8ms (Views: 5.3ms | ActiveRecord: 0.1ms | Allocations: 3004)


Started GET "/resultats?commit=Afficher+les+resultats" for ::1 at 2026-02-12 16:57:42 +0100
Processing by ResultatsController#index as HTML
  Parameters: {"commit"=>"Afficher les resultats"}
  [1m[36mJourneeObservation Pluck (0.1ms)[0m  [1m[34mSELECT "journee_observations"."date_observation" FROM "journee_observations" ORDER BY "journee_observations"."date_observation" DESC[0m
  ↳ app/controllers/resultats_controller.rb:3:in `index'
  Rendering layout layouts/application.html.erb
  Rendering resultats/index.html.erb within layouts/application
  Rendered resultats/index.html.erb within layouts/application (Duration: 0.4ms | Allocations: 196)
  Rendered layout layouts/application.html.erb (Duration: 3.8ms | Allocations: 2351)
Completed 200 OK in 7ms (Views: 4.4ms | ActiveRecord: 0.1ms | Allocations: 3007)


Started GET "/resultats?dates%5B%5D=2026-02-13&dates%5B%5D=2026-02-12&commit=Afficher+les+resultats" for ::1 at 2026-02-12 16:57:47 +0100
Processing by ResultatsController#index as HTML
  Parameters: {"dates"=>["2026-02-13", "2026-02-12"], "commit"=>"Afficher les resultats"}
  [1m[36mJourneeObservation Pluck (0.5ms)[0m  [1m[34mSELECT "journee_observations"."date_observation" FROM "journee_observations" ORDER BY "journee_observations"."date_observation" DESC[0m
  ↳ app/controllers/resultats_controller.rb:3:in `index'
  [1m[36mJourneeObservation Load (0.2ms)[0m  [1m[34mSELECT "journee_observations".* FROM "journee_observations" WHERE "journee_observations"."date_observation" IN (?, ?) ORDER BY "journee_observations"."date_observation" DESC[0m  [["date_observation", "2026-02-13"], ["date_observation", "2026-02-12"]]
  ↳ app/controllers/resultats_controller.rb:11:in `index'
  [1m[36mEntree Load (0.3ms)[0m  [1m[34mSELECT "entrees".* FROM "entrees" WHERE "entrees"."journee_observation_id" IN (?, ?)[0m  [["journee_observation_id", 4], ["journee_observation_id", 3]]
  ↳ app/controllers/resultats_controller.rb:11:in `index'
  [1m[36mEntree Sum (0.1ms)[0m  [1m[34mSELECT SUM("entrees"."volume_boisson") FROM "entrees" WHERE "entrees"."journee_observation_id" = ?[0m  [["journee_observation_id", 4]]
  ↳ app/models/journee_observation.rb:9:in `total_boissons'
  [1m[36mEntree Sum (0.0ms)[0m  [1m[34mSELECT SUM("entrees"."volume_boisson") FROM "entrees" WHERE "entrees"."journee_observation_id" = ?[0m  [["journee_observation_id", 3]]
  ↳ app/models/journee_observation.rb:9:in `total_boissons'
  [1m[36mEntree Sum (0.0ms)[0m  [1m[34mSELECT SUM("entrees"."volume_urine") FROM "entrees" WHERE "entrees"."journee_observation_id" = ?[0m  [["journee_observation_id", 4]]
  ↳ app/models/journee_observation.rb:13:in `total_urine'
  [1m[36mEntree Sum (0.0ms)[0m  [1m[34mSELECT SUM("entrees"."volume_urine") FROM "entrees" WHERE "entrees"."journee_observation_id" = ?[0m  [["journee_observation_id", 3]]
  ↳ app/models/journee_observation.rb:13:in `total_urine'
  Rendering layout layouts/application.html.erb
  Rendering resultats/index.html.erb within layouts/application
  [1m[36mEntree Load (0.1ms)[0m  [1m[34mSELECT "entrees".* FROM "entrees" WHERE "entrees"."journee_observation_id" = ? ORDER BY "entrees"."heure" ASC[0m  [["journee_observation_id", 4]]
  ↳ app/views/resultats/index.html.erb:73
  [1m[36mCACHE Entree Sum (0.0ms)[0m  [1m[34mSELECT SUM("entrees"."volume_boisson") FROM "entrees" WHERE "entrees"."journee_observation_id" = ?[0m  [["journee_observation_id", 4]]
  ↳ app/models/journee_observation.rb:9:in `total_boissons'
  [1m[36mCACHE Entree Sum (0.0ms)[0m  [1m[34mSELECT SUM("entrees"."volume_urine") FROM "entrees" WHERE "entrees"."journee_observation_id" = ?[0m  [["journee_observation_id", 4]]
  ↳ app/models/journee_observation.rb:13:in `total_urine'
  [1m[36mEntree Load (0.0ms)[0m  [1m[34mSELECT "entrees".* FROM "entrees" WHERE "entrees"."journee_observation_id" = ? ORDER BY "entrees"."heure" ASC[0m  [["journee_observation_id", 3]]
  ↳ app/views/resultats/index.html.erb:73
  [1m[36mCACHE Entree Sum (0.0ms)[0m  [1m[34mSELECT SUM("entrees"."volume_boisson") FROM "entrees" WHERE "entrees"."journee_observation_id" = ?[0m  [["journee_observation_id", 3]]
  ↳ app/models/journee_observation.rb:9:in `total_boissons'
  [1m[36mCACHE Entree Sum (0.0ms)[0m  [1m[34mSELECT SUM("entrees"."volume_urine") FROM "entrees" WHERE "entrees"."journee_observation_id" = ?[0m  [["journee_observation_id", 3]]
  ↳ app/models/journee_observation.rb:13:in `total_urine'
  Rendered resultats/index.html.erb within layouts/application (Duration: 4.1ms | Allocations: 3176)
  Rendered layout layouts/application.html.erb (Duration: 6.7ms | Allocations: 5334)
Completed 200 OK in 28ms (Views: 7.0ms | ActiveRecord: 1.2ms | Allocations: 12158)


Started GET "/resultats/pdf?dates%5B%5D=2026-02-13&dates%5B%5D=2026-02-12" for ::1 at 2026-02-12 16:57:55 +0100
Processing by ResultatsController#pdf as HTML
  Parameters: {"dates"=>["2026-02-13", "2026-02-12"]}
  [1m[36mJourneeObservation Load (0.1ms)[0m  [1m[34mSELECT "journee_observations".* FROM "journee_observations" WHERE "journee_observations"."date_observation" IN (?, ?) ORDER BY "journee_observations"."date_observation" DESC[0m  [["date_observation", "2026-02-13"], ["date_observation", "2026-02-12"]]
  ↳ app/controllers/resultats_controller.rb:30:in `pdf'
  [1m[36mEntree Load (0.1ms)[0m  [1m[34mSELECT "entrees".* FROM "entrees" WHERE "entrees"."journee_observation_id" IN (?, ?)[0m  [["journee_observation_id", 4], ["journee_observation_id", 3]]
  ↳ app/controllers/resultats_controller.rb:30:in `pdf'
  [1m[36mEntree Load (0.0ms)[0m  [1m[34mSELECT "entrees".* FROM "entrees" WHERE "entrees"."journee_observation_id" = ? ORDER BY "entrees"."heure" ASC[0m  [["journee_observation_id", 4]]
  ↳ app/controllers/resultats_controller.rb:37:in `block in pdf'
  [1m[36mEntree Sum (0.0ms)[0m  [1m[34mSELECT SUM("entrees"."volume_boisson") FROM "entrees" WHERE "entrees"."journee_observation_id" = ?[0m  [["journee_observation_id", 4]]
  ↳ app/models/journee_observation.rb:9:in `total_boissons'
  [1m[36mEntree Sum (0.0ms)[0m  [1m[34mSELECT SUM("entrees"."volume_urine") FROM "entrees" WHERE "entrees"."journee_observation_id" = ?[0m  [["journee_observation_id", 4]]
  ↳ app/models/journee_observation.rb:13:in `total_urine'
  [1m[36mEntree Load (0.1ms)[0m  [1m[34mSELECT "entrees".* FROM "entrees" WHERE "entrees"."journee_observation_id" = ? ORDER BY "entrees"."heure" ASC[0m  [["journee_observation_id", 3]]
  ↳ app/controllers/resultats_controller.rb:37:in `block in pdf'
  [1m[36mEntree Sum (0.0ms)[0m  [1m[34mSELECT SUM("entrees"."volume_boisson") FROM "entrees" WHERE "entrees"."journee_observation_id" = ?[0m  [["journee_observation_id", 3]]
  ↳ app/models/journee_observation.rb:9:in `total_boissons'
  [1m[36mEntree Sum (0.0ms)[0m  [1m[34mSELECT SUM("entrees"."volume_urine") FROM "entrees" WHERE "entrees"."journee_observation_id" = ?[0m  [["journee_observation_id", 3]]
  ↳ app/models/journee_observation.rb:13:in `total_urine'
  [1m[36mCACHE Entree Sum (0.0ms)[0m  [1m[34mSELECT SUM("entrees"."volume_boisson") FROM "entrees" WHERE "entrees"."journee_observation_id" = ?[0m  [["journee_observation_id", 4]]
  ↳ app/models/journee_observation.rb:9:in `total_boissons'
  [1m[36mCACHE Entree Sum (0.0ms)[0m  [1m[34mSELECT SUM("entrees"."volume_boisson") FROM "entrees" WHERE "entrees"."journee_observation_id" = ?[0m  [["journee_observation_id", 3]]
  ↳ app/models/journee_observation.rb:9:in `total_boissons'
  [1m[36mCACHE Entree Sum (0.0ms)[0m  [1m[34mSELECT SUM("entrees"."volume_urine") FROM "entrees" WHERE "entrees"."journee_observation_id" = ?[0m  [["journee_observation_id", 4]]
  ↳ app/models/journee_observation.rb:13:in `total_urine'
  [1m[36mCACHE Entree Sum (0.0ms)[0m  [1m[34mSELECT SUM("entrees"."volume_urine") FROM "entrees" WHERE "entrees"."journee_observation_id" = ?[0m  [["journee_observation_id", 3]]
  ↳ app/models/journee_observation.rb:13:in `total_urine'
  Rendering text template
  Rendered text template (Duration: 0.0ms | Allocations: 3)
Sent data calendrier_mictionnel_20260212.pdf (0.7ms)
Completed 200 OK in 56ms (Views: 0.6ms | ActiveRecord: 0.3ms | Allocations: 233249)


Started GET "/" for ::1 at 2026-02-12 16:58:10 +0100
Processing by JourneeObservationsController#index as HTML
  [1m[36mJourneeObservation Load (0.3ms)[0m  [1m[34mSELECT "journee_observations".* FROM "journee_observations" WHERE "journee_observations"."date_observation" = ? LIMIT ?[0m  [["date_observation", "2026-02-12"], ["LIMIT", 1]]
  ↳ app/controllers/journee_observations_controller.rb:6:in `index'
  Rendering layout layouts/application.html.erb
  Rendering journee_observations/index.html.erb within layouts/application
  [1m[36mJourneeObservation Exists? (0.2ms)[0m  [1m[34mSELECT 1 AS one FROM "journee_observations" LIMIT ?[0m  [["LIMIT", 1]]
  ↳ app/views/journee_observations/index.html.erb:34
  [1m[36mJourneeObservation Load (0.1ms)[0m  [1m[34mSELECT "journee_observations".* FROM "journee_observations" ORDER BY "journee_observations"."date_observation" DESC[0m
  ↳ app/views/journee_observations/index.html.erb:41
  [1m[36mEntree Count (0.1ms)[0m  [1m[34mSELECT COUNT(*) FROM "entrees" WHERE "entrees"."journee_observation_id" = ?[0m  [["journee_observation_id", 4]]
  ↳ app/views/journee_observations/index.html.erb:66
  [1m[36mEntree Count (0.1ms)[0m  [1m[34mSELECT COUNT(*) FROM "entrees" WHERE "entrees"."journee_observation_id" = ?[0m  [["journee_observation_id", 3]]
  ↳ app/views/journee_observations/index.html.erb:66
  Rendered journee_observations/index.html.erb within layouts/application (Duration: 5.2ms | Allocations: 2388)
  Rendered layout layouts/application.html.erb (Duration: 8.7ms | Allocations: 4551)
Completed 200 OK in 12ms (Views: 9.0ms | ActiveRecord: 0.7ms | Allocations: 5229)


Started DELETE "/journee_observations/3?_method=delete" for ::1 at 2026-02-12 16:58:18 +0100
Processing by JourneeObservationsController#destroy as TURBO_STREAM
  Parameters: {"id"=>"3"}
  [1m[36mJourneeObservation Load (0.2ms)[0m  [1m[34mSELECT "journee_observations".* FROM "journee_observations" WHERE "journee_observations"."id" = ? LIMIT ?[0m  [["id", 3], ["LIMIT", 1]]
  ↳ app/controllers/journee_observations_controller.rb:45:in `set_journee_observation'
  [1m[36mTRANSACTION (0.1ms)[0m  [1m[36mbegin transaction[0m
  ↳ app/controllers/journee_observations_controller.rb:38:in `destroy'
  [1m[36mEntree Load (0.8ms)[0m  [1m[34mSELECT "entrees".* FROM "entrees" WHERE "entrees"."journee_observation_id" = ?[0m  [["journee_observation_id", 3]]
  ↳ app/controllers/journee_observations_controller.rb:38:in `destroy'
  [1m[36mEntree Destroy (0.1ms)[0m  [1m[31mDELETE FROM "entrees" WHERE "entrees"."id" = ?[0m  [["id", 3]]
  ↳ app/controllers/journee_observations_controller.rb:38:in `destroy'
  [1m[36mJourneeObservation Destroy (0.1ms)[0m  [1m[31mDELETE FROM "journee_observations" WHERE "journee_observations"."id" = ?[0m  [["id", 3]]
  ↳ app/controllers/journee_observations_controller.rb:38:in `destroy'
  [1m[36mTRANSACTION (1.1ms)[0m  [1m[36mcommit transaction[0m
  ↳ app/controllers/journee_observations_controller.rb:38:in `destroy'
Redirected to http://localhost:3000/journee_observations
Completed 302 Found in 9ms (ActiveRecord: 2.4ms | Allocations: 3512)


Started GET "/journee_observations" for ::1 at 2026-02-12 16:58:18 +0100
Processing by JourneeObservationsController#index as TURBO_STREAM
  [1m[36mJourneeObservation Load (0.2ms)[0m  [1m[34mSELECT "journee_observations".* FROM "journee_observations" WHERE "journee_observations"."date_observation" = ? LIMIT ?[0m  [["date_observation", "2026-02-12"], ["LIMIT", 1]]
  ↳ app/controllers/journee_observations_controller.rb:6:in `index'
  Rendering layout layouts/application.html.erb
  Rendering journee_observations/index.html.erb within layouts/application
  [1m[36mJourneeObservation Exists? (0.1ms)[0m  [1m[34mSELECT 1 AS one FROM "journee_observations" LIMIT ?[0m  [["LIMIT", 1]]
  ↳ app/views/journee_observations/index.html.erb:34
  [1m[36mJourneeObservation Load (0.0ms)[0m  [1m[34mSELECT "journee_observations".* FROM "journee_observations" ORDER BY "journee_observations"."date_observation" DESC[0m
  ↳ app/views/journee_observations/index.html.erb:41
  [1m[36mEntree Count (0.1ms)[0m  [1m[34mSELECT COUNT(*) FROM "entrees" WHERE "entrees"."journee_observation_id" = ?[0m  [["journee_observation_id", 4]]
  ↳ app/views/journee_observations/index.html.erb:66
  Rendered journee_observations/index.html.erb within layouts/application (Duration: 3.3ms | Allocations: 1604)
  Rendered layout layouts/application.html.erb (Duration: 6.3ms | Allocations: 3780)
Completed 200 OK in 9ms (Views: 6.6ms | ActiveRecord: 0.4ms | Allocations: 4448)


Started DELETE "/journee_observations/4?_method=delete" for ::1 at 2026-02-12 16:58:21 +0100
Processing by JourneeObservationsController#destroy as TURBO_STREAM
  Parameters: {"id"=>"4"}
  [1m[36mJourneeObservation Load (0.2ms)[0m  [1m[34mSELECT "journee_observations".* FROM "journee_observations" WHERE "journee_observations"."id" = ? LIMIT ?[0m  [["id", 4], ["LIMIT", 1]]
  ↳ app/controllers/journee_observations_controller.rb:45:in `set_journee_observation'
  [1m[36mTRANSACTION (0.1ms)[0m  [1m[36mbegin transaction[0m
  ↳ app/controllers/journee_observations_controller.rb:38:in `destroy'
  [1m[36mEntree Load (0.9ms)[0m  [1m[34mSELECT "entrees".* FROM "entrees" WHERE "entrees"."journee_observation_id" = ?[0m  [["journee_observation_id", 4]]
  ↳ app/controllers/journee_observations_controller.rb:38:in `destroy'
  [1m[36mEntree Destroy (0.1ms)[0m  [1m[31mDELETE FROM "entrees" WHERE "entrees"."id" = ?[0m  [["id", 4]]
  ↳ app/controllers/journee_observations_controller.rb:38:in `destroy'
  [1m[36mJourneeObservation Destroy (0.1ms)[0m  [1m[31mDELETE FROM "journee_observations" WHERE "journee_observations"."id" = ?[0m  [["id", 4]]
  ↳ app/controllers/journee_observations_controller.rb:38:in `destroy'
  [1m[36mTRANSACTION (0.1ms)[0m  [1m[36mcommit transaction[0m
  ↳ app/controllers/journee_observations_controller.rb:38:in `destroy'
Redirected to http://localhost:3000/journee_observations
Completed 302 Found in 8ms (ActiveRecord: 1.3ms | Allocations: 3490)


Started GET "/journee_observations" for ::1 at 2026-02-12 16:58:21 +0100
Processing by JourneeObservationsController#index as TURBO_STREAM
  [1m[36mJourneeObservation Load (0.1ms)[0m  [1m[34mSELECT "journee_observations".* FROM "journee_observations" WHERE "journee_observations"."date_observation" = ? LIMIT ?[0m  [["date_observation", "2026-02-12"], ["LIMIT", 1]]
  ↳ app/controllers/journee_observations_controller.rb:6:in `index'
  Rendering layout layouts/application.html.erb
  Rendering journee_observations/index.html.erb within layouts/application
  [1m[36mJourneeObservation Exists? (0.1ms)[0m  [1m[34mSELECT 1 AS one FROM "journee_observations" LIMIT ?[0m  [["LIMIT", 1]]
  ↳ app/views/journee_observations/index.html.erb:34
  Rendered journee_observations/index.html.erb within layouts/application (Duration: 1.1ms | Allocations: 459)
  Rendered layout layouts/application.html.erb (Duration: 3.2ms | Allocations: 2641)
Completed 200 OK in 6ms (Views: 3.5ms | ActiveRecord: 0.2ms | Allocations: 3309)


Started GET "/journee_observations/new" for ::1 at 2026-02-12 16:58:38 +0100
Processing by JourneeObservationsController#new as HTML
  Rendering layout layouts/application.html.erb
  Rendering journee_observations/new.html.erb within layouts/application
  Rendered journee_observations/_form.html.erb (Duration: 1.8ms | Allocations: 859)
  Rendered journee_observations/new.html.erb within layouts/application (Duration: 2.1ms | Allocations: 952)
  Rendered layout layouts/application.html.erb (Duration: 4.3ms | Allocations: 2780)
Completed 200 OK in 6ms (Views: 5.1ms | ActiveRecord: 0.0ms | Allocations: 3058)


Started POST "/journee_observations" for ::1 at 2026-02-12 16:58:55 +0100
Processing by JourneeObservationsController#create as TURBO_STREAM
  Parameters: {"authenticity_token"=>"[FILTERED]", "journee_observation"=>{"date_observation"=>"2026-02-12", "heure_lever"=>"08:01", "heure_coucher"=>""}, "commit"=>"Create Journee observation"}
  [1m[36mTRANSACTION (0.1ms)[0m  [1m[36mbegin transaction[0m
  ↳ app/controllers/journee_observations_controller.rb:19:in `create'
  [1m[36mJourneeObservation Exists? (1.2ms)[0m  [1m[34mSELECT 1 AS one FROM "journee_observations" WHERE "journee_observations"."date_observation" = ? LIMIT ?[0m  [["date_observation", "2026-02-12"], ["LIMIT", 1]]
  ↳ app/controllers/journee_observations_controller.rb:19:in `create'
  [1m[36mJourneeObservation Create (0.2ms)[0m  [1m[32mINSERT INTO "journee_observations" ("date_observation", "heure_lever", "heure_coucher", "created_at", "updated_at") VALUES (?, ?, ?, ?, ?) RETURNING "id"[0m  [["date_observation", "2026-02-12"], ["heure_lever", "2000-01-01 08:01:00"], ["heure_coucher", nil], ["created_at", "2026-02-12 15:58:55.703880"], ["updated_at", "2026-02-12 15:58:55.703880"]]
  ↳ app/controllers/journee_observations_controller.rb:19:in `create'
  [1m[36mTRANSACTION (0.1ms)[0m  [1m[36mcommit transaction[0m
  ↳ app/controllers/journee_observations_controller.rb:19:in `create'
Redirected to http://localhost:3000/journee_observations/5
Completed 302 Found in 7ms (ActiveRecord: 1.7ms | Allocations: 2954)


Started GET "/journee_observations/5" for ::1 at 2026-02-12 16:58:55 +0100
Processing by JourneeObservationsController#show as TURBO_STREAM
  Parameters: {"id"=>"5"}
  [1m[36mJourneeObservation Load (0.2ms)[0m  [1m[34mSELECT "journee_observations".* FROM "journee_observations" WHERE "journee_observations"."id" = ? LIMIT ?[0m  [["id", 5], ["LIMIT", 1]]
  ↳ app/controllers/journee_observations_controller.rb:45:in `set_journee_observation'
  Rendering layout layouts/application.html.erb
  Rendering journee_observations/show.html.erb within layouts/application
  [1m[36mEntree Load (0.1ms)[0m  [1m[34mSELECT "entrees".* FROM "entrees" WHERE "entrees"."journee_observation_id" = ? ORDER BY "entrees"."heure" ASC[0m  [["journee_observation_id", 5]]
  ↳ app/views/journee_observations/show.html.erb:57
  [1m[36mEntree Sum (0.0ms)[0m  [1m[34mSELECT SUM("entrees"."volume_boisson") FROM "entrees" WHERE "entrees"."journee_observation_id" = ?[0m  [["journee_observation_id", 5]]
  ↳ app/models/journee_observation.rb:9:in `total_boissons'
  [1m[36mEntree Sum (0.0ms)[0m  [1m[34mSELECT SUM("entrees"."volume_urine") FROM "entrees" WHERE "entrees"."journee_observation_id" = ?[0m  [["journee_observation_id", 5]]
  ↳ app/models/journee_observation.rb:13:in `total_urine'
  Rendered entrees/_form.html.erb (Duration: 1.3ms | Allocations: 1134)
  Rendered journee_observations/show.html.erb within layouts/application (Duration: 3.9ms | Allocations: 2730)
  Rendered layout layouts/application.html.erb (Duration: 5.7ms | Allocations: 4558)
Completed 200 OK in 9ms (Views: 6.2ms | ActiveRecord: 0.3ms | Allocations: 5380)


Started POST "/journee_observations/5/entrees" for ::1 at 2026-02-12 16:59:10 +0100
Processing by EntreesController#create as TURBO_STREAM
  Parameters: {"authenticity_token"=>"[FILTERED]", "entree"=>{"heure"=>"10:02", "volume_boisson"=>"200", "volume_urine"=>"", "urgenturies"=>"", "fuites"=>"", "commentaires"=>""}, "commit"=>"Ajouter", "journee_observation_id"=>"5"}
  [1m[36mJourneeObservation Load (0.2ms)[0m  [1m[34mSELECT "journee_observations".* FROM "journee_observations" WHERE "journee_observations"."id" = ? LIMIT ?[0m  [["id", 5], ["LIMIT", 1]]
  ↳ app/controllers/entrees_controller.rb:37:in `set_journee_observation'
  [1m[36mTRANSACTION (0.1ms)[0m  [1m[36mbegin transaction[0m
  ↳ app/controllers/entrees_controller.rb:11:in `create'
  [1m[36mEntree Create (1.1ms)[0m  [1m[32mINSERT INTO "entrees" ("journee_observation_id", "heure", "volume_boisson", "volume_urine", "urgenturies", "fuites", "commentaires", "created_at", "updated_at") VALUES (?, ?, ?, ?, ?, ?, ?, ?, ?) RETURNING "id"[0m  [["journee_observation_id", 5], ["heure", "2000-01-01 10:02:00"], ["volume_boisson", 200], ["volume_urine", nil], ["urgenturies", ""], ["fuites", ""], ["commentaires", ""], ["created_at", "2026-02-12 15:59:10.655846"], ["updated_at", "2026-02-12 15:59:10.655846"]]
  ↳ app/controllers/entrees_controller.rb:11:in `create'
  [1m[36mTRANSACTION (0.1ms)[0m  [1m[36mcommit transaction[0m
  ↳ app/controllers/entrees_controller.rb:11:in `create'
Redirected to http://localhost:3000/journee_observations/5
Completed 302 Found in 8ms (ActiveRecord: 1.5ms | Allocations: 2794)


Started GET "/journee_observations/5" for ::1 at 2026-02-12 16:59:10 +0100
Processing by JourneeObservationsController#show as TURBO_STREAM
  Parameters: {"id"=>"5"}
  [1m[36mJourneeObservation Load (0.2ms)[0m  [1m[34mSELECT "journee_observations".* FROM "journee_observations" WHERE "journee_observations"."id" = ? LIMIT ?[0m  [["id", 5], ["LIMIT", 1]]
  ↳ app/controllers/journee_observations_controller.rb:45:in `set_journee_observation'
  Rendering layout layouts/application.html.erb
  Rendering journee_observations/show.html.erb within layouts/application
  [1m[36mEntree Load (0.1ms)[0m  [1m[34mSELECT "entrees".* FROM "entrees" WHERE "entrees"."journee_observation_id" = ? ORDER BY "entrees"."heure" ASC[0m  [["journee_observation_id", 5]]
  ↳ app/views/journee_observations/show.html.erb:57
  [1m[36mEntree Sum (0.0ms)[0m  [1m[34mSELECT SUM("entrees"."volume_boisson") FROM "entrees" WHERE "entrees"."journee_observation_id" = ?[0m  [["journee_observation_id", 5]]
  ↳ app/models/journee_observation.rb:9:in `total_boissons'
  [1m[36mEntree Sum (0.0ms)[0m  [1m[34mSELECT SUM("entrees"."volume_urine") FROM "entrees" WHERE "entrees"."journee_observation_id" = ?[0m  [["journee_observation_id", 5]]
  ↳ app/models/journee_observation.rb:13:in `total_urine'
  Rendered entrees/_form.html.erb (Duration: 1.3ms | Allocations: 1128)
  Rendered journee_observations/show.html.erb within layouts/application (Duration: 4.0ms | Allocations: 2872)
  Rendered layout layouts/application.html.erb (Duration: 5.8ms | Allocations: 4700)
Completed 200 OK in 9ms (Views: 6.1ms | ActiveRecord: 0.3ms | Allocations: 5516)


Started POST "/journee_observations/5/entrees" for ::1 at 2026-02-12 16:59:26 +0100
Processing by EntreesController#create as TURBO_STREAM
  Parameters: {"authenticity_token"=>"[FILTERED]", "entree"=>{"heure"=>"12:57", "volume_boisson"=>"", "volume_urine"=>"200", "urgenturies"=>"", "fuites"=>"", "commentaires"=>""}, "commit"=>"Ajouter", "journee_observation_id"=>"5"}
  [1m[36mJourneeObservation Load (0.2ms)[0m  [1m[34mSELECT "journee_observations".* FROM "journee_observations" WHERE "journee_observations"."id" = ? LIMIT ?[0m  [["id", 5], ["LIMIT", 1]]
  ↳ app/controllers/entrees_controller.rb:37:in `set_journee_observation'
  [1m[36mTRANSACTION (0.1ms)[0m  [1m[36mbegin transaction[0m
  ↳ app/controllers/entrees_controller.rb:11:in `create'
  [1m[36mEntree Create (1.0ms)[0m  [1m[32mINSERT INTO "entrees" ("journee_observation_id", "heure", "volume_boisson", "volume_urine", "urgenturies", "fuites", "commentaires", "created_at", "updated_at") VALUES (?, ?, ?, ?, ?, ?, ?, ?, ?) RETURNING "id"[0m  [["journee_observation_id", 5], ["heure", "2000-01-01 12:57:00"], ["volume_boisson", nil], ["volume_urine", 200], ["urgenturies", ""], ["fuites", ""], ["commentaires", ""], ["created_at", "2026-02-12 15:59:26.169176"], ["updated_at", "2026-02-12 15:59:26.169176"]]
  ↳ app/controllers/entrees_controller.rb:11:in `create'
  [1m[36mTRANSACTION (0.1ms)[0m  [1m[36mcommit transaction[0m
  ↳ app/controllers/entrees_controller.rb:11:in `create'
Redirected to http://localhost:3000/journee_observations/5
Completed 302 Found in 8ms (ActiveRecord: 1.4ms | Allocations: 2803)


Started GET "/journee_observations/5" for ::1 at 2026-02-12 16:59:26 +0100
Processing by JourneeObservationsController#show as TURBO_STREAM
  Parameters: {"id"=>"5"}
  [1m[36mJourneeObservation Load (0.2ms)[0m  [1m[34mSELECT "journee_observations".* FROM "journee_observations" WHERE "journee_observations"."id" = ? LIMIT ?[0m  [["id", 5], ["LIMIT", 1]]
  ↳ app/controllers/journee_observations_controller.rb:45:in `set_journee_observation'
  Rendering layout layouts/application.html.erb
  Rendering journee_observations/show.html.erb within layouts/application
  [1m[36mEntree Load (0.1ms)[0m  [1m[34mSELECT "entrees".* FROM "entrees" WHERE "entrees"."journee_observation_id" = ? ORDER BY "entrees"."heure" ASC[0m  [["journee_observation_id", 5]]
  ↳ app/views/journee_observations/show.html.erb:57
  [1m[36mEntree Sum (0.0ms)[0m  [1m[34mSELECT SUM("entrees"."volume_boisson") FROM "entrees" WHERE "entrees"."journee_observation_id" = ?[0m  [["journee_observation_id", 5]]
  ↳ app/models/journee_observation.rb:9:in `total_boissons'
  [1m[36mEntree Sum (0.1ms)[0m  [1m[34mSELECT SUM("entrees"."volume_urine") FROM "entrees" WHERE "entrees"."journee_observation_id" = ?[0m  [["journee_observation_id", 5]]
  ↳ app/models/journee_observation.rb:13:in `total_urine'
  Rendered entrees/_form.html.erb (Duration: 1.4ms | Allocations: 1155)
  Rendered journee_observations/show.html.erb within layouts/application (Duration: 5.2ms | Allocations: 3037)
  Rendered layout layouts/application.html.erb (Duration: 7.4ms | Allocations: 4865)
Completed 200 OK in 10ms (Views: 7.7ms | ActiveRecord: 0.3ms | Allocations: 5681)


Started GET "/journee_observations/5/edit" for ::1 at 2026-02-12 16:59:28 +0100
Processing by JourneeObservationsController#edit as HTML
  Parameters: {"id"=>"5"}
  [1m[36mJourneeObservation Load (0.2ms)[0m  [1m[34mSELECT "journee_observations".* FROM "journee_observations" WHERE "journee_observations"."id" = ? LIMIT ?[0m  [["id", 5], ["LIMIT", 1]]
  ↳ app/controllers/journee_observations_controller.rb:45:in `set_journee_observation'
  Rendering layout layouts/application.html.erb
  Rendering journee_observations/edit.html.erb within layouts/application
  Rendered journee_observations/_form.html.erb (Duration: 1.9ms | Allocations: 878)
  Rendered journee_observations/edit.html.erb within layouts/application (Duration: 2.3ms | Allocations: 985)
  Rendered layout layouts/application.html.erb (Duration: 5.1ms | Allocations: 2809)
Completed 200 OK in 8ms (Views: 5.8ms | ActiveRecord: 0.2ms | Allocations: 3425)


Started PATCH "/journee_observations/5" for ::1 at 2026-02-12 16:59:35 +0100
Processing by JourneeObservationsController#update as TURBO_STREAM
  Parameters: {"authenticity_token"=>"[FILTERED]", "journee_observation"=>{"date_observation"=>"2026-02-12", "heure_lever"=>"08:01:00.000", "heure_coucher"=>"21:04"}, "commit"=>"Update Journee observation", "id"=>"5"}
  [1m[36mJourneeObservation Load (0.3ms)[0m  [1m[34mSELECT "journee_observations".* FROM "journee_observations" WHERE "journee_observations"."id" = ? LIMIT ?[0m  [["id", 5], ["LIMIT", 1]]
  ↳ app/controllers/journee_observations_controller.rb:45:in `set_journee_observation'
  [1m[36mTRANSACTION (0.1ms)[0m  [1m[36mbegin transaction[0m
  ↳ app/controllers/journee_observations_controller.rb:30:in `update'
  [1m[36mJourneeObservation Exists? (1.1ms)[0m  [1m[34mSELECT 1 AS one FROM "journee_observations" WHERE "journee_observations"."date_observation" = ? AND "journee_observations"."id" != ? LIMIT ?[0m  [["date_observation", "2026-02-12"], ["id", 5], ["LIMIT", 1]]
  ↳ app/controllers/journee_observations_controller.rb:30:in `update'
  [1m[36mJourneeObservation Update (0.1ms)[0m  [1m[33mUPDATE "journee_observations" SET "heure_coucher" = ?, "updated_at" = ? WHERE "journee_observations"."id" = ?[0m  [["heure_coucher", "2000-01-01 21:04:00"], ["updated_at", "2026-02-12 15:59:35.106635"], ["id", 5]]
  ↳ app/controllers/journee_observations_controller.rb:30:in `update'
  [1m[36mTRANSACTION (0.1ms)[0m  [1m[36mcommit transaction[0m
  ↳ app/controllers/journee_observations_controller.rb:30:in `update'
Redirected to http://localhost:3000/journee_observations/5
Completed 302 Found in 9ms (ActiveRecord: 1.6ms | Allocations: 3614)


Started GET "/journee_observations/5" for ::1 at 2026-02-12 16:59:35 +0100
Processing by JourneeObservationsController#show as TURBO_STREAM
  Parameters: {"id"=>"5"}
  [1m[36mJourneeObservation Load (0.2ms)[0m  [1m[34mSELECT "journee_observations".* FROM "journee_observations" WHERE "journee_observations"."id" = ? LIMIT ?[0m  [["id", 5], ["LIMIT", 1]]
  ↳ app/controllers/journee_observations_controller.rb:45:in `set_journee_observation'
  Rendering layout layouts/application.html.erb
  Rendering journee_observations/show.html.erb within layouts/application
  [1m[36mEntree Load (0.1ms)[0m  [1m[34mSELECT "entrees".* FROM "entrees" WHERE "entrees"."journee_observation_id" = ? ORDER BY "entrees"."heure" ASC[0m  [["journee_observation_id", 5]]
  ↳ app/views/journee_observations/show.html.erb:57
  [1m[36mEntree Sum (0.0ms)[0m  [1m[34mSELECT SUM("entrees"."volume_boisson") FROM "entrees" WHERE "entrees"."journee_observation_id" = ?[0m  [["journee_observation_id", 5]]
  ↳ app/models/journee_observation.rb:9:in `total_boissons'
  [1m[36mEntree Sum (0.0ms)[0m  [1m[34mSELECT SUM("entrees"."volume_urine") FROM "entrees" WHERE "entrees"."journee_observation_id" = ?[0m  [["journee_observation_id", 5]]
  ↳ app/models/journee_observation.rb:13:in `total_urine'
  Rendered entrees/_form.html.erb (Duration: 1.2ms | Allocations: 1164)
  Rendered journee_observations/show.html.erb within layouts/application (Duration: 4.0ms | Allocations: 3064)
  Rendered layout layouts/application.html.erb (Duration: 6.3ms | Allocations: 4905)
Completed 200 OK in 8ms (Views: 6.5ms | ActiveRecord: 0.2ms | Allocations: 5725)


Started GET "/resultats" for ::1 at 2026-02-12 16:59:44 +0100
Processing by ResultatsController#index as HTML
  [1m[36mJourneeObservation Pluck (0.2ms)[0m  [1m[34mSELECT "journee_observations"."date_observation" FROM "journee_observations" ORDER BY "journee_observations"."date_observation" DESC[0m
  ↳ app/controllers/resultats_controller.rb:3:in `index'
  Rendering layout layouts/application.html.erb
  Rendering resultats/index.html.erb within layouts/application
  Rendered resultats/index.html.erb within layouts/application (Duration: 0.5ms | Allocations: 150)
  Rendered layout layouts/application.html.erb (Duration: 4.7ms | Allocations: 2317)
Completed 200 OK in 8ms (Views: 5.5ms | ActiveRecord: 0.2ms | Allocations: 2968)


Started GET "/resultats?commit=Afficher+les+resultats" for ::1 at 2026-02-12 16:59:46 +0100
Processing by ResultatsController#index as HTML
  Parameters: {"commit"=>"Afficher les resultats"}
  [1m[36mJourneeObservation Pluck (0.1ms)[0m  [1m[34mSELECT "journee_observations"."date_observation" FROM "journee_observations" ORDER BY "journee_observations"."date_observation" DESC[0m
  ↳ app/controllers/resultats_controller.rb:3:in `index'
  Rendering layout layouts/application.html.erb
  Rendering resultats/index.html.erb within layouts/application
  Rendered resultats/index.html.erb within layouts/application (Duration: 0.5ms | Allocations: 150)
  Rendered layout layouts/application.html.erb (Duration: 4.1ms | Allocations: 2296)
Completed 200 OK in 7ms (Views: 4.7ms | ActiveRecord: 0.1ms | Allocations: 2944)


Started GET "/resultats?commit=Afficher+les+resultats" for ::1 at 2026-02-12 16:59:48 +0100
Processing by ResultatsController#index as HTML
  Parameters: {"commit"=>"Afficher les resultats"}
  [1m[36mJourneeObservation Pluck (0.1ms)[0m  [1m[34mSELECT "journee_observations"."date_observation" FROM "journee_observations" ORDER BY "journee_observations"."date_observation" DESC[0m
  ↳ app/controllers/resultats_controller.rb:3:in `index'
  Rendering layout layouts/application.html.erb
  Rendering resultats/index.html.erb within layouts/application
  Rendered resultats/index.html.erb within layouts/application (Duration: 0.4ms | Allocations: 150)
  Rendered layout layouts/application.html.erb (Duration: 3.8ms | Allocations: 2296)
Completed 200 OK in 7ms (Views: 4.4ms | ActiveRecord: 0.1ms | Allocations: 2944)


Started GET "/resultats?dates%5B%5D=2026-02-12&commit=Afficher+les+resultats" for ::1 at 2026-02-12 16:59:50 +0100
Processing by ResultatsController#index as HTML
  Parameters: {"dates"=>["2026-02-12"], "commit"=>"Afficher les resultats"}
  [1m[36mJourneeObservation Pluck (0.1ms)[0m  [1m[34mSELECT "journee_observations"."date_observation" FROM "journee_observations" ORDER BY "journee_observations"."date_observation" DESC[0m
  ↳ app/controllers/resultats_controller.rb:3:in `index'
  [1m[36mJourneeObservation Load (0.2ms)[0m  [1m[34mSELECT "journee_observations".* FROM "journee_observations" WHERE "journee_observations"."date_observation" = ? ORDER BY "journee_observations"."date_observation" DESC[0m  [["date_observation", "2026-02-12"]]
  ↳ app/controllers/resultats_controller.rb:11:in `index'
  [1m[36mEntree Load (0.1ms)[0m  [1m[34mSELECT "entrees".* FROM "entrees" WHERE "entrees"."journee_observation_id" = ?[0m  [["journee_observation_id", 5]]
  ↳ app/controllers/resultats_controller.rb:11:in `index'
  [1m[36mEntree Sum (0.0ms)[0m  [1m[34mSELECT SUM("entrees"."volume_boisson") FROM "entrees" WHERE "entrees"."journee_observation_id" = ?[0m  [["journee_observation_id", 5]]
  ↳ app/models/journee_observation.rb:9:in `total_boissons'
  [1m[36mEntree Sum (0.0ms)[0m  [1m[34mSELECT SUM("entrees"."volume_urine") FROM "entrees" WHERE "entrees"."journee_observation_id" = ?[0m  [["journee_observation_id", 5]]
  ↳ app/models/journee_observation.rb:13:in `total_urine'
  Rendering layout layouts/application.html.erb
  Rendering resultats/index.html.erb within layouts/application
  [1m[36mEntree Load (0.1ms)[0m  [1m[34mSELECT "entrees".* FROM "entrees" WHERE "entrees"."journee_observation_id" = ? ORDER BY "entrees"."heure" ASC[0m  [["journee_observation_id", 5]]
  ↳ app/views/resultats/index.html.erb:73
  [1m[36mCACHE Entree Sum (0.0ms)[0m  [1m[34mSELECT SUM("entrees"."volume_boisson") FROM "entrees" WHERE "entrees"."journee_observation_id" = ?[0m  [["journee_observation_id", 5]]
  ↳ app/models/journee_observation.rb:9:in `total_boissons'
  [1m[36mCACHE Entree Sum (0.0ms)[0m  [1m[34mSELECT SUM("entrees"."volume_urine") FROM "entrees" WHERE "entrees"."journee_observation_id" = ?[0m  [["journee_observation_id", 5]]
  ↳ app/models/journee_observation.rb:13:in `total_urine'
  Rendered resultats/index.html.erb within layouts/application (Duration: 2.8ms | Allocations: 1671)
  Rendered layout layouts/application.html.erb (Duration: 6.4ms | Allocations: 3838)
Completed 200 OK in 14ms (Views: 6.8ms | ActiveRecord: 0.5ms | Allocations: 6813)


Started GET "/" for ::1 at 2026-02-12 17:00:26 +0100
Processing by JourneeObservationsController#index as HTML
  [1m[36mJourneeObservation Load (0.2ms)[0m  [1m[34mSELECT "journee_observations".* FROM "journee_observations" WHERE "journee_observations"."date_observation" = ? LIMIT ?[0m  [["date_observation", "2026-02-12"], ["LIMIT", 1]]
  ↳ app/controllers/journee_observations_controller.rb:6:in `index'
  Rendering layout layouts/application.html.erb
  Rendering journee_observations/index.html.erb within layouts/application
  [1m[36mJourneeObservation Exists? (0.1ms)[0m  [1m[34mSELECT 1 AS one FROM "journee_observations" LIMIT ?[0m  [["LIMIT", 1]]
  ↳ app/views/journee_observations/index.html.erb:34
  [1m[36mJourneeObservation Load (0.0ms)[0m  [1m[34mSELECT "journee_observations".* FROM "journee_observations" ORDER BY "journee_observations"."date_observation" DESC[0m
  ↳ app/views/journee_observations/index.html.erb:41
  [1m[36mEntree Count (0.3ms)[0m  [1m[34mSELECT COUNT(*) FROM "entrees" WHERE "entrees"."journee_observation_id" = ?[0m  [["journee_observation_id", 5]]
  ↳ app/views/journee_observations/index.html.erb:66
  Rendered journee_observations/index.html.erb within layouts/application (Duration: 3.6ms | Allocations: 1642)
  Rendered layout layouts/application.html.erb (Duration: 6.8ms | Allocations: 3789)
Completed 200 OK in 10ms (Views: 7.0ms | ActiveRecord: 0.7ms | Allocations: 4467)


Started DELETE "/journee_observations/5?_method=delete" for ::1 at 2026-02-12 17:00:39 +0100
Processing by JourneeObservationsController#destroy as TURBO_STREAM
  Parameters: {"id"=>"5"}
  [1m[36mJourneeObservation Load (0.2ms)[0m  [1m[34mSELECT "journee_observations".* FROM "journee_observations" WHERE "journee_observations"."id" = ? LIMIT ?[0m  [["id", 5], ["LIMIT", 1]]
  ↳ app/controllers/journee_observations_controller.rb:45:in `set_journee_observation'
  [1m[36mTRANSACTION (0.1ms)[0m  [1m[36mbegin transaction[0m
  ↳ app/controllers/journee_observations_controller.rb:38:in `destroy'
  [1m[36mEntree Load (1.2ms)[0m  [1m[34mSELECT "entrees".* FROM "entrees" WHERE "entrees"."journee_observation_id" = ?[0m  [["journee_observation_id", 5]]
  ↳ app/controllers/journee_observations_controller.rb:38:in `destroy'
  [1m[36mEntree Destroy (0.1ms)[0m  [1m[31mDELETE FROM "entrees" WHERE "entrees"."id" = ?[0m  [["id", 5]]
  ↳ app/controllers/journee_observations_controller.rb:38:in `destroy'
  [1m[36mEntree Destroy (0.0ms)[0m  [1m[31mDELETE FROM "entrees" WHERE "entrees"."id" = ?[0m  [["id", 6]]
  ↳ app/controllers/journee_observations_controller.rb:38:in `destroy'
  [1m[36mJourneeObservation Destroy (0.1ms)[0m  [1m[31mDELETE FROM "journee_observations" WHERE "journee_observations"."id" = ?[0m  [["id", 5]]
  ↳ app/controllers/journee_observations_controller.rb:38:in `destroy'
  [1m[36mTRANSACTION (1.2ms)[0m  [1m[36mcommit transaction[0m
  ↳ app/controllers/journee_observations_controller.rb:38:in `destroy'
Redirected to http://localhost:3000/journee_observations
Completed 302 Found in 10ms (ActiveRecord: 2.8ms | Allocations: 4195)


Started GET "/journee_observations" for ::1 at 2026-02-12 17:00:39 +0100
Processing by JourneeObservationsController#index as TURBO_STREAM
  [1m[36mJourneeObservation Load (0.1ms)[0m  [1m[34mSELECT "journee_observations".* FROM "journee_observations" WHERE "journee_observations"."date_observation" = ? LIMIT ?[0m  [["date_observation", "2026-02-12"], ["LIMIT", 1]]
  ↳ app/controllers/journee_observations_controller.rb:6:in `index'
  Rendering layout layouts/application.html.erb
  Rendering journee_observations/index.html.erb within layouts/application
  [1m[36mJourneeObservation Exists? (0.1ms)[0m  [1m[34mSELECT 1 AS one FROM "journee_observations" LIMIT ?[0m  [["LIMIT", 1]]
  ↳ app/views/journee_observations/index.html.erb:34
  Rendered journee_observations/index.html.erb within layouts/application (Duration: 0.9ms | Allocations: 459)
  Rendered layout layouts/application.html.erb (Duration: 3.8ms | Allocations: 2629)
Completed 200 OK in 6ms (Views: 4.2ms | ActiveRecord: 0.2ms | Allocations: 3297)


Started GET "/resultats" for ::1 at 2026-02-12 17:03:34 +0100
Processing by ResultatsController#index as HTML
  [1m[36mJourneeObservation Pluck (0.1ms)[0m  [1m[34mSELECT "journee_observations"."date_observation" FROM "journee_observations" ORDER BY "journee_observations"."date_observation" DESC[0m
  ↳ app/controllers/resultats_controller.rb:3:in `index'
  Rendering layout layouts/application.html.erb
  Rendering resultats/index.html.erb within layouts/application
  Rendered resultats/index.html.erb within layouts/application (Duration: 0.2ms | Allocations: 49)
  Rendered layout layouts/application.html.erb (Duration: 3.9ms | Allocations: 2193)
Completed 200 OK in 6ms (Views: 4.5ms | ActiveRecord: 0.1ms | Allocations: 2834)


Started GET "/tableau_comparaison?mode_comparaison=periodes&periode1=2024_2025&periode2=2025_2026&mois_debut=octobre&mois_fin=janvier" for ::1 at 2026-02-12 17:04:42 +0100
  
ActionController::RoutingError (No route matches [GET] "/tableau_comparaison"):
  
Started GET "/tableau_comparaison?mode_comparaison=periodes&periode1=2024_2025&periode2=2025_2026&mois_debut=janvier&mois_fin=janvier" for ::1 at 2026-02-12 17:04:42 +0100
  
ActionController::RoutingError (No route matches [GET] "/tableau_comparaison"):
  
Started GET "/" for ::1 at 2026-02-12 17:04:47 +0100
Processing by JourneeObservationsController#index as HTML
  [1m[36mJourneeObservation Load (0.1ms)[0m  [1m[34mSELECT "journee_observations".* FROM "journee_observations" WHERE "journee_observations"."date_observation" = ? LIMIT ?[0m  [["date_observation", "2026-02-12"], ["LIMIT", 1]]
  ↳ app/controllers/journee_observations_controller.rb:6:in `index'
  Rendering layout layouts/application.html.erb
  Rendering journee_observations/index.html.erb within layouts/application
  [1m[36mJourneeObservation Exists? (0.1ms)[0m  [1m[34mSELECT 1 AS one FROM "journee_observations" LIMIT ?[0m  [["LIMIT", 1]]
  ↳ app/views/journee_observations/index.html.erb:34
  Rendered journee_observations/index.html.erb within layouts/application (Duration: 0.8ms | Allocations: 459)
  Rendered layout layouts/application.html.erb (Duration: 2.9ms | Allocations: 2628)
Completed 200 OK in 5ms (Views: 3.2ms | ActiveRecord: 0.2ms | Allocations: 3295)


Started GET "/" for ::1 at 2026-02-28 16:32:10 +0100
  [1m[36mActiveRecord::SchemaMigration Load (0.0ms)[0m  [1m[34mSELECT "schema_migrations"."version" FROM "schema_migrations" ORDER BY "schema_migrations"."version" ASC[0m
Processing by JourneeObservationsController#index as HTML
  [1m[36mJourneeObservation Load (0.2ms)[0m  [1m[34mSELECT "journee_observations".* FROM "journee_observations" WHERE "journee_observations"."date_observation" = ? LIMIT ?[0m  [["date_observation", "2026-02-28"], ["LIMIT", 1]]
  ↳ app/controllers/journee_observations_controller.rb:6:in `index'
  Rendering layout layouts/application.html.erb
  Rendering journee_observations/index.html.erb within layouts/application
  [1m[36mJourneeObservation Exists? (0.0ms)[0m  [1m[34mSELECT 1 AS one FROM "journee_observations" LIMIT ?[0m  [["LIMIT", 1]]
  ↳ app/views/journee_observations/index.html.erb:34
  Rendered journee_observations/index.html.erb within layouts/application (Duration: 0.8ms | Allocations: 1548)
  Rendered layout layouts/application.html.erb (Duration: 22.3ms | Allocations: 50083)
Completed 200 OK in 41ms (Views: 23.6ms | ActiveRecord: 0.9ms | Allocations: 64543)


Started GET "/journee_observations/new" for ::1 at 2026-02-28 16:32:15 +0100
Processing by JourneeObservationsController#new as HTML
  Rendering layout layouts/application.html.erb
  Rendering journee_observations/new.html.erb within layouts/application
  Rendered journee_observations/_form.html.erb (Duration: 10.2ms | Allocations: 3072)
  Rendered journee_observations/new.html.erb within layouts/application (Duration: 12.1ms | Allocations: 3450)
  Rendered layout layouts/application.html.erb (Duration: 14.2ms | Allocations: 5278)
Completed 200 OK in 24ms (Views: 15.1ms | ActiveRecord: 0.4ms | Allocations: 10643)


Started POST "/journee_observations" for ::1 at 2026-02-28 16:32:26 +0100
Processing by JourneeObservationsController#create as TURBO_STREAM
  Parameters: {"authenticity_token"=>"[FILTERED]", "journee_observation"=>{"date_observation"=>"2026-02-28", "heure_lever"=>"", "heure_coucher"=>""}, "commit"=>"Create Journee observation"}
  [1m[36mTRANSACTION (0.1ms)[0m  [1m[36mbegin transaction[0m
  ↳ app/controllers/journee_observations_controller.rb:19:in `create'
  [1m[36mJourneeObservation Exists? (1.1ms)[0m  [1m[34mSELECT 1 AS one FROM "journee_observations" WHERE "journee_observations"."date_observation" = ? LIMIT ?[0m  [["date_observation", "2026-02-28"], ["LIMIT", 1]]
  ↳ app/controllers/journee_observations_controller.rb:19:in `create'
  [1m[36mJourneeObservation Create (0.3ms)[0m  [1m[32mINSERT INTO "journee_observations" ("date_observation", "heure_lever", "heure_coucher", "created_at", "updated_at") VALUES (?, ?, ?, ?, ?) RETURNING "id"[0m  [["date_observation", "2026-02-28"], ["heure_lever", nil], ["heure_coucher", nil], ["created_at", "2026-02-28 15:32:26.447145"], ["updated_at", "2026-02-28 15:32:26.447145"]]
  ↳ app/controllers/journee_observations_controller.rb:19:in `create'
  [1m[36mTRANSACTION (0.6ms)[0m  [1m[36mcommit transaction[0m
  ↳ app/controllers/journee_observations_controller.rb:19:in `create'
Redirected to http://localhost:3000/journee_observations/6
Completed 302 Found in 17ms (ActiveRecord: 2.1ms | Allocations: 4255)


Started GET "/journee_observations/6" for ::1 at 2026-02-28 16:32:26 +0100
Processing by JourneeObservationsController#show as TURBO_STREAM
  Parameters: {"id"=>"6"}
  [1m[36mJourneeObservation Load (0.2ms)[0m  [1m[34mSELECT "journee_observations".* FROM "journee_observations" WHERE "journee_observations"."id" = ? LIMIT ?[0m  [["id", 6], ["LIMIT", 1]]
  ↳ app/controllers/journee_observations_controller.rb:45:in `set_journee_observation'
  Rendering layout layouts/application.html.erb
  Rendering journee_observations/show.html.erb within layouts/application
  [1m[36mEntree Load (0.1ms)[0m  [1m[34mSELECT "entrees".* FROM "entrees" WHERE "entrees"."journee_observation_id" = ? ORDER BY "entrees"."heure" ASC[0m  [["journee_observation_id", 6]]
  ↳ app/views/journee_observations/show.html.erb:57
  [1m[36mEntree Sum (0.1ms)[0m  [1m[34mSELECT SUM("entrees"."volume_boisson") FROM "entrees" WHERE "entrees"."journee_observation_id" = ?[0m  [["journee_observation_id", 6]]
  ↳ app/models/journee_observation.rb:9:in `total_boissons'
  [1m[36mEntree Sum (0.0ms)[0m  [1m[34mSELECT SUM("entrees"."volume_urine") FROM "entrees" WHERE "entrees"."journee_observation_id" = ?[0m  [["journee_observation_id", 6]]
  ↳ app/models/journee_observation.rb:13:in `total_urine'
  Rendered entrees/_form.html.erb (Duration: 2.1ms | Allocations: 2204)
  Rendered journee_observations/show.html.erb within layouts/application (Duration: 4.3ms | Allocations: 4881)
  Rendered layout layouts/application.html.erb (Duration: 5.3ms | Allocations: 6756)
Completed 200 OK in 21ms (Views: 5.4ms | ActiveRecord: 0.5ms | Allocations: 18395)


Started GET "/journee_observations" for ::1 at 2026-02-28 16:32:42 +0100
Processing by JourneeObservationsController#index as HTML
  [1m[36mJourneeObservation Load (0.2ms)[0m  [1m[34mSELECT "journee_observations".* FROM "journee_observations" WHERE "journee_observations"."date_observation" = ? LIMIT ?[0m  [["date_observation", "2026-02-28"], ["LIMIT", 1]]
  ↳ app/controllers/journee_observations_controller.rb:6:in `index'
  Rendering layout layouts/application.html.erb
  Rendering journee_observations/index.html.erb within layouts/application
  [1m[36mJourneeObservation Exists? (0.2ms)[0m  [1m[34mSELECT 1 AS one FROM "journee_observations" LIMIT ?[0m  [["LIMIT", 1]]
  ↳ app/views/journee_observations/index.html.erb:34
  [1m[36mJourneeObservation Load (0.3ms)[0m  [1m[34mSELECT "journee_observations".* FROM "journee_observations" ORDER BY "journee_observations"."date_observation" DESC[0m
  ↳ app/views/journee_observations/index.html.erb:41
  [1m[36mEntree Count (0.1ms)[0m  [1m[34mSELECT COUNT(*) FROM "entrees" WHERE "entrees"."journee_observation_id" = ?[0m  [["journee_observation_id", 6]]
  ↳ app/views/journee_observations/index.html.erb:66
  Rendered journee_observations/index.html.erb within layouts/application (Duration: 4.5ms | Allocations: 1709)
  Rendered layout layouts/application.html.erb (Duration: 7.9ms | Allocations: 3748)
Completed 200 OK in 11ms (Views: 7.9ms | ActiveRecord: 0.8ms | Allocations: 4431)


Started DELETE "/journee_observations/6?_method=delete" for ::1 at 2026-02-28 16:32:47 +0100
Processing by JourneeObservationsController#destroy as TURBO_STREAM
  Parameters: {"id"=>"6"}
  [1m[36mJourneeObservation Load (0.2ms)[0m  [1m[34mSELECT "journee_observations".* FROM "journee_observations" WHERE "journee_observations"."id" = ? LIMIT ?[0m  [["id", 6], ["LIMIT", 1]]
  ↳ app/controllers/journee_observations_controller.rb:45:in `set_journee_observation'
  [1m[36mTRANSACTION (0.1ms)[0m  [1m[36mbegin transaction[0m
  ↳ app/controllers/journee_observations_controller.rb:38:in `destroy'
  [1m[36mEntree Load (1.1ms)[0m  [1m[34mSELECT "entrees".* FROM "entrees" WHERE "entrees"."journee_observation_id" = ?[0m  [["journee_observation_id", 6]]
  ↳ app/controllers/journee_observations_controller.rb:38:in `destroy'
  [1m[36mJourneeObservation Destroy (0.1ms)[0m  [1m[31mDELETE FROM "journee_observations" WHERE "journee_observations"."id" = ?[0m  [["id", 6]]
  ↳ app/controllers/journee_observations_controller.rb:38:in `destroy'
  [1m[36mTRANSACTION (0.1ms)[0m  [1m[36mcommit transaction[0m
  ↳ app/controllers/journee_observations_controller.rb:38:in `destroy'
Redirected to http://localhost:3000/journee_observations
Completed 302 Found in 8ms (ActiveRecord: 1.5ms | Allocations: 3636)


Started GET "/journee_observations" for ::1 at 2026-02-28 16:32:47 +0100
Processing by JourneeObservationsController#index as TURBO_STREAM
  [1m[36mJourneeObservation Load (0.2ms)[0m  [1m[34mSELECT "journee_observations".* FROM "journee_observations" WHERE "journee_observations"."date_observation" = ? LIMIT ?[0m  [["date_observation", "2026-02-28"], ["LIMIT", 1]]
  ↳ app/controllers/journee_observations_controller.rb:6:in `index'
  Rendering layout layouts/application.html.erb
  Rendering journee_observations/index.html.erb within layouts/application
  [1m[36mJourneeObservation Exists? (0.1ms)[0m  [1m[34mSELECT 1 AS one FROM "journee_observations" LIMIT ?[0m  [["LIMIT", 1]]
  ↳ app/views/journee_observations/index.html.erb:34
  Rendered journee_observations/index.html.erb within layouts/application (Duration: 1.1ms | Allocations: 459)
  Rendered layout layouts/application.html.erb (Duration: 4.3ms | Allocations: 2521)
Completed 200 OK in 7ms (Views: 4.8ms | ActiveRecord: 0.3ms | Allocations: 3190)


Started GET "/" for ::1 at 2026-03-22 08:21:36 +0100
  [1m[36mActiveRecord::SchemaMigration Load (0.0ms)[0m  [1m[34mSELECT "schema_migrations"."version" FROM "schema_migrations" ORDER BY "schema_migrations"."version" ASC[0m
Processing by JourneeObservationsController#index as HTML
  [1m[36mJourneeObservation Load (0.1ms)[0m  [1m[34mSELECT "journee_observations".* FROM "journee_observations" WHERE "journee_observations"."date_observation" = ? LIMIT ?[0m  [["date_observation", "2026-03-22"], ["LIMIT", 1]]
  ↳ app/controllers/journee_observations_controller.rb:6:in `index'
  Rendering layout layouts/application.html.erb
  Rendering journee_observations/index.html.erb within layouts/application
  [1m[36mJourneeObservation Exists? (0.1ms)[0m  [1m[34mSELECT 1 AS one FROM "journee_observations" LIMIT ?[0m  [["LIMIT", 1]]
  ↳ app/views/journee_observations/index.html.erb:34
  Rendered journee_observations/index.html.erb within layouts/application (Duration: 1.0ms | Allocations: 1548)
  Rendered layout layouts/application.html.erb (Duration: 19.2ms | Allocations: 49626)
Completed 200 OK in 39ms (Views: 20.8ms | ActiveRecord: 0.9ms | Allocations: 64085)


Started GET "/journee_observations/new" for ::1 at 2026-03-22 08:21:38 +0100
Processing by JourneeObservationsController#new as HTML
  Rendering layout layouts/application.html.erb
  Rendering journee_observations/new.html.erb within layouts/application
  Rendered journee_observations/_form.html.erb (Duration: 11.5ms | Allocations: 3072)
  Rendered journee_observations/new.html.erb within layouts/application (Duration: 13.3ms | Allocations: 3450)
  Rendered layout layouts/application.html.erb (Duration: 15.5ms | Allocations: 5278)
Completed 200 OK in 28ms (Views: 16.3ms | ActiveRecord: 0.4ms | Allocations: 10643)


Started GET "/journee_observations/new" for ::1 at 2026-03-22 08:21:39 +0100
Processing by JourneeObservationsController#new as HTML
  Rendering layout layouts/application.html.erb
  Rendering journee_observations/new.html.erb within layouts/application
  Rendered journee_observations/_form.html.erb (Duration: 1.8ms | Allocations: 739)
  Rendered journee_observations/new.html.erb within layouts/application (Duration: 2.1ms | Allocations: 832)
  Rendered layout layouts/application.html.erb (Duration: 4.6ms | Allocations: 2660)
Completed 200 OK in 6ms (Views: 5.2ms | ActiveRecord: 0.0ms | Allocations: 2944)


Started POST "/journee_observations" for ::1 at 2026-03-22 08:21:57 +0100
Processing by JourneeObservationsController#create as TURBO_STREAM
  Parameters: {"authenticity_token"=>"[FILTERED]", "journee_observation"=>{"date_observation"=>"2026-03-22", "heure_lever"=>"06:20", "heure_coucher"=>""}, "commit"=>"Create Journee observation"}
  [1m[36mTRANSACTION (0.1ms)[0m  [1m[36mbegin transaction[0m
  ↳ app/controllers/journee_observations_controller.rb:19:in `create'
  [1m[36mJourneeObservation Exists? (1.0ms)[0m  [1m[34mSELECT 1 AS one FROM "journee_observations" WHERE "journee_observations"."date_observation" = ? LIMIT ?[0m  [["date_observation", "2026-03-22"], ["LIMIT", 1]]
  ↳ app/controllers/journee_observations_controller.rb:19:in `create'
  [1m[36mJourneeObservation Create (0.4ms)[0m  [1m[32mINSERT INTO "journee_observations" ("date_observation", "heure_lever", "heure_coucher", "created_at", "updated_at") VALUES (?, ?, ?, ?, ?) RETURNING "id"[0m  [["date_observation", "2026-03-22"], ["heure_lever", "2000-01-01 06:20:00"], ["heure_coucher", nil], ["created_at", "2026-03-22 07:21:57.532671"], ["updated_at", "2026-03-22 07:21:57.532671"]]
  ↳ app/controllers/journee_observations_controller.rb:19:in `create'
  [1m[36mTRANSACTION (0.3ms)[0m  [1m[36mcommit transaction[0m
  ↳ app/controllers/journee_observations_controller.rb:19:in `create'
Redirected to http://localhost:3000/journee_observations/7
Completed 302 Found in 9ms (ActiveRecord: 1.7ms | Allocations: 4426)


Started GET "/journee_observations/7" for ::1 at 2026-03-22 08:21:57 +0100
Processing by JourneeObservationsController#show as TURBO_STREAM
  Parameters: {"id"=>"7"}
  [1m[36mJourneeObservation Load (0.1ms)[0m  [1m[34mSELECT "journee_observations".* FROM "journee_observations" WHERE "journee_observations"."id" = ? LIMIT ?[0m  [["id", 7], ["LIMIT", 1]]
  ↳ app/controllers/journee_observations_controller.rb:45:in `set_journee_observation'
  Rendering layout layouts/application.html.erb
  Rendering journee_observations/show.html.erb within layouts/application
  [1m[36mEntree Load (0.1ms)[0m  [1m[34mSELECT "entrees".* FROM "entrees" WHERE "entrees"."journee_observation_id" = ? ORDER BY "entrees"."heure" ASC[0m  [["journee_observation_id", 7]]
  ↳ app/views/journee_observations/show.html.erb:57
  [1m[36mEntree Sum (0.3ms)[0m  [1m[34mSELECT SUM("entrees"."volume_boisson") FROM "entrees" WHERE "entrees"."journee_observation_id" = ?[0m  [["journee_observation_id", 7]]
  ↳ app/models/journee_observation.rb:9:in `total_boissons'
  [1m[36mEntree Sum (0.0ms)[0m  [1m[34mSELECT SUM("entrees"."volume_urine") FROM "entrees" WHERE "entrees"."journee_observation_id" = ?[0m  [["journee_observation_id", 7]]
  ↳ app/models/journee_observation.rb:13:in `total_urine'
  Rendered entrees/_form.html.erb (Duration: 2.6ms | Allocations: 2232)
  Rendered journee_observations/show.html.erb within layouts/application (Duration: 5.7ms | Allocations: 4938)
  Rendered layout layouts/application.html.erb (Duration: 6.7ms | Allocations: 6813)
Completed 200 OK in 21ms (Views: 6.5ms | ActiveRecord: 0.7ms | Allocations: 18437)


Started POST "/journee_observations/7/entrees" for ::1 at 2026-03-22 08:22:29 +0100
Processing by EntreesController#create as TURBO_STREAM
  Parameters: {"authenticity_token"=>"[FILTERED]", "entree"=>{"heure"=>"06:20", "volume_boisson"=>"", "volume_urine"=>"250", "urgenturies"=>"", "fuites"=>"", "commentaires"=>""}, "commit"=>"Ajouter", "journee_observation_id"=>"7"}
  [1m[36mJourneeObservation Load (0.4ms)[0m  [1m[34mSELECT "journee_observations".* FROM "journee_observations" WHERE "journee_observations"."id" = ? LIMIT ?[0m  [["id", 7], ["LIMIT", 1]]
  ↳ app/controllers/entrees_controller.rb:37:in `set_journee_observation'
  [1m[36mTRANSACTION (0.1ms)[0m  [1m[36mbegin transaction[0m
  ↳ app/controllers/entrees_controller.rb:11:in `create'
  [1m[36mEntree Create (0.9ms)[0m  [1m[32mINSERT INTO "entrees" ("journee_observation_id", "heure", "volume_boisson", "volume_urine", "urgenturies", "fuites", "commentaires", "created_at", "updated_at") VALUES (?, ?, ?, ?, ?, ?, ?, ?, ?) RETURNING "id"[0m  [["journee_observation_id", 7], ["heure", "2000-01-01 06:20:00"], ["volume_boisson", nil], ["volume_urine", 250], ["urgenturies", ""], ["fuites", ""], ["commentaires", ""], ["created_at", "2026-03-22 07:22:29.900415"], ["updated_at", "2026-03-22 07:22:29.900415"]]
  ↳ app/controllers/entrees_controller.rb:11:in `create'
  [1m[36mTRANSACTION (0.1ms)[0m  [1m[36mcommit transaction[0m
  ↳ app/controllers/entrees_controller.rb:11:in `create'
Redirected to http://localhost:3000/journee_observations/7
Completed 302 Found in 8ms (ActiveRecord: 1.5ms | Allocations: 3144)


Started GET "/journee_observations/7" for ::1 at 2026-03-22 08:22:29 +0100
Processing by JourneeObservationsController#show as TURBO_STREAM
  Parameters: {"id"=>"7"}
  [1m[36mJourneeObservation Load (0.1ms)[0m  [1m[34mSELECT "journee_observations".* FROM "journee_observations" WHERE "journee_observations"."id" = ? LIMIT ?[0m  [["id", 7], ["LIMIT", 1]]
  ↳ app/controllers/journee_observations_controller.rb:45:in `set_journee_observation'
  Rendering layout layouts/application.html.erb
  Rendering journee_observations/show.html.erb within layouts/application
  [1m[36mEntree Load (0.3ms)[0m  [1m[34mSELECT "entrees".* FROM "entrees" WHERE "entrees"."journee_observation_id" = ? ORDER BY "entrees"."heure" ASC[0m  [["journee_observation_id", 7]]
  ↳ app/views/journee_observations/show.html.erb:57
  [1m[36mEntree Sum (0.0ms)[0m  [1m[34mSELECT SUM("entrees"."volume_boisson") FROM "entrees" WHERE "entrees"."journee_observation_id" = ?[0m  [["journee_observation_id", 7]]
  ↳ app/models/journee_observation.rb:9:in `total_boissons'
  [1m[36mEntree Sum (0.0ms)[0m  [1m[34mSELECT SUM("entrees"."volume_urine") FROM "entrees" WHERE "entrees"."journee_observation_id" = ?[0m  [["journee_observation_id", 7]]
  ↳ app/models/journee_observation.rb:13:in `total_urine'
  Rendered entrees/_form.html.erb (Duration: 1.0ms | Allocations: 1027)
  Rendered journee_observations/show.html.erb within layouts/application (Duration: 3.6ms | Allocations: 2811)
  Rendered layout layouts/application.html.erb (Duration: 5.4ms | Allocations: 4639)
Completed 200 OK in 7ms (Views: 5.4ms | ActiveRecord: 0.5ms | Allocations: 5457)


Started POST "/journee_observations/7/entrees" for ::1 at 2026-03-22 08:22:59 +0100
Processing by EntreesController#create as TURBO_STREAM
  Parameters: {"authenticity_token"=>"[FILTERED]", "entree"=>{"heure"=>"07:46", "volume_boisson"=>"250", "volume_urine"=>"", "urgenturies"=>"", "fuites"=>"", "commentaires"=>""}, "commit"=>"Ajouter", "journee_observation_id"=>"7"}
  [1m[36mJourneeObservation Load (0.2ms)[0m  [1m[34mSELECT "journee_observations".* FROM "journee_observations" WHERE "journee_observations"."id" = ? LIMIT ?[0m  [["id", 7], ["LIMIT", 1]]
  ↳ app/controllers/entrees_controller.rb:37:in `set_journee_observation'
  [1m[36mTRANSACTION (0.1ms)[0m  [1m[36mbegin transaction[0m
  ↳ app/controllers/entrees_controller.rb:11:in `create'
  [1m[36mEntree Create (1.0ms)[0m  [1m[32mINSERT INTO "entrees" ("journee_observation_id", "heure", "volume_boisson", "volume_urine", "urgenturies", "fuites", "commentaires", "created_at", "updated_at") VALUES (?, ?, ?, ?, ?, ?, ?, ?, ?) RETURNING "id"[0m  [["journee_observation_id", 7], ["heure", "2000-01-01 07:46:00"], ["volume_boisson", 250], ["volume_urine", nil], ["urgenturies", ""], ["fuites", ""], ["commentaires", ""], ["created_at", "2026-03-22 07:22:59.036650"], ["updated_at", "2026-03-22 07:22:59.036650"]]
  ↳ app/controllers/entrees_controller.rb:11:in `create'
  [1m[36mTRANSACTION (0.3ms)[0m  [1m[36mcommit transaction[0m
  ↳ app/controllers/entrees_controller.rb:11:in `create'
Redirected to http://localhost:3000/journee_observations/7
Completed 302 Found in 8ms (ActiveRecord: 1.6ms | Allocations: 2679)


Started GET "/journee_observations/7" for ::1 at 2026-03-22 08:22:59 +0100
Processing by JourneeObservationsController#show as TURBO_STREAM
  Parameters: {"id"=>"7"}
  [1m[36mJourneeObservation Load (0.2ms)[0m  [1m[34mSELECT "journee_observations".* FROM "journee_observations" WHERE "journee_observations"."id" = ? LIMIT ?[0m  [["id", 7], ["LIMIT", 1]]
  ↳ app/controllers/journee_observations_controller.rb:45:in `set_journee_observation'
  Rendering layout layouts/application.html.erb
  Rendering journee_observations/show.html.erb within layouts/application
  [1m[36mEntree Load (1.1ms)[0m  [1m[34mSELECT "entrees".* FROM "entrees" WHERE "entrees"."journee_observation_id" = ? ORDER BY "entrees"."heure" ASC[0m  [["journee_observation_id", 7]]
  ↳ app/views/journee_observations/show.html.erb:57
  [1m[36mEntree Sum (0.1ms)[0m  [1m[34mSELECT SUM("entrees"."volume_boisson") FROM "entrees" WHERE "entrees"."journee_observation_id" = ?[0m  [["journee_observation_id", 7]]
  ↳ app/models/journee_observation.rb:9:in `total_boissons'
  [1m[36mEntree Sum (0.1ms)[0m  [1m[34mSELECT SUM("entrees"."volume_urine") FROM "entrees" WHERE "entrees"."journee_observation_id" = ?[0m  [["journee_observation_id", 7]]
  ↳ app/models/journee_observation.rb:13:in `total_urine'
  Rendered entrees/_form.html.erb (Duration: 1.4ms | Allocations: 1020)
  Rendered journee_observations/show.html.erb within layouts/application (Duration: 7.2ms | Allocations: 2902)
  Rendered layout layouts/application.html.erb (Duration: 9.3ms | Allocations: 4730)
Completed 200 OK in 12ms (Views: 8.5ms | ActiveRecord: 1.5ms | Allocations: 5547)


Started POST "/journee_observations/7/entrees" for ::1 at 2026-03-22 08:40:57 +0100
Processing by EntreesController#create as TURBO_STREAM
  Parameters: {"authenticity_token"=>"[FILTERED]", "entree"=>{"heure"=>"08:20", "volume_boisson"=>"", "volume_urine"=>"240", "urgenturies"=>"", "fuites"=>"", "commentaires"=>""}, "commit"=>"Ajouter", "journee_observation_id"=>"7"}
  [1m[36mJourneeObservation Load (2.3ms)[0m  [1m[34mSELECT "journee_observations".* FROM "journee_observations" WHERE "journee_observations"."id" = ? LIMIT ?[0m  [["id", 7], ["LIMIT", 1]]
  ↳ app/controllers/entrees_controller.rb:37:in `set_journee_observation'
  [1m[36mTRANSACTION (0.1ms)[0m  [1m[36mbegin transaction[0m
  ↳ app/controllers/entrees_controller.rb:11:in `create'
  [1m[36mEntree Create (1.9ms)[0m  [1m[32mINSERT INTO "entrees" ("journee_observation_id", "heure", "volume_boisson", "volume_urine", "urgenturies", "fuites", "commentaires", "created_at", "updated_at") VALUES (?, ?, ?, ?, ?, ?, ?, ?, ?) RETURNING "id"[0m  [["journee_observation_id", 7], ["heure", "2000-01-01 08:20:00"], ["volume_boisson", nil], ["volume_urine", 240], ["urgenturies", ""], ["fuites", ""], ["commentaires", ""], ["created_at", "2026-03-22 07:40:57.188456"], ["updated_at", "2026-03-22 07:40:57.188456"]]
  ↳ app/controllers/entrees_controller.rb:11:in `create'
  [1m[36mTRANSACTION (0.5ms)[0m  [1m[36mcommit transaction[0m
  ↳ app/controllers/entrees_controller.rb:11:in `create'
Redirected to http://localhost:3000/journee_observations/7
Completed 302 Found in 12ms (ActiveRecord: 5.7ms | Allocations: 2932)


Started GET "/journee_observations/7" for ::1 at 2026-03-22 08:40:57 +0100
Processing by JourneeObservationsController#show as TURBO_STREAM
  Parameters: {"id"=>"7"}
  [1m[36mJourneeObservation Load (0.2ms)[0m  [1m[34mSELECT "journee_observations".* FROM "journee_observations" WHERE "journee_observations"."id" = ? LIMIT ?[0m  [["id", 7], ["LIMIT", 1]]
  ↳ app/controllers/journee_observations_controller.rb:45:in `set_journee_observation'
  Rendering layout layouts/application.html.erb
  Rendering journee_observations/show.html.erb within layouts/application
  [1m[36mEntree Load (0.1ms)[0m  [1m[34mSELECT "entrees".* FROM "entrees" WHERE "entrees"."journee_observation_id" = ? ORDER BY "entrees"."heure" ASC[0m  [["journee_observation_id", 7]]
  ↳ app/views/journee_observations/show.html.erb:57
  [1m[36mEntree Sum (0.1ms)[0m  [1m[34mSELECT SUM("entrees"."volume_boisson") FROM "entrees" WHERE "entrees"."journee_observation_id" = ?[0m  [["journee_observation_id", 7]]
  ↳ app/models/journee_observation.rb:9:in `total_boissons'
  [1m[36mEntree Sum (0.0ms)[0m  [1m[34mSELECT SUM("entrees"."volume_urine") FROM "entrees" WHERE "entrees"."journee_observation_id" = ?[0m  [["journee_observation_id", 7]]
  ↳ app/models/journee_observation.rb:13:in `total_urine'
  Rendered entrees/_form.html.erb (Duration: 1.2ms | Allocations: 1036)
  Rendered journee_observations/show.html.erb within layouts/application (Duration: 3.8ms | Allocations: 3099)
  Rendered layout layouts/application.html.erb (Duration: 5.8ms | Allocations: 4927)
Completed 200 OK in 8ms (Views: 5.9ms | ActiveRecord: 0.4ms | Allocations: 5743)


Started POST "/journee_observations/7/entrees" for ::1 at 2026-03-22 08:51:05 +0100
Processing by EntreesController#create as TURBO_STREAM
  Parameters: {"authenticity_token"=>"[FILTERED]", "entree"=>{"heure"=>"08:50", "volume_boisson"=>"50", "volume_urine"=>"", "urgenturies"=>"", "fuites"=>"", "commentaires"=>""}, "commit"=>"Ajouter", "journee_observation_id"=>"7"}
  [1m[36mJourneeObservation Load (1.6ms)[0m  [1m[34mSELECT "journee_observations".* FROM "journee_observations" WHERE "journee_observations"."id" = ? LIMIT ?[0m  [["id", 7], ["LIMIT", 1]]
  ↳ app/controllers/entrees_controller.rb:37:in `set_journee_observation'
  [1m[36mTRANSACTION (0.1ms)[0m  [1m[36mbegin transaction[0m
  ↳ app/controllers/entrees_controller.rb:11:in `create'
  [1m[36mEntree Create (1.1ms)[0m  [1m[32mINSERT INTO "entrees" ("journee_observation_id", "heure", "volume_boisson", "volume_urine", "urgenturies", "fuites", "commentaires", "created_at", "updated_at") VALUES (?, ?, ?, ?, ?, ?, ?, ?, ?) RETURNING "id"[0m  [["journee_observation_id", 7], ["heure", "2000-01-01 08:50:00"], ["volume_boisson", 50], ["volume_urine", nil], ["urgenturies", ""], ["fuites", ""], ["commentaires", ""], ["created_at", "2026-03-22 07:51:05.258499"], ["updated_at", "2026-03-22 07:51:05.258499"]]
  ↳ app/controllers/entrees_controller.rb:11:in `create'
  [1m[36mTRANSACTION (0.9ms)[0m  [1m[36mcommit transaction[0m
  ↳ app/controllers/entrees_controller.rb:11:in `create'
Redirected to http://localhost:3000/journee_observations/7
Completed 302 Found in 10ms (ActiveRecord: 4.6ms | Allocations: 2921)


Started GET "/journee_observations/7" for ::1 at 2026-03-22 08:51:05 +0100
Processing by JourneeObservationsController#show as TURBO_STREAM
  Parameters: {"id"=>"7"}
  [1m[36mJourneeObservation Load (0.1ms)[0m  [1m[34mSELECT "journee_observations".* FROM "journee_observations" WHERE "journee_observations"."id" = ? LIMIT ?[0m  [["id", 7], ["LIMIT", 1]]
  ↳ app/controllers/journee_observations_controller.rb:45:in `set_journee_observation'
  Rendering layout layouts/application.html.erb
  Rendering journee_observations/show.html.erb within layouts/application
  [1m[36mEntree Load (0.1ms)[0m  [1m[34mSELECT "entrees".* FROM "entrees" WHERE "entrees"."journee_observation_id" = ? ORDER BY "entrees"."heure" ASC[0m  [["journee_observation_id", 7]]
  ↳ app/views/journee_observations/show.html.erb:57
  [1m[36mEntree Sum (0.2ms)[0m  [1m[34mSELECT SUM("entrees"."volume_boisson") FROM "entrees" WHERE "entrees"."journee_observation_id" = ?[0m  [["journee_observation_id", 7]]
  ↳ app/models/journee_observation.rb:9:in `total_boissons'
  [1m[36mEntree Sum (0.1ms)[0m  [1m[34mSELECT SUM("entrees"."volume_urine") FROM "entrees" WHERE "entrees"."journee_observation_id" = ?[0m  [["journee_observation_id", 7]]
  ↳ app/models/journee_observation.rb:13:in `total_urine'
  Rendered entrees/_form.html.erb (Duration: 1.3ms | Allocations: 1032)
  Rendered journee_observations/show.html.erb within layouts/application (Duration: 4.7ms | Allocations: 3235)
  Rendered layout layouts/application.html.erb (Duration: 6.3ms | Allocations: 5063)
Completed 200 OK in 8ms (Views: 6.2ms | ActiveRecord: 0.4ms | Allocations: 5879)


Started POST "/journee_observations/7/entrees" for ::1 at 2026-03-22 10:06:20 +0100
Processing by EntreesController#create as TURBO_STREAM
  Parameters: {"authenticity_token"=>"[FILTERED]", "entree"=>{"heure"=>"10:06", "volume_boisson"=>"", "volume_urine"=>"50", "urgenturies"=>"", "fuites"=>"", "commentaires"=>""}, "commit"=>"Ajouter", "journee_observation_id"=>"7"}
  [1m[36mJourneeObservation Load (2.8ms)[0m  [1m[34mSELECT "journee_observations".* FROM "journee_observations" WHERE "journee_observations"."id" = ? LIMIT ?[0m  [["id", 7], ["LIMIT", 1]]
  ↳ app/controllers/entrees_controller.rb:37:in `set_journee_observation'
  [1m[36mTRANSACTION (0.1ms)[0m  [1m[36mbegin transaction[0m
  ↳ app/controllers/entrees_controller.rb:11:in `create'
  [1m[36mEntree Create (1.3ms)[0m  [1m[32mINSERT INTO "entrees" ("journee_observation_id", "heure", "volume_boisson", "volume_urine", "urgenturies", "fuites", "commentaires", "created_at", "updated_at") VALUES (?, ?, ?, ?, ?, ?, ?, ?, ?) RETURNING "id"[0m  [["journee_observation_id", 7], ["heure", "2000-01-01 10:06:00"], ["volume_boisson", nil], ["volume_urine", 50], ["urgenturies", ""], ["fuites", ""], ["commentaires", ""], ["created_at", "2026-03-22 09:06:20.698532"], ["updated_at", "2026-03-22 09:06:20.698532"]]
  ↳ app/controllers/entrees_controller.rb:11:in `create'
  [1m[36mTRANSACTION (0.6ms)[0m  [1m[36mcommit transaction[0m
  ↳ app/controllers/entrees_controller.rb:11:in `create'
Redirected to http://localhost:3000/journee_observations/7
Completed 302 Found in 12ms (ActiveRecord: 5.9ms | Allocations: 2920)


Started GET "/journee_observations/7" for ::1 at 2026-03-22 10:06:20 +0100
Processing by JourneeObservationsController#show as TURBO_STREAM
  Parameters: {"id"=>"7"}
  [1m[36mJourneeObservation Load (0.3ms)[0m  [1m[34mSELECT "journee_observations".* FROM "journee_observations" WHERE "journee_observations"."id" = ? LIMIT ?[0m  [["id", 7], ["LIMIT", 1]]
  ↳ app/controllers/journee_observations_controller.rb:45:in `set_journee_observation'
  Rendering layout layouts/application.html.erb
  Rendering journee_observations/show.html.erb within layouts/application
  [1m[36mEntree Load (0.2ms)[0m  [1m[34mSELECT "entrees".* FROM "entrees" WHERE "entrees"."journee_observation_id" = ? ORDER BY "entrees"."heure" ASC[0m  [["journee_observation_id", 7]]
  ↳ app/views/journee_observations/show.html.erb:57
  [1m[36mEntree Sum (0.1ms)[0m  [1m[34mSELECT SUM("entrees"."volume_boisson") FROM "entrees" WHERE "entrees"."journee_observation_id" = ?[0m  [["journee_observation_id", 7]]
  ↳ app/models/journee_observation.rb:9:in `total_boissons'
  [1m[36mEntree Sum (0.0ms)[0m  [1m[34mSELECT SUM("entrees"."volume_urine") FROM "entrees" WHERE "entrees"."journee_observation_id" = ?[0m  [["journee_observation_id", 7]]
  ↳ app/models/journee_observation.rb:13:in `total_urine'
  Rendered entrees/_form.html.erb (Duration: 1.1ms | Allocations: 1035)
  Rendered journee_observations/show.html.erb within layouts/application (Duration: 4.4ms | Allocations: 3377)
  Rendered layout layouts/application.html.erb (Duration: 6.8ms | Allocations: 5205)
Completed 200 OK in 10ms (Views: 7.0ms | ActiveRecord: 0.5ms | Allocations: 6021)


Started POST "/journee_observations/7/entrees" for ::1 at 2026-03-22 11:10:50 +0100
Processing by EntreesController#create as TURBO_STREAM
  Parameters: {"authenticity_token"=>"[FILTERED]", "entree"=>{"heure"=>"11:10", "volume_boisson"=>"200", "volume_urine"=>"", "urgenturies"=>"", "fuites"=>"", "commentaires"=>""}, "commit"=>"Ajouter", "journee_observation_id"=>"7"}
  [1m[36mJourneeObservation Load (2.4ms)[0m  [1m[34mSELECT "journee_observations".* FROM "journee_observations" WHERE "journee_observations"."id" = ? LIMIT ?[0m  [["id", 7], ["LIMIT", 1]]
  ↳ app/controllers/entrees_controller.rb:37:in `set_journee_observation'
  [1m[36mTRANSACTION (0.1ms)[0m  [1m[36mbegin transaction[0m
  ↳ app/controllers/entrees_controller.rb:11:in `create'
  [1m[36mEntree Create (1.2ms)[0m  [1m[32mINSERT INTO "entrees" ("journee_observation_id", "heure", "volume_boisson", "volume_urine", "urgenturies", "fuites", "commentaires", "created_at", "updated_at") VALUES (?, ?, ?, ?, ?, ?, ?, ?, ?) RETURNING "id"[0m  [["journee_observation_id", 7], ["heure", "2000-01-01 11:10:00"], ["volume_boisson", 200], ["volume_urine", nil], ["urgenturies", ""], ["fuites", ""], ["commentaires", ""], ["created_at", "2026-03-22 10:10:50.859628"], ["updated_at", "2026-03-22 10:10:50.859628"]]
  ↳ app/controllers/entrees_controller.rb:11:in `create'
  [1m[36mTRANSACTION (0.5ms)[0m  [1m[36mcommit transaction[0m
  ↳ app/controllers/entrees_controller.rb:11:in `create'
Redirected to http://localhost:3000/journee_observations/7
Completed 302 Found in 11ms (ActiveRecord: 5.2ms | Allocations: 2941)


Started GET "/journee_observations/7" for ::1 at 2026-03-22 11:10:50 +0100
Processing by JourneeObservationsController#show as TURBO_STREAM
  Parameters: {"id"=>"7"}
  [1m[36mJourneeObservation Load (0.2ms)[0m  [1m[34mSELECT "journee_observations".* FROM "journee_observations" WHERE "journee_observations"."id" = ? LIMIT ?[0m  [["id", 7], ["LIMIT", 1]]
  ↳ app/controllers/journee_observations_controller.rb:45:in `set_journee_observation'
  Rendering layout layouts/application.html.erb
  Rendering journee_observations/show.html.erb within layouts/application
  [1m[36mEntree Load (0.1ms)[0m  [1m[34mSELECT "entrees".* FROM "entrees" WHERE "entrees"."journee_observation_id" = ? ORDER BY "entrees"."heure" ASC[0m  [["journee_observation_id", 7]]
  ↳ app/views/journee_observations/show.html.erb:57
  [1m[36mEntree Sum (0.1ms)[0m  [1m[34mSELECT SUM("entrees"."volume_boisson") FROM "entrees" WHERE "entrees"."journee_observation_id" = ?[0m  [["journee_observation_id", 7]]
  ↳ app/models/journee_observation.rb:9:in `total_boissons'
  [1m[36mEntree Sum (0.0ms)[0m  [1m[34mSELECT SUM("entrees"."volume_urine") FROM "entrees" WHERE "entrees"."journee_observation_id" = ?[0m  [["journee_observation_id", 7]]
  ↳ app/models/journee_observation.rb:13:in `total_urine'
  Rendered entrees/_form.html.erb (Duration: 1.2ms | Allocations: 1038)
  Rendered journee_observations/show.html.erb within layouts/application (Duration: 4.0ms | Allocations: 3519)
  Rendered layout layouts/application.html.erb (Duration: 12.0ms | Allocations: 5375)
Completed 200 OK in 14ms (Views: 12.2ms | ActiveRecord: 0.4ms | Allocations: 6192)


Started GET "/journee_observations/7/entrees/11/edit" for ::1 at 2026-03-22 11:11:21 +0100
Processing by EntreesController#edit as HTML
  Parameters: {"journee_observation_id"=>"7", "id"=>"11"}
  [1m[36mJourneeObservation Load (0.2ms)[0m  [1m[34mSELECT "journee_observations".* FROM "journee_observations" WHERE "journee_observations"."id" = ? LIMIT ?[0m  [["id", 7], ["LIMIT", 1]]
  ↳ app/controllers/entrees_controller.rb:37:in `set_journee_observation'
  [1m[36mEntree Load (0.2ms)[0m  [1m[34mSELECT "entrees".* FROM "entrees" WHERE "entrees"."journee_observation_id" = ? AND "entrees"."id" = ? LIMIT ?[0m  [["journee_observation_id", 7], ["id", 11], ["LIMIT", 1]]
  ↳ app/controllers/entrees_controller.rb:41:in `set_entree'
  Rendering layout layouts/application.html.erb
  Rendering entrees/edit.html.erb within layouts/application
  Rendered entrees/_form.html.erb (Duration: 2.1ms | Allocations: 1090)
  Rendered entrees/edit.html.erb within layouts/application (Duration: 3.5ms | Allocations: 1403)
  Rendered layout layouts/application.html.erb (Duration: 7.8ms | Allocations: 3234)
Completed 200 OK in 15ms (Views: 9.1ms | ActiveRecord: 0.4ms | Allocations: 4776)


Started PATCH "/journee_observations/7/entrees/11" for ::1 at 2026-03-22 11:11:52 +0100
Processing by EntreesController#update as TURBO_STREAM
  Parameters: {"authenticity_token"=>"[FILTERED]", "entree"=>{"heure"=>"10:06:00.000", "volume_boisson"=>"", "volume_urine"=>"50", "urgenturies"=>"", "fuites"=>"", "commentaires"=>"Av sortie"}, "commit"=>"Ajouter", "journee_observation_id"=>"7", "id"=>"11"}
  [1m[36mJourneeObservation Load (0.2ms)[0m  [1m[34mSELECT "journee_observations".* FROM "journee_observations" WHERE "journee_observations"."id" = ? LIMIT ?[0m  [["id", 7], ["LIMIT", 1]]
  ↳ app/controllers/entrees_controller.rb:37:in `set_journee_observation'
  [1m[36mEntree Load (0.2ms)[0m  [1m[34mSELECT "entrees".* FROM "entrees" WHERE "entrees"."journee_observation_id" = ? AND "entrees"."id" = ? LIMIT ?[0m  [["journee_observation_id", 7], ["id", 11], ["LIMIT", 1]]
  ↳ app/controllers/entrees_controller.rb:41:in `set_entree'
  [1m[36mTRANSACTION (0.1ms)[0m  [1m[36mbegin transaction[0m
  ↳ app/controllers/entrees_controller.rb:22:in `update'
  [1m[36mEntree Update (1.0ms)[0m  [1m[33mUPDATE "entrees" SET "commentaires" = ?, "updated_at" = ? WHERE "entrees"."id" = ?[0m  [["commentaires", "Av sortie"], ["updated_at", "2026-03-22 10:11:52.922451"], ["id", 11]]
  ↳ app/controllers/entrees_controller.rb:22:in `update'
  [1m[36mTRANSACTION (0.1ms)[0m  [1m[36mcommit transaction[0m
  ↳ app/controllers/entrees_controller.rb:22:in `update'
Redirected to http://localhost:3000/journee_observations/7
Completed 302 Found in 10ms (ActiveRecord: 1.6ms | Allocations: 3408)


Started GET "/journee_observations/7" for ::1 at 2026-03-22 11:11:52 +0100
Processing by JourneeObservationsController#show as TURBO_STREAM
  Parameters: {"id"=>"7"}
  [1m[36mJourneeObservation Load (0.2ms)[0m  [1m[34mSELECT "journee_observations".* FROM "journee_observations" WHERE "journee_observations"."id" = ? LIMIT ?[0m  [["id", 7], ["LIMIT", 1]]
  ↳ app/controllers/journee_observations_controller.rb:45:in `set_journee_observation'
  Rendering layout layouts/application.html.erb
  Rendering journee_observations/show.html.erb within layouts/application
  [1m[36mEntree Load (0.1ms)[0m  [1m[34mSELECT "entrees".* FROM "entrees" WHERE "entrees"."journee_observation_id" = ? ORDER BY "entrees"."heure" ASC[0m  [["journee_observation_id", 7]]
  ↳ app/views/journee_observations/show.html.erb:57
  [1m[36mEntree Sum (0.0ms)[0m  [1m[34mSELECT SUM("entrees"."volume_boisson") FROM "entrees" WHERE "entrees"."journee_observation_id" = ?[0m  [["journee_observation_id", 7]]
  ↳ app/models/journee_observation.rb:9:in `total_boissons'
  [1m[36mEntree Sum (0.0ms)[0m  [1m[34mSELECT SUM("entrees"."volume_urine") FROM "entrees" WHERE "entrees"."journee_observation_id" = ?[0m  [["journee_observation_id", 7]]
  ↳ app/models/journee_observation.rb:13:in `total_urine'
  Rendered entrees/_form.html.erb (Duration: 1.1ms | Allocations: 1032)
  Rendered journee_observations/show.html.erb within layouts/application (Duration: 4.6ms | Allocations: 3470)
  Rendered layout layouts/application.html.erb (Duration: 6.6ms | Allocations: 5323)
Completed 200 OK in 9ms (Views: 6.9ms | ActiveRecord: 0.3ms | Allocations: 6141)


Started GET "/journee_observations/7/entrees/8/edit" for ::1 at 2026-03-22 11:12:03 +0100
Processing by EntreesController#edit as HTML
  Parameters: {"journee_observation_id"=>"7", "id"=>"8"}
  [1m[36mJourneeObservation Load (0.2ms)[0m  [1m[34mSELECT "journee_observations".* FROM "journee_observations" WHERE "journee_observations"."id" = ? LIMIT ?[0m  [["id", 7], ["LIMIT", 1]]
  ↳ app/controllers/entrees_controller.rb:37:in `set_journee_observation'
  [1m[36mEntree Load (0.1ms)[0m  [1m[34mSELECT "entrees".* FROM "entrees" WHERE "entrees"."journee_observation_id" = ? AND "entrees"."id" = ? LIMIT ?[0m  [["journee_observation_id", 7], ["id", 8], ["LIMIT", 1]]
  ↳ app/controllers/entrees_controller.rb:41:in `set_entree'
  Rendering layout layouts/application.html.erb
  Rendering entrees/edit.html.erb within layouts/application
  Rendered entrees/_form.html.erb (Duration: 1.5ms | Allocations: 1076)
  Rendered entrees/edit.html.erb within layouts/application (Duration: 1.7ms | Allocations: 1183)
  Rendered layout layouts/application.html.erb (Duration: 3.4ms | Allocations: 3008)
Completed 200 OK in 7ms (Views: 3.7ms | ActiveRecord: 0.2ms | Allocations: 4298)


Started PATCH "/journee_observations/7/entrees/8" for ::1 at 2026-03-22 11:12:10 +0100
Processing by EntreesController#update as TURBO_STREAM
  Parameters: {"authenticity_token"=>"[FILTERED]", "entree"=>{"heure"=>"07:46:00.000", "volume_boisson"=>"250", "volume_urine"=>"", "urgenturies"=>"", "fuites"=>"", "commentaires"=>"dont café"}, "commit"=>"Ajouter", "journee_observation_id"=>"7", "id"=>"8"}
  [1m[36mJourneeObservation Load (0.1ms)[0m  [1m[34mSELECT "journee_observations".* FROM "journee_observations" WHERE "journee_observations"."id" = ? LIMIT ?[0m  [["id", 7], ["LIMIT", 1]]
  ↳ app/controllers/entrees_controller.rb:37:in `set_journee_observation'
  [1m[36mEntree Load (0.1ms)[0m  [1m[34mSELECT "entrees".* FROM "entrees" WHERE "entrees"."journee_observation_id" = ? AND "entrees"."id" = ? LIMIT ?[0m  [["journee_observation_id", 7], ["id", 8], ["LIMIT", 1]]
  ↳ app/controllers/entrees_controller.rb:41:in `set_entree'
  [1m[36mTRANSACTION (0.0ms)[0m  [1m[36mbegin transaction[0m
  ↳ app/controllers/entrees_controller.rb:22:in `update'
  [1m[36mEntree Update (1.0ms)[0m  [1m[33mUPDATE "entrees" SET "commentaires" = ?, "updated_at" = ? WHERE "entrees"."id" = ?[0m  [["commentaires", "dont café"], ["updated_at", "2026-03-22 10:12:10.727642"], ["id", 8]]
  ↳ app/controllers/entrees_controller.rb:22:in `update'
  [1m[36mTRANSACTION (0.1ms)[0m  [1m[36mcommit transaction[0m
  ↳ app/controllers/entrees_controller.rb:22:in `update'
Redirected to http://localhost:3000/journee_observations/7
Completed 302 Found in 7ms (ActiveRecord: 1.3ms | Allocations: 3250)


Started GET "/journee_observations/7" for ::1 at 2026-03-22 11:12:10 +0100
Processing by JourneeObservationsController#show as TURBO_STREAM
  Parameters: {"id"=>"7"}
  [1m[36mJourneeObservation Load (0.1ms)[0m  [1m[34mSELECT "journee_observations".* FROM "journee_observations" WHERE "journee_observations"."id" = ? LIMIT ?[0m  [["id", 7], ["LIMIT", 1]]
  ↳ app/controllers/journee_observations_controller.rb:45:in `set_journee_observation'
  Rendering layout layouts/application.html.erb
  Rendering journee_observations/show.html.erb within layouts/application
  [1m[36mEntree Load (0.1ms)[0m  [1m[34mSELECT "entrees".* FROM "entrees" WHERE "entrees"."journee_observation_id" = ? ORDER BY "entrees"."heure" ASC[0m  [["journee_observation_id", 7]]
  ↳ app/views/journee_observations/show.html.erb:57
  [1m[36mEntree Sum (0.0ms)[0m  [1m[34mSELECT SUM("entrees"."volume_boisson") FROM "entrees" WHERE "entrees"."journee_observation_id" = ?[0m  [["journee_observation_id", 7]]
  ↳ app/models/journee_observation.rb:9:in `total_boissons'
  [1m[36mEntree Sum (0.0ms)[0m  [1m[34mSELECT SUM("entrees"."volume_urine") FROM "entrees" WHERE "entrees"."journee_observation_id" = ?[0m  [["journee_observation_id", 7]]
  ↳ app/models/journee_observation.rb:13:in `total_urine'
  Rendered entrees/_form.html.erb (Duration: 0.9ms | Allocations: 1017)
  Rendered journee_observations/show.html.erb within layouts/application (Duration: 3.6ms | Allocations: 3457)
  Rendered layout layouts/application.html.erb (Duration: 5.4ms | Allocations: 5285)
Completed 200 OK in 7ms (Views: 5.6ms | ActiveRecord: 0.2ms | Allocations: 6103)


Started GET "/" for ::1 at 2026-03-22 12:44:08 +0100
Processing by JourneeObservationsController#index as HTML
  [1m[36mJourneeObservation Load (1.7ms)[0m  [1m[34mSELECT "journee_observations".* FROM "journee_observations" WHERE "journee_observations"."date_observation" = ? LIMIT ?[0m  [["date_observation", "2026-03-22"], ["LIMIT", 1]]
  ↳ app/controllers/journee_observations_controller.rb:6:in `index'
  Rendering layout layouts/application.html.erb
  Rendering journee_observations/index.html.erb within layouts/application
  [1m[36mJourneeObservation Exists? (0.2ms)[0m  [1m[34mSELECT 1 AS one FROM "journee_observations" LIMIT ?[0m  [["LIMIT", 1]]
  ↳ app/views/journee_observations/index.html.erb:34
  [1m[36mJourneeObservation Load (0.1ms)[0m  [1m[34mSELECT "journee_observations".* FROM "journee_observations" ORDER BY "journee_observations"."date_observation" DESC[0m
  ↳ app/views/journee_observations/index.html.erb:41
  [1m[36mEntree Count (0.4ms)[0m  [1m[34mSELECT COUNT(*) FROM "entrees" WHERE "entrees"."journee_observation_id" = ?[0m  [["journee_observation_id", 7]]
  ↳ app/views/journee_observations/index.html.erb:66
  Rendered journee_observations/index.html.erb within layouts/application (Duration: 3.7ms | Allocations: 1721)
  Rendered layout layouts/application.html.erb (Duration: 7.1ms | Allocations: 3748)
Completed 200 OK in 12ms (Views: 7.3ms | ActiveRecord: 3.2ms | Allocations: 4681)


Started GET "/journee_observations/7" for ::1 at 2026-03-22 12:44:13 +0100
Processing by JourneeObservationsController#show as HTML
  Parameters: {"id"=>"7"}
  [1m[36mJourneeObservation Load (0.2ms)[0m  [1m[34mSELECT "journee_observations".* FROM "journee_observations" WHERE "journee_observations"."id" = ? LIMIT ?[0m  [["id", 7], ["LIMIT", 1]]
  ↳ app/controllers/journee_observations_controller.rb:45:in `set_journee_observation'
  Rendering layout layouts/application.html.erb
  Rendering journee_observations/show.html.erb within layouts/application
  [1m[36mEntree Load (0.2ms)[0m  [1m[34mSELECT "entrees".* FROM "entrees" WHERE "entrees"."journee_observation_id" = ? ORDER BY "entrees"."heure" ASC[0m  [["journee_observation_id", 7]]
  ↳ app/views/journee_observations/show.html.erb:57
  [1m[36mEntree Sum (0.1ms)[0m  [1m[34mSELECT SUM("entrees"."volume_boisson") FROM "entrees" WHERE "entrees"."journee_observation_id" = ?[0m  [["journee_observation_id", 7]]
  ↳ app/models/journee_observation.rb:9:in `total_boissons'
  [1m[36mEntree Sum (0.1ms)[0m  [1m[34mSELECT SUM("entrees"."volume_urine") FROM "entrees" WHERE "entrees"."journee_observation_id" = ?[0m  [["journee_observation_id", 7]]
  ↳ app/models/journee_observation.rb:13:in `total_urine'
  Rendered entrees/_form.html.erb (Duration: 2.1ms | Allocations: 1004)
  Rendered journee_observations/show.html.erb within layouts/application (Duration: 7.1ms | Allocations: 3485)
  Rendered layout layouts/application.html.erb (Duration: 9.6ms | Allocations: 5309)
Completed 200 OK in 13ms (Views: 9.7ms | ActiveRecord: 0.7ms | Allocations: 6144)


Started POST "/journee_observations/7/entrees" for ::1 at 2026-03-22 12:44:29 +0100
Processing by EntreesController#create as TURBO_STREAM
  Parameters: {"authenticity_token"=>"[FILTERED]", "entree"=>{"heure"=>"12:44", "volume_boisson"=>"150", "volume_urine"=>"", "urgenturies"=>"", "fuites"=>"", "commentaires"=>""}, "commit"=>"Ajouter", "journee_observation_id"=>"7"}
  [1m[36mJourneeObservation Load (0.2ms)[0m  [1m[34mSELECT "journee_observations".* FROM "journee_observations" WHERE "journee_observations"."id" = ? LIMIT ?[0m  [["id", 7], ["LIMIT", 1]]
  ↳ app/controllers/entrees_controller.rb:37:in `set_journee_observation'
  [1m[36mTRANSACTION (0.1ms)[0m  [1m[36mbegin transaction[0m
  ↳ app/controllers/entrees_controller.rb:11:in `create'
  [1m[36mEntree Create (1.1ms)[0m  [1m[32mINSERT INTO "entrees" ("journee_observation_id", "heure", "volume_boisson", "volume_urine", "urgenturies", "fuites", "commentaires", "created_at", "updated_at") VALUES (?, ?, ?, ?, ?, ?, ?, ?, ?) RETURNING "id"[0m  [["journee_observation_id", 7], ["heure", "2000-01-01 12:44:00"], ["volume_boisson", 150], ["volume_urine", nil], ["urgenturies", ""], ["fuites", ""], ["commentaires", ""], ["created_at", "2026-03-22 11:44:29.815692"], ["updated_at", "2026-03-22 11:44:29.815692"]]
  ↳ app/controllers/entrees_controller.rb:11:in `create'
  [1m[36mTRANSACTION (1.0ms)[0m  [1m[36mcommit transaction[0m
  ↳ app/controllers/entrees_controller.rb:11:in `create'
Redirected to http://localhost:3000/journee_observations/7
Completed 302 Found in 9ms (ActiveRecord: 2.4ms | Allocations: 2665)


Started GET "/journee_observations/7" for ::1 at 2026-03-22 12:44:29 +0100
Processing by JourneeObservationsController#show as TURBO_STREAM
  Parameters: {"id"=>"7"}
  [1m[36mJourneeObservation Load (0.2ms)[0m  [1m[34mSELECT "journee_observations".* FROM "journee_observations" WHERE "journee_observations"."id" = ? LIMIT ?[0m  [["id", 7], ["LIMIT", 1]]
  ↳ app/controllers/journee_observations_controller.rb:45:in `set_journee_observation'
  Rendering layout layouts/application.html.erb
  Rendering journee_observations/show.html.erb within layouts/application
  [1m[36mEntree Load (0.2ms)[0m  [1m[34mSELECT "entrees".* FROM "entrees" WHERE "entrees"."journee_observation_id" = ? ORDER BY "entrees"."heure" ASC[0m  [["journee_observation_id", 7]]
  ↳ app/views/journee_observations/show.html.erb:57
  [1m[36mEntree Sum (0.1ms)[0m  [1m[34mSELECT SUM("entrees"."volume_boisson") FROM "entrees" WHERE "entrees"."journee_observation_id" = ?[0m  [["journee_observation_id", 7]]
  ↳ app/models/journee_observation.rb:9:in `total_boissons'
  [1m[36mEntree Sum (0.0ms)[0m  [1m[34mSELECT SUM("entrees"."volume_urine") FROM "entrees" WHERE "entrees"."journee_observation_id" = ?[0m  [["journee_observation_id", 7]]
  ↳ app/models/journee_observation.rb:13:in `total_urine'
  Rendered entrees/_form.html.erb (Duration: 1.5ms | Allocations: 1020)
  Rendered journee_observations/show.html.erb within layouts/application (Duration: 5.7ms | Allocations: 3598)
  Rendered layout layouts/application.html.erb (Duration: 8.4ms | Allocations: 5426)
Completed 200 OK in 11ms (Views: 8.7ms | ActiveRecord: 0.4ms | Allocations: 6242)


Started POST "/journee_observations/7/entrees" for ::1 at 2026-03-22 13:10:09 +0100
Processing by EntreesController#create as TURBO_STREAM
  Parameters: {"authenticity_token"=>"[FILTERED]", "entree"=>{"heure"=>"12:45", "volume_boisson"=>"150", "volume_urine"=>"", "urgenturies"=>"", "fuites"=>"", "commentaires"=>""}, "commit"=>"Ajouter", "journee_observation_id"=>"7"}
  [1m[36mJourneeObservation Load (1.6ms)[0m  [1m[34mSELECT "journee_observations".* FROM "journee_observations" WHERE "journee_observations"."id" = ? LIMIT ?[0m  [["id", 7], ["LIMIT", 1]]
  ↳ app/controllers/entrees_controller.rb:37:in `set_journee_observation'
  [1m[36mTRANSACTION (0.0ms)[0m  [1m[36mbegin transaction[0m
  ↳ app/controllers/entrees_controller.rb:11:in `create'
  [1m[36mEntree Create (1.0ms)[0m  [1m[32mINSERT INTO "entrees" ("journee_observation_id", "heure", "volume_boisson", "volume_urine", "urgenturies", "fuites", "commentaires", "created_at", "updated_at") VALUES (?, ?, ?, ?, ?, ?, ?, ?, ?) RETURNING "id"[0m  [["journee_observation_id", 7], ["heure", "2000-01-01 12:45:00"], ["volume_boisson", 150], ["volume_urine", nil], ["urgenturies", ""], ["fuites", ""], ["commentaires", ""], ["created_at", "2026-03-22 12:10:09.553063"], ["updated_at", "2026-03-22 12:10:09.553063"]]
  ↳ app/controllers/entrees_controller.rb:11:in `create'
  [1m[36mTRANSACTION (0.8ms)[0m  [1m[36mcommit transaction[0m
  ↳ app/controllers/entrees_controller.rb:11:in `create'
Redirected to http://localhost:3000/journee_observations/7
Completed 302 Found in 9ms (ActiveRecord: 4.4ms | Allocations: 2926)


Started GET "/journee_observations/7" for ::1 at 2026-03-22 13:10:09 +0100
Processing by JourneeObservationsController#show as TURBO_STREAM
  Parameters: {"id"=>"7"}
  [1m[36mJourneeObservation Load (0.2ms)[0m  [1m[34mSELECT "journee_observations".* FROM "journee_observations" WHERE "journee_observations"."id" = ? LIMIT ?[0m  [["id", 7], ["LIMIT", 1]]
  ↳ app/controllers/journee_observations_controller.rb:45:in `set_journee_observation'
  Rendering layout layouts/application.html.erb
  Rendering journee_observations/show.html.erb within layouts/application
  [1m[36mEntree Load (0.2ms)[0m  [1m[34mSELECT "entrees".* FROM "entrees" WHERE "entrees"."journee_observation_id" = ? ORDER BY "entrees"."heure" ASC[0m  [["journee_observation_id", 7]]
  ↳ app/views/journee_observations/show.html.erb:57
  [1m[36mEntree Sum (0.1ms)[0m  [1m[34mSELECT SUM("entrees"."volume_boisson") FROM "entrees" WHERE "entrees"."journee_observation_id" = ?[0m  [["journee_observation_id", 7]]
  ↳ app/models/journee_observation.rb:9:in `total_boissons'
  [1m[36mEntree Sum (0.0ms)[0m  [1m[34mSELECT SUM("entrees"."volume_urine") FROM "entrees" WHERE "entrees"."journee_observation_id" = ?[0m  [["journee_observation_id", 7]]
  ↳ app/models/journee_observation.rb:13:in `total_urine'
  Rendered entrees/_form.html.erb (Duration: 1.1ms | Allocations: 1041)
  Rendered journee_observations/show.html.erb within layouts/application (Duration: 4.9ms | Allocations: 3800)
  Rendered layout layouts/application.html.erb (Duration: 6.8ms | Allocations: 5628)
Completed 200 OK in 10ms (Views: 7.1ms | ActiveRecord: 0.5ms | Allocations: 6444)


Started POST "/journee_observations/7/entrees" for ::1 at 2026-03-22 13:38:59 +0100
Processing by EntreesController#create as TURBO_STREAM
  Parameters: {"authenticity_token"=>"[FILTERED]", "entree"=>{"heure"=>"13:38", "volume_boisson"=>"110", "volume_urine"=>"", "urgenturies"=>"", "fuites"=>"", "commentaires"=>""}, "commit"=>"Ajouter", "journee_observation_id"=>"7"}
  [1m[36mJourneeObservation Load (1.5ms)[0m  [1m[34mSELECT "journee_observations".* FROM "journee_observations" WHERE "journee_observations"."id" = ? LIMIT ?[0m  [["id", 7], ["LIMIT", 1]]
  ↳ app/controllers/entrees_controller.rb:37:in `set_journee_observation'
  [1m[36mTRANSACTION (0.1ms)[0m  [1m[36mbegin transaction[0m
  ↳ app/controllers/entrees_controller.rb:11:in `create'
  [1m[36mEntree Create (1.1ms)[0m  [1m[32mINSERT INTO "entrees" ("journee_observation_id", "heure", "volume_boisson", "volume_urine", "urgenturies", "fuites", "commentaires", "created_at", "updated_at") VALUES (?, ?, ?, ?, ?, ?, ?, ?, ?) RETURNING "id"[0m  [["journee_observation_id", 7], ["heure", "2000-01-01 13:38:00"], ["volume_boisson", 110], ["volume_urine", nil], ["urgenturies", ""], ["fuites", ""], ["commentaires", ""], ["created_at", "2026-03-22 12:38:59.837039"], ["updated_at", "2026-03-22 12:38:59.837039"]]
  ↳ app/controllers/entrees_controller.rb:11:in `create'
  [1m[36mTRANSACTION (0.9ms)[0m  [1m[36mcommit transaction[0m
  ↳ app/controllers/entrees_controller.rb:11:in `create'
Redirected to http://localhost:3000/journee_observations/7
Completed 302 Found in 10ms (ActiveRecord: 4.5ms | Allocations: 2938)


Started GET "/journee_observations/7" for ::1 at 2026-03-22 13:38:59 +0100
Processing by JourneeObservationsController#show as TURBO_STREAM
  Parameters: {"id"=>"7"}
  [1m[36mJourneeObservation Load (0.2ms)[0m  [1m[34mSELECT "journee_observations".* FROM "journee_observations" WHERE "journee_observations"."id" = ? LIMIT ?[0m  [["id", 7], ["LIMIT", 1]]
  ↳ app/controllers/journee_observations_controller.rb:45:in `set_journee_observation'
  Rendering layout layouts/application.html.erb
  Rendering journee_observations/show.html.erb within layouts/application
  [1m[36mEntree Load (0.2ms)[0m  [1m[34mSELECT "entrees".* FROM "entrees" WHERE "entrees"."journee_observation_id" = ? ORDER BY "entrees"."heure" ASC[0m  [["journee_observation_id", 7]]
  ↳ app/views/journee_observations/show.html.erb:57
  [1m[36mEntree Sum (0.1ms)[0m  [1m[34mSELECT SUM("entrees"."volume_boisson") FROM "entrees" WHERE "entrees"."journee_observation_id" = ?[0m  [["journee_observation_id", 7]]
  ↳ app/models/journee_observation.rb:9:in `total_boissons'
  [1m[36mEntree Sum (0.1ms)[0m  [1m[34mSELECT SUM("entrees"."volume_urine") FROM "entrees" WHERE "entrees"."journee_observation_id" = ?[0m  [["journee_observation_id", 7]]
  ↳ app/models/journee_observation.rb:13:in `total_urine'
  Rendered entrees/_form.html.erb (Duration: 1.2ms | Allocations: 1023)
  Rendered journee_observations/show.html.erb within layouts/application (Duration: 5.9ms | Allocations: 3921)
  Rendered layout layouts/application.html.erb (Duration: 10.3ms | Allocations: 5750)
Completed 200 OK in 13ms (Views: 10.5ms | ActiveRecord: 0.5ms | Allocations: 6567)


Started GET "/journee_observations" for ::1 at 2026-03-22 13:42:38 +0100
Processing by JourneeObservationsController#index as HTML
  [1m[36mJourneeObservation Load (0.3ms)[0m  [1m[34mSELECT "journee_observations".* FROM "journee_observations" WHERE "journee_observations"."date_observation" = ? LIMIT ?[0m  [["date_observation", "2026-03-22"], ["LIMIT", 1]]
  ↳ app/controllers/journee_observations_controller.rb:6:in `index'
  Rendering layout layouts/application.html.erb
  Rendering journee_observations/index.html.erb within layouts/application
  [1m[36mJourneeObservation Exists? (0.2ms)[0m  [1m[34mSELECT 1 AS one FROM "journee_observations" LIMIT ?[0m  [["LIMIT", 1]]
  ↳ app/views/journee_observations/index.html.erb:34
  [1m[36mJourneeObservation Load (0.1ms)[0m  [1m[34mSELECT "journee_observations".* FROM "journee_observations" ORDER BY "journee_observations"."date_observation" DESC[0m
  ↳ app/views/journee_observations/index.html.erb:41
  [1m[36mEntree Count (0.1ms)[0m  [1m[34mSELECT COUNT(*) FROM "entrees" WHERE "entrees"."journee_observation_id" = ?[0m  [["journee_observation_id", 7]]
  ↳ app/views/journee_observations/index.html.erb:66
  Rendered journee_observations/index.html.erb within layouts/application (Duration: 4.2ms | Allocations: 1665)
  Rendered layout layouts/application.html.erb (Duration: 9.2ms | Allocations: 3726)
Completed 200 OK in 12ms (Views: 9.5ms | ActiveRecord: 0.7ms | Allocations: 4427)


Started GET "/resultats" for ::1 at 2026-03-22 13:42:43 +0100
Processing by ResultatsController#index as HTML
  [1m[36mJourneeObservation Pluck (0.2ms)[0m  [1m[34mSELECT "journee_observations"."date_observation" FROM "journee_observations" ORDER BY "journee_observations"."date_observation" DESC[0m
  ↳ app/controllers/resultats_controller.rb:3:in `index'
  Rendering layout layouts/application.html.erb
  Rendering resultats/index.html.erb within layouts/application
  Rendered resultats/index.html.erb within layouts/application (Duration: 1.6ms | Allocations: 1123)
  Rendered layout layouts/application.html.erb (Duration: 4.3ms | Allocations: 3180)
Completed 200 OK in 9ms (Views: 5.8ms | ActiveRecord: 0.2ms | Allocations: 4112)


Started GET "/resultats?commit=Afficher+les+resultats" for ::1 at 2026-03-22 13:42:47 +0100
Processing by ResultatsController#index as HTML
  Parameters: {"commit"=>"Afficher les resultats"}
  [1m[36mJourneeObservation Pluck (0.1ms)[0m  [1m[34mSELECT "journee_observations"."date_observation" FROM "journee_observations" ORDER BY "journee_observations"."date_observation" DESC[0m
  ↳ app/controllers/resultats_controller.rb:3:in `index'
  Rendering layout layouts/application.html.erb
  Rendering resultats/index.html.erb within layouts/application
  Rendered resultats/index.html.erb within layouts/application (Duration: 0.5ms | Allocations: 150)
  Rendered layout layouts/application.html.erb (Duration: 4.6ms | Allocations: 2197)
Completed 200 OK in 8ms (Views: 5.3ms | ActiveRecord: 0.1ms | Allocations: 2845)


Started GET "/resultats?commit=Afficher+les+resultats" for ::1 at 2026-03-22 13:42:50 +0100
Processing by ResultatsController#index as HTML
  Parameters: {"commit"=>"Afficher les resultats"}
  [1m[36mJourneeObservation Pluck (0.2ms)[0m  [1m[34mSELECT "journee_observations"."date_observation" FROM "journee_observations" ORDER BY "journee_observations"."date_observation" DESC[0m
  ↳ app/controllers/resultats_controller.rb:3:in `index'
  Rendering layout layouts/application.html.erb
  Rendering resultats/index.html.erb within layouts/application
  Rendered resultats/index.html.erb within layouts/application (Duration: 0.5ms | Allocations: 150)
  Rendered layout layouts/application.html.erb (Duration: 3.9ms | Allocations: 2183)
Completed 200 OK in 7ms (Views: 4.7ms | ActiveRecord: 0.2ms | Allocations: 2832)


Started GET "/resultats?commit=Afficher+les+resultats" for ::1 at 2026-03-22 13:42:54 +0100
Processing by ResultatsController#index as HTML
  Parameters: {"commit"=>"Afficher les resultats"}
  [1m[36mJourneeObservation Pluck (0.1ms)[0m  [1m[34mSELECT "journee_observations"."date_observation" FROM "journee_observations" ORDER BY "journee_observations"."date_observation" DESC[0m
  ↳ app/controllers/resultats_controller.rb:3:in `index'
  Rendering layout layouts/application.html.erb
  Rendering resultats/index.html.erb within layouts/application
  Rendered resultats/index.html.erb within layouts/application (Duration: 0.5ms | Allocations: 150)
  Rendered layout layouts/application.html.erb (Duration: 3.7ms | Allocations: 2179)
Completed 200 OK in 7ms (Views: 4.3ms | ActiveRecord: 0.1ms | Allocations: 2827)


Started GET "/" for ::1 at 2026-03-22 13:42:55 +0100
Processing by JourneeObservationsController#index as HTML
  [1m[36mJourneeObservation Load (0.3ms)[0m  [1m[34mSELECT "journee_observations".* FROM "journee_observations" WHERE "journee_observations"."date_observation" = ? LIMIT ?[0m  [["date_observation", "2026-03-22"], ["LIMIT", 1]]
  ↳ app/controllers/journee_observations_controller.rb:6:in `index'
  Rendering layout layouts/application.html.erb
  Rendering journee_observations/index.html.erb within layouts/application
  [1m[36mJourneeObservation Exists? (0.2ms)[0m  [1m[34mSELECT 1 AS one FROM "journee_observations" LIMIT ?[0m  [["LIMIT", 1]]
  ↳ app/views/journee_observations/index.html.erb:34
  [1m[36mJourneeObservation Load (0.1ms)[0m  [1m[34mSELECT "journee_observations".* FROM "journee_observations" ORDER BY "journee_observations"."date_observation" DESC[0m
  ↳ app/views/journee_observations/index.html.erb:41
  [1m[36mEntree Count (0.1ms)[0m  [1m[34mSELECT COUNT(*) FROM "entrees" WHERE "entrees"."journee_observation_id" = ?[0m  [["journee_observation_id", 7]]
  ↳ app/views/journee_observations/index.html.erb:66
  Rendered journee_observations/index.html.erb within layouts/application (Duration: 4.1ms | Allocations: 1642)
  Rendered layout layouts/application.html.erb (Duration: 7.8ms | Allocations: 3675)
Completed 200 OK in 11ms (Views: 8.1ms | ActiveRecord: 0.5ms | Allocations: 4352)


Started GET "/resultats?dates%5B%5D=2026-03-22&commit=Afficher+les+resultats" for ::1 at 2026-03-22 13:42:59 +0100
Processing by ResultatsController#index as HTML
  Parameters: {"dates"=>["2026-03-22"], "commit"=>"Afficher les resultats"}
  [1m[36mJourneeObservation Pluck (0.2ms)[0m  [1m[34mSELECT "journee_observations"."date_observation" FROM "journee_observations" ORDER BY "journee_observations"."date_observation" DESC[0m
  ↳ app/controllers/resultats_controller.rb:3:in `index'
  [1m[36mJourneeObservation Load (0.2ms)[0m  [1m[34mSELECT "journee_observations".* FROM "journee_observations" WHERE "journee_observations"."date_observation" = ? ORDER BY "journee_observations"."date_observation" DESC[0m  [["date_observation", "2026-03-22"]]
  ↳ app/controllers/resultats_controller.rb:11:in `index'
  [1m[36mEntree Load (0.3ms)[0m  [1m[34mSELECT "entrees".* FROM "entrees" WHERE "entrees"."journee_observation_id" = ?[0m  [["journee_observation_id", 7]]
  ↳ app/controllers/resultats_controller.rb:11:in `index'
  [1m[36mEntree Sum (0.1ms)[0m  [1m[34mSELECT SUM("entrees"."volume_boisson") FROM "entrees" WHERE "entrees"."journee_observation_id" = ?[0m  [["journee_observation_id", 7]]
  ↳ app/models/journee_observation.rb:9:in `total_boissons'
  [1m[36mEntree Sum (0.0ms)[0m  [1m[34mSELECT SUM("entrees"."volume_urine") FROM "entrees" WHERE "entrees"."journee_observation_id" = ?[0m  [["journee_observation_id", 7]]
  ↳ app/models/journee_observation.rb:13:in `total_urine'
  Rendering layout layouts/application.html.erb
  Rendering resultats/index.html.erb within layouts/application
  [1m[36mEntree Load (0.1ms)[0m  [1m[34mSELECT "entrees".* FROM "entrees" WHERE "entrees"."journee_observation_id" = ? ORDER BY "entrees"."heure" ASC[0m  [["journee_observation_id", 7]]
  ↳ app/views/resultats/index.html.erb:73
  [1m[36mCACHE Entree Sum (0.0ms)[0m  [1m[34mSELECT SUM("entrees"."volume_boisson") FROM "entrees" WHERE "entrees"."journee_observation_id" = ?[0m  [["journee_observation_id", 7]]
  ↳ app/models/journee_observation.rb:9:in `total_boissons'
  [1m[36mCACHE Entree Sum (0.0ms)[0m  [1m[34mSELECT SUM("entrees"."volume_urine") FROM "entrees" WHERE "entrees"."journee_observation_id" = ?[0m  [["journee_observation_id", 7]]
  ↳ app/models/journee_observation.rb:13:in `total_urine'
  Rendered resultats/index.html.erb within layouts/application (Duration: 3.1ms | Allocations: 2104)
  Rendered layout layouts/application.html.erb (Duration: 6.5ms | Allocations: 4145)
Completed 200 OK in 23ms (Views: 7.0ms | ActiveRecord: 0.8ms | Allocations: 8467)


Started GET "/" for ::1 at 2026-03-22 13:43:11 +0100
Processing by JourneeObservationsController#index as HTML
  [1m[36mJourneeObservation Load (0.2ms)[0m  [1m[34mSELECT "journee_observations".* FROM "journee_observations" WHERE "journee_observations"."date_observation" = ? LIMIT ?[0m  [["date_observation", "2026-03-22"], ["LIMIT", 1]]
  ↳ app/controllers/journee_observations_controller.rb:6:in `index'
  Rendering layout layouts/application.html.erb
  Rendering journee_observations/index.html.erb within layouts/application
  [1m[36mJourneeObservation Exists? (0.2ms)[0m  [1m[34mSELECT 1 AS one FROM "journee_observations" LIMIT ?[0m  [["LIMIT", 1]]
  ↳ app/views/journee_observations/index.html.erb:34
  [1m[36mJourneeObservation Load (0.1ms)[0m  [1m[34mSELECT "journee_observations".* FROM "journee_observations" ORDER BY "journee_observations"."date_observation" DESC[0m
  ↳ app/views/journee_observations/index.html.erb:41
  [1m[36mEntree Count (0.2ms)[0m  [1m[34mSELECT COUNT(*) FROM "entrees" WHERE "entrees"."journee_observation_id" = ?[0m  [["journee_observation_id", 7]]
  ↳ app/views/journee_observations/index.html.erb:66
  Rendered journee_observations/index.html.erb within layouts/application (Duration: 5.4ms | Allocations: 1642)
  Rendered layout layouts/application.html.erb (Duration: 8.7ms | Allocations: 3687)
Completed 200 OK in 12ms (Views: 8.9ms | ActiveRecord: 0.7ms | Allocations: 4363)


Started GET "/journee_observations/7" for ::1 at 2026-03-22 13:43:12 +0100
Processing by JourneeObservationsController#show as HTML
  Parameters: {"id"=>"7"}
  [1m[36mJourneeObservation Load (0.2ms)[0m  [1m[34mSELECT "journee_observations".* FROM "journee_observations" WHERE "journee_observations"."id" = ? LIMIT ?[0m  [["id", 7], ["LIMIT", 1]]
  ↳ app/controllers/journee_observations_controller.rb:45:in `set_journee_observation'
  Rendering layout layouts/application.html.erb
  Rendering journee_observations/show.html.erb within layouts/application
  [1m[36mEntree Load (0.1ms)[0m  [1m[34mSELECT "entrees".* FROM "entrees" WHERE "entrees"."journee_observation_id" = ? ORDER BY "entrees"."heure" ASC[0m  [["journee_observation_id", 7]]
  ↳ app/views/journee_observations/show.html.erb:57
  [1m[36mEntree Sum (0.1ms)[0m  [1m[34mSELECT SUM("entrees"."volume_boisson") FROM "entrees" WHERE "entrees"."journee_observation_id" = ?[0m  [["journee_observation_id", 7]]
  ↳ app/models/journee_observation.rb:9:in `total_boissons'
  [1m[36mEntree Sum (0.0ms)[0m  [1m[34mSELECT SUM("entrees"."volume_urine") FROM "entrees" WHERE "entrees"."journee_observation_id" = ?[0m  [["journee_observation_id", 7]]
  ↳ app/models/journee_observation.rb:13:in `total_urine'
  Rendered entrees/_form.html.erb (Duration: 1.6ms | Allocations: 1010)
  Rendered journee_observations/show.html.erb within layouts/application (Duration: 6.5ms | Allocations: 3866)
  Rendered layout layouts/application.html.erb (Duration: 9.5ms | Allocations: 5690)
Completed 200 OK in 14ms (Views: 9.8ms | ActiveRecord: 0.4ms | Allocations: 6509)


Started GET "/journee_observations/7" for ::1 at 2026-03-22 13:43:14 +0100
Processing by JourneeObservationsController#show as HTML
  Parameters: {"id"=>"7"}
  [1m[36mJourneeObservation Load (0.2ms)[0m  [1m[34mSELECT "journee_observations".* FROM "journee_observations" WHERE "journee_observations"."id" = ? LIMIT ?[0m  [["id", 7], ["LIMIT", 1]]
  ↳ app/controllers/journee_observations_controller.rb:45:in `set_journee_observation'
  Rendering layout layouts/application.html.erb
  Rendering journee_observations/show.html.erb within layouts/application
  [1m[36mEntree Load (0.1ms)[0m  [1m[34mSELECT "entrees".* FROM "entrees" WHERE "entrees"."journee_observation_id" = ? ORDER BY "entrees"."heure" ASC[0m  [["journee_observation_id", 7]]
  ↳ app/views/journee_observations/show.html.erb:57
  [1m[36mEntree Sum (0.1ms)[0m  [1m[34mSELECT SUM("entrees"."volume_boisson") FROM "entrees" WHERE "entrees"."journee_observation_id" = ?[0m  [["journee_observation_id", 7]]
  ↳ app/models/journee_observation.rb:9:in `total_boissons'
  [1m[36mEntree Sum (0.0ms)[0m  [1m[34mSELECT SUM("entrees"."volume_urine") FROM "entrees" WHERE "entrees"."journee_observation_id" = ?[0m  [["journee_observation_id", 7]]
  ↳ app/models/journee_observation.rb:13:in `total_urine'
  Rendered entrees/_form.html.erb (Duration: 2.1ms | Allocations: 993)
  Rendered journee_observations/show.html.erb within layouts/application (Duration: 6.8ms | Allocations: 3850)
  Rendered layout layouts/application.html.erb (Duration: 9.7ms | Allocations: 5674)
Completed 200 OK in 13ms (Views: 10.1ms | ActiveRecord: 0.4ms | Allocations: 6487)


Started POST "/journee_observations/7/entrees" for ::1 at 2026-03-22 13:49:03 +0100
Processing by EntreesController#create as TURBO_STREAM
  Parameters: {"authenticity_token"=>"[FILTERED]", "entree"=>{"heure"=>"13:48", "volume_boisson"=>"", "volume_urine"=>"170", "urgenturies"=>"", "fuites"=>"", "commentaires"=>""}, "commit"=>"Ajouter", "journee_observation_id"=>"7"}
  [1m[36mJourneeObservation Load (1.5ms)[0m  [1m[34mSELECT "journee_observations".* FROM "journee_observations" WHERE "journee_observations"."id" = ? LIMIT ?[0m  [["id", 7], ["LIMIT", 1]]
  ↳ app/controllers/entrees_controller.rb:37:in `set_journee_observation'
  [1m[36mTRANSACTION (0.1ms)[0m  [1m[36mbegin transaction[0m
  ↳ app/controllers/entrees_controller.rb:11:in `create'
  [1m[36mEntree Create (1.2ms)[0m  [1m[32mINSERT INTO "entrees" ("journee_observation_id", "heure", "volume_boisson", "volume_urine", "urgenturies", "fuites", "commentaires", "created_at", "updated_at") VALUES (?, ?, ?, ?, ?, ?, ?, ?, ?) RETURNING "id"[0m  [["journee_observation_id", 7], ["heure", "2000-01-01 13:48:00"], ["volume_boisson", nil], ["volume_urine", 170], ["urgenturies", ""], ["fuites", ""], ["commentaires", ""], ["created_at", "2026-03-22 12:49:03.755748"], ["updated_at", "2026-03-22 12:49:03.755748"]]
  ↳ app/controllers/entrees_controller.rb:11:in `create'
  [1m[36mTRANSACTION (0.9ms)[0m  [1m[36mcommit transaction[0m
  ↳ app/controllers/entrees_controller.rb:11:in `create'
Redirected to http://localhost:3000/journee_observations/7
Completed 302 Found in 10ms (ActiveRecord: 4.5ms | Allocations: 2941)


Started GET "/journee_observations/7" for ::1 at 2026-03-22 13:49:03 +0100
Processing by JourneeObservationsController#show as TURBO_STREAM
  Parameters: {"id"=>"7"}
  [1m[36mJourneeObservation Load (0.2ms)[0m  [1m[34mSELECT "journee_observations".* FROM "journee_observations" WHERE "journee_observations"."id" = ? LIMIT ?[0m  [["id", 7], ["LIMIT", 1]]
  ↳ app/controllers/journee_observations_controller.rb:45:in `set_journee_observation'
  Rendering layout layouts/application.html.erb
  Rendering journee_observations/show.html.erb within layouts/application
  [1m[36mEntree Load (0.2ms)[0m  [1m[34mSELECT "entrees".* FROM "entrees" WHERE "entrees"."journee_observation_id" = ? ORDER BY "entrees"."heure" ASC[0m  [["journee_observation_id", 7]]
  ↳ app/views/journee_observations/show.html.erb:57
  [1m[36mEntree Sum (0.1ms)[0m  [1m[34mSELECT SUM("entrees"."volume_boisson") FROM "entrees" WHERE "entrees"."journee_observation_id" = ?[0m  [["journee_observation_id", 7]]
  ↳ app/models/journee_observation.rb:9:in `total_boissons'
  [1m[36mEntree Sum (0.0ms)[0m  [1m[34mSELECT SUM("entrees"."volume_urine") FROM "entrees" WHERE "entrees"."journee_observation_id" = ?[0m  [["journee_observation_id", 7]]
  ↳ app/models/journee_observation.rb:13:in `total_urine'
  Rendered entrees/_form.html.erb (Duration: 1.3ms | Allocations: 1032)
  Rendered journee_observations/show.html.erb within layouts/application (Duration: 5.5ms | Allocations: 4069)
  Rendered layout layouts/application.html.erb (Duration: 7.5ms | Allocations: 5897)
Completed 200 OK in 11ms (Views: 7.8ms | ActiveRecord: 0.5ms | Allocations: 6713)


Started GET "/journee_observations/7/entrees/8/edit" for ::1 at 2026-03-22 15:08:40 +0100
Processing by EntreesController#edit as HTML
  Parameters: {"journee_observation_id"=>"7", "id"=>"8"}
  [1m[36mJourneeObservation Load (1.5ms)[0m  [1m[34mSELECT "journee_observations".* FROM "journee_observations" WHERE "journee_observations"."id" = ? LIMIT ?[0m  [["id", 7], ["LIMIT", 1]]
  ↳ app/controllers/entrees_controller.rb:37:in `set_journee_observation'
  [1m[36mEntree Load (0.2ms)[0m  [1m[34mSELECT "entrees".* FROM "entrees" WHERE "entrees"."journee_observation_id" = ? AND "entrees"."id" = ? LIMIT ?[0m  [["journee_observation_id", 7], ["id", 8], ["LIMIT", 1]]
  ↳ app/controllers/entrees_controller.rb:41:in `set_entree'
  Rendering layout layouts/application.html.erb
  Rendering entrees/edit.html.erb within layouts/application
  Rendered entrees/_form.html.erb (Duration: 2.1ms | Allocations: 1068)
  Rendered entrees/edit.html.erb within layouts/application (Duration: 2.4ms | Allocations: 1175)
  Rendered layout layouts/application.html.erb (Duration: 5.4ms | Allocations: 2999)
Completed 200 OK in 12ms (Views: 6.1ms | ActiveRecord: 2.6ms | Allocations: 4578)


Started PATCH "/journee_observations/7/entrees/8" for ::1 at 2026-03-22 15:08:47 +0100
Processing by EntreesController#update as TURBO_STREAM
  Parameters: {"authenticity_token"=>"[FILTERED]", "entree"=>{"heure"=>"07:46:00.000", "volume_boisson"=>"300", "volume_urine"=>"", "urgenturies"=>"", "fuites"=>"", "commentaires"=>"dont café"}, "commit"=>"Ajouter", "journee_observation_id"=>"7", "id"=>"8"}
  [1m[36mJourneeObservation Load (0.2ms)[0m  [1m[34mSELECT "journee_observations".* FROM "journee_observations" WHERE "journee_observations"."id" = ? LIMIT ?[0m  [["id", 7], ["LIMIT", 1]]
  ↳ app/controllers/entrees_controller.rb:37:in `set_journee_observation'
  [1m[36mEntree Load (0.1ms)[0m  [1m[34mSELECT "entrees".* FROM "entrees" WHERE "entrees"."journee_observation_id" = ? AND "entrees"."id" = ? LIMIT ?[0m  [["journee_observation_id", 7], ["id", 8], ["LIMIT", 1]]
  ↳ app/controllers/entrees_controller.rb:41:in `set_entree'
  [1m[36mTRANSACTION (0.1ms)[0m  [1m[36mbegin transaction[0m
  ↳ app/controllers/entrees_controller.rb:22:in `update'
  [1m[36mEntree Update (1.1ms)[0m  [1m[33mUPDATE "entrees" SET "volume_boisson" = ?, "updated_at" = ? WHERE "entrees"."id" = ?[0m  [["volume_boisson", 300], ["updated_at", "2026-03-22 14:08:47.875368"], ["id", 8]]
  ↳ app/controllers/entrees_controller.rb:22:in `update'
  [1m[36mTRANSACTION (0.9ms)[0m  [1m[36mcommit transaction[0m
  ↳ app/controllers/entrees_controller.rb:22:in `update'
Redirected to http://localhost:3000/journee_observations/7
Completed 302 Found in 10ms (ActiveRecord: 2.3ms | Allocations: 3261)


Started GET "/journee_observations/7" for ::1 at 2026-03-22 15:08:47 +0100
Processing by JourneeObservationsController#show as TURBO_STREAM
  Parameters: {"id"=>"7"}
  [1m[36mJourneeObservation Load (0.2ms)[0m  [1m[34mSELECT "journee_observations".* FROM "journee_observations" WHERE "journee_observations"."id" = ? LIMIT ?[0m  [["id", 7], ["LIMIT", 1]]
  ↳ app/controllers/journee_observations_controller.rb:45:in `set_journee_observation'
  Rendering layout layouts/application.html.erb
  Rendering journee_observations/show.html.erb within layouts/application
  [1m[36mEntree Load (0.2ms)[0m  [1m[34mSELECT "entrees".* FROM "entrees" WHERE "entrees"."journee_observation_id" = ? ORDER BY "entrees"."heure" ASC[0m  [["journee_observation_id", 7]]
  ↳ app/views/journee_observations/show.html.erb:57
  [1m[36mEntree Sum (0.1ms)[0m  [1m[34mSELECT SUM("entrees"."volume_boisson") FROM "entrees" WHERE "entrees"."journee_observation_id" = ?[0m  [["journee_observation_id", 7]]
  ↳ app/models/journee_observation.rb:9:in `total_boissons'
  [1m[36mEntree Sum (0.1ms)[0m  [1m[34mSELECT SUM("entrees"."volume_urine") FROM "entrees" WHERE "entrees"."journee_observation_id" = ?[0m  [["journee_observation_id", 7]]
  ↳ app/models/journee_observation.rb:13:in `total_urine'
  Rendered entrees/_form.html.erb (Duration: 1.1ms | Allocations: 1010)
  Rendered journee_observations/show.html.erb within layouts/application (Duration: 5.2ms | Allocations: 4049)
  Rendered layout layouts/application.html.erb (Duration: 7.7ms | Allocations: 5922)
Completed 200 OK in 10ms (Views: 7.8ms | ActiveRecord: 0.4ms | Allocations: 6743)


Started GET "/journee_observations/7/entrees/12/edit" for ::1 at 2026-03-22 15:08:57 +0100
Processing by EntreesController#edit as HTML
  Parameters: {"journee_observation_id"=>"7", "id"=>"12"}
  [1m[36mJourneeObservation Load (0.2ms)[0m  [1m[34mSELECT "journee_observations".* FROM "journee_observations" WHERE "journee_observations"."id" = ? LIMIT ?[0m  [["id", 7], ["LIMIT", 1]]
  ↳ app/controllers/entrees_controller.rb:37:in `set_journee_observation'
  [1m[36mEntree Load (0.2ms)[0m  [1m[34mSELECT "entrees".* FROM "entrees" WHERE "entrees"."journee_observation_id" = ? AND "entrees"."id" = ? LIMIT ?[0m  [["journee_observation_id", 7], ["id", 12], ["LIMIT", 1]]
  ↳ app/controllers/entrees_controller.rb:41:in `set_entree'
  Rendering layout layouts/application.html.erb
  Rendering entrees/edit.html.erb within layouts/application
  Rendered entrees/_form.html.erb (Duration: 1.8ms | Allocations: 1065)
  Rendered entrees/edit.html.erb within layouts/application (Duration: 2.2ms | Allocations: 1172)
  Rendered layout layouts/application.html.erb (Duration: 5.3ms | Allocations: 3037)
Completed 200 OK in 11ms (Views: 5.9ms | ActiveRecord: 0.4ms | Allocations: 4328)


Started GET "/journee_observations/7/entrees/12/edit" for ::1 at 2026-03-22 15:08:57 +0100
Processing by EntreesController#edit as HTML
  Parameters: {"journee_observation_id"=>"7", "id"=>"12"}
  [1m[36mJourneeObservation Load (0.2ms)[0m  [1m[34mSELECT "journee_observations".* FROM "journee_observations" WHERE "journee_observations"."id" = ? LIMIT ?[0m  [["id", 7], ["LIMIT", 1]]
  ↳ app/controllers/entrees_controller.rb:37:in `set_journee_observation'
  [1m[36mEntree Load (0.1ms)[0m  [1m[34mSELECT "entrees".* FROM "entrees" WHERE "entrees"."journee_observation_id" = ? AND "entrees"."id" = ? LIMIT ?[0m  [["journee_observation_id", 7], ["id", 12], ["LIMIT", 1]]
  ↳ app/controllers/entrees_controller.rb:41:in `set_entree'
  Rendering layout layouts/application.html.erb
  Rendering entrees/edit.html.erb within layouts/application
  Rendered entrees/_form.html.erb (Duration: 2.0ms | Allocations: 1082)
  Rendered entrees/edit.html.erb within layouts/application (Duration: 2.3ms | Allocations: 1189)
  Rendered layout layouts/application.html.erb (Duration: 5.5ms | Allocations: 3014)
Completed 200 OK in 10ms (Views: 6.0ms | ActiveRecord: 0.3ms | Allocations: 4304)


Started PATCH "/journee_observations/7/entrees/12" for ::1 at 2026-03-22 15:09:05 +0100
Processing by EntreesController#update as TURBO_STREAM
  Parameters: {"authenticity_token"=>"[FILTERED]", "entree"=>{"heure"=>"11:10:00.000", "volume_boisson"=>"300", "volume_urine"=>"", "urgenturies"=>"", "fuites"=>"", "commentaires"=>""}, "commit"=>"Ajouter", "journee_observation_id"=>"7", "id"=>"12"}
  [1m[36mJourneeObservation Load (0.2ms)[0m  [1m[34mSELECT "journee_observations".* FROM "journee_observations" WHERE "journee_observations"."id" = ? LIMIT ?[0m  [["id", 7], ["LIMIT", 1]]
  ↳ app/controllers/entrees_controller.rb:37:in `set_journee_observation'
  [1m[36mEntree Load (0.1ms)[0m  [1m[34mSELECT "entrees".* FROM "entrees" WHERE "entrees"."journee_observation_id" = ? AND "entrees"."id" = ? LIMIT ?[0m  [["journee_observation_id", 7], ["id", 12], ["LIMIT", 1]]
  ↳ app/controllers/entrees_controller.rb:41:in `set_entree'
  [1m[36mTRANSACTION (0.1ms)[0m  [1m[36mbegin transaction[0m
  ↳ app/controllers/entrees_controller.rb:22:in `update'
  [1m[36mEntree Update (0.9ms)[0m  [1m[33mUPDATE "entrees" SET "volume_boisson" = ?, "updated_at" = ? WHERE "entrees"."id" = ?[0m  [["volume_boisson", 300], ["updated_at", "2026-03-22 14:09:05.624888"], ["id", 12]]
  ↳ app/controllers/entrees_controller.rb:22:in `update'
  [1m[36mTRANSACTION (0.2ms)[0m  [1m[36mcommit transaction[0m
  ↳ app/controllers/entrees_controller.rb:22:in `update'
Redirected to http://localhost:3000/journee_observations/7
Completed 302 Found in 9ms (ActiveRecord: 1.4ms | Allocations: 3239)


Started GET "/journee_observations/7" for ::1 at 2026-03-22 15:09:05 +0100
Processing by JourneeObservationsController#show as TURBO_STREAM
  Parameters: {"id"=>"7"}
  [1m[36mJourneeObservation Load (0.2ms)[0m  [1m[34mSELECT "journee_observations".* FROM "journee_observations" WHERE "journee_observations"."id" = ? LIMIT ?[0m  [["id", 7], ["LIMIT", 1]]
  ↳ app/controllers/journee_observations_controller.rb:45:in `set_journee_observation'
  Rendering layout layouts/application.html.erb
  Rendering journee_observations/show.html.erb within layouts/application
  [1m[36mEntree Load (0.1ms)[0m  [1m[34mSELECT "entrees".* FROM "entrees" WHERE "entrees"."journee_observation_id" = ? ORDER BY "entrees"."heure" ASC[0m  [["journee_observation_id", 7]]
  ↳ app/views/journee_observations/show.html.erb:57
  [1m[36mEntree Sum (0.1ms)[0m  [1m[34mSELECT SUM("entrees"."volume_boisson") FROM "entrees" WHERE "entrees"."journee_observation_id" = ?[0m  [["journee_observation_id", 7]]
  ↳ app/models/journee_observation.rb:9:in `total_boissons'
  [1m[36mEntree Sum (0.0ms)[0m  [1m[34mSELECT SUM("entrees"."volume_urine") FROM "entrees" WHERE "entrees"."journee_observation_id" = ?[0m  [["journee_observation_id", 7]]
  ↳ app/models/journee_observation.rb:13:in `total_urine'
  Rendered entrees/_form.html.erb (Duration: 1.3ms | Allocations: 1038)
  Rendered journee_observations/show.html.erb within layouts/application (Duration: 6.0ms | Allocations: 4033)
  Rendered layout layouts/application.html.erb (Duration: 8.1ms | Allocations: 5862)
Completed 200 OK in 11ms (Views: 8.3ms | ActiveRecord: 0.4ms | Allocations: 6678)


Started POST "/journee_observations/7/entrees" for ::1 at 2026-03-22 15:09:21 +0100
Processing by EntreesController#create as TURBO_STREAM
  Parameters: {"authenticity_token"=>"[FILTERED]", "entree"=>{"heure"=>"15:09", "volume_boisson"=>"", "volume_urine"=>"250", "urgenturies"=>"", "fuites"=>"", "commentaires"=>""}, "commit"=>"Ajouter", "journee_observation_id"=>"7"}
  [1m[36mJourneeObservation Load (0.2ms)[0m  [1m[34mSELECT "journee_observations".* FROM "journee_observations" WHERE "journee_observations"."id" = ? LIMIT ?[0m  [["id", 7], ["LIMIT", 1]]
  ↳ app/controllers/entrees_controller.rb:37:in `set_journee_observation'
  [1m[36mTRANSACTION (0.1ms)[0m  [1m[36mbegin transaction[0m
  ↳ app/controllers/entrees_controller.rb:11:in `create'
  [1m[36mEntree Create (1.1ms)[0m  [1m[32mINSERT INTO "entrees" ("journee_observation_id", "heure", "volume_boisson", "volume_urine", "urgenturies", "fuites", "commentaires", "created_at", "updated_at") VALUES (?, ?, ?, ?, ?, ?, ?, ?, ?) RETURNING "id"[0m  [["journee_observation_id", 7], ["heure", "2000-01-01 15:09:00"], ["volume_boisson", nil], ["volume_urine", 250], ["urgenturies", ""], ["fuites", ""], ["commentaires", ""], ["created_at", "2026-03-22 14:09:21.788328"], ["updated_at", "2026-03-22 14:09:21.788328"]]
  ↳ app/controllers/entrees_controller.rb:11:in `create'
  [1m[36mTRANSACTION (0.2ms)[0m  [1m[36mcommit transaction[0m
  ↳ app/controllers/entrees_controller.rb:11:in `create'
Redirected to http://localhost:3000/journee_observations/7
Completed 302 Found in 9ms (ActiveRecord: 1.6ms | Allocations: 2671)


Started GET "/journee_observations/7" for ::1 at 2026-03-22 15:09:21 +0100
Processing by JourneeObservationsController#show as TURBO_STREAM
  Parameters: {"id"=>"7"}
  [1m[36mJourneeObservation Load (0.2ms)[0m  [1m[34mSELECT "journee_observations".* FROM "journee_observations" WHERE "journee_observations"."id" = ? LIMIT ?[0m  [["id", 7], ["LIMIT", 1]]
  ↳ app/controllers/journee_observations_controller.rb:45:in `set_journee_observation'
  Rendering layout layouts/application.html.erb
  Rendering journee_observations/show.html.erb within layouts/application
  [1m[36mEntree Load (0.1ms)[0m  [1m[34mSELECT "entrees".* FROM "entrees" WHERE "entrees"."journee_observation_id" = ? ORDER BY "entrees"."heure" ASC[0m  [["journee_observation_id", 7]]
  ↳ app/views/journee_observations/show.html.erb:57
  [1m[36mEntree Sum (0.1ms)[0m  [1m[34mSELECT SUM("entrees"."volume_boisson") FROM "entrees" WHERE "entrees"."journee_observation_id" = ?[0m  [["journee_observation_id", 7]]
  ↳ app/models/journee_observation.rb:9:in `total_boissons'
  [1m[36mEntree Sum (0.0ms)[0m  [1m[34mSELECT SUM("entrees"."volume_urine") FROM "entrees" WHERE "entrees"."journee_observation_id" = ?[0m  [["journee_observation_id", 7]]
  ↳ app/models/journee_observation.rb:13:in `total_urine'
  Rendered entrees/_form.html.erb (Duration: 1.6ms | Allocations: 1011)
  Rendered journee_observations/show.html.erb within layouts/application (Duration: 6.4ms | Allocations: 4145)
  Rendered layout layouts/application.html.erb (Duration: 8.9ms | Allocations: 5973)
Completed 200 OK in 12ms (Views: 9.3ms | ActiveRecord: 0.4ms | Allocations: 6790)


Started POST "/journee_observations/7/entrees" for ::1 at 2026-03-22 15:09:50 +0100
Processing by EntreesController#create as TURBO_STREAM
  Parameters: {"authenticity_token"=>"[FILTERED]", "entree"=>{"heure"=>"15:10", "volume_boisson"=>"300", "volume_urine"=>"", "urgenturies"=>"", "fuites"=>"", "commentaires"=>""}, "commit"=>"Ajouter", "journee_observation_id"=>"7"}
  [1m[36mJourneeObservation Load (0.2ms)[0m  [1m[34mSELECT "journee_observations".* FROM "journee_observations" WHERE "journee_observations"."id" = ? LIMIT ?[0m  [["id", 7], ["LIMIT", 1]]
  ↳ app/controllers/entrees_controller.rb:37:in `set_journee_observation'
  [1m[36mTRANSACTION (0.1ms)[0m  [1m[36mbegin transaction[0m
  ↳ app/controllers/entrees_controller.rb:11:in `create'
  [1m[36mEntree Create (1.0ms)[0m  [1m[32mINSERT INTO "entrees" ("journee_observation_id", "heure", "volume_boisson", "volume_urine", "urgenturies", "fuites", "commentaires", "created_at", "updated_at") VALUES (?, ?, ?, ?, ?, ?, ?, ?, ?) RETURNING "id"[0m  [["journee_observation_id", 7], ["heure", "2000-01-01 15:10:00"], ["volume_boisson", 300], ["volume_urine", nil], ["urgenturies", ""], ["fuites", ""], ["commentaires", ""], ["created_at", "2026-03-22 14:09:50.924747"], ["updated_at", "2026-03-22 14:09:50.924747"]]
  ↳ app/controllers/entrees_controller.rb:11:in `create'
  [1m[36mTRANSACTION (0.2ms)[0m  [1m[36mcommit transaction[0m
  ↳ app/controllers/entrees_controller.rb:11:in `create'
Redirected to http://localhost:3000/journee_observations/7
Completed 302 Found in 8ms (ActiveRecord: 1.4ms | Allocations: 2686)


Started GET "/journee_observations/7" for ::1 at 2026-03-22 15:09:50 +0100
Processing by JourneeObservationsController#show as TURBO_STREAM
  Parameters: {"id"=>"7"}
  [1m[36mJourneeObservation Load (0.2ms)[0m  [1m[34mSELECT "journee_observations".* FROM "journee_observations" WHERE "journee_observations"."id" = ? LIMIT ?[0m  [["id", 7], ["LIMIT", 1]]
  ↳ app/controllers/journee_observations_controller.rb:45:in `set_journee_observation'
  Rendering layout layouts/application.html.erb
  Rendering journee_observations/show.html.erb within layouts/application
  [1m[36mEntree Load (0.1ms)[0m  [1m[34mSELECT "entrees".* FROM "entrees" WHERE "entrees"."journee_observation_id" = ? ORDER BY "entrees"."heure" ASC[0m  [["journee_observation_id", 7]]
  ↳ app/views/journee_observations/show.html.erb:57
  [1m[36mEntree Sum (0.0ms)[0m  [1m[34mSELECT SUM("entrees"."volume_boisson") FROM "entrees" WHERE "entrees"."journee_observation_id" = ?[0m  [["journee_observation_id", 7]]
  ↳ app/models/journee_observation.rb:9:in `total_boissons'
  [1m[36mEntree Sum (0.0ms)[0m  [1m[34mSELECT SUM("entrees"."volume_urine") FROM "entrees" WHERE "entrees"."journee_observation_id" = ?[0m  [["journee_observation_id", 7]]
  ↳ app/models/journee_observation.rb:13:in `total_urine'
  Rendered entrees/_form.html.erb (Duration: 1.1ms | Allocations: 1020)
  Rendered journee_observations/show.html.erb within layouts/application (Duration: 5.6ms | Allocations: 4293)
  Rendered layout layouts/application.html.erb (Duration: 7.6ms | Allocations: 6121)
Completed 200 OK in 11ms (Views: 7.9ms | ActiveRecord: 0.3ms | Allocations: 6937)


Started POST "/journee_observations/7/entrees" for ::1 at 2026-03-22 16:28:59 +0100
Processing by EntreesController#create as TURBO_STREAM
  Parameters: {"authenticity_token"=>"[FILTERED]", "entree"=>{"heure"=>"16:19", "volume_boisson"=>"", "volume_urine"=>"220", "urgenturies"=>"", "fuites"=>"", "commentaires"=>""}, "commit"=>"Ajouter", "journee_observation_id"=>"7"}
  [1m[36mJourneeObservation Load (1.7ms)[0m  [1m[34mSELECT "journee_observations".* FROM "journee_observations" WHERE "journee_observations"."id" = ? LIMIT ?[0m  [["id", 7], ["LIMIT", 1]]
  ↳ app/controllers/entrees_controller.rb:37:in `set_journee_observation'
  [1m[36mTRANSACTION (0.1ms)[0m  [1m[36mbegin transaction[0m
  ↳ app/controllers/entrees_controller.rb:11:in `create'
  [1m[36mEntree Create (1.4ms)[0m  [1m[32mINSERT INTO "entrees" ("journee_observation_id", "heure", "volume_boisson", "volume_urine", "urgenturies", "fuites", "commentaires", "created_at", "updated_at") VALUES (?, ?, ?, ?, ?, ?, ?, ?, ?) RETURNING "id"[0m  [["journee_observation_id", 7], ["heure", "2000-01-01 16:19:00"], ["volume_boisson", nil], ["volume_urine", 220], ["urgenturies", ""], ["fuites", ""], ["commentaires", ""], ["created_at", "2026-03-22 15:28:59.071024"], ["updated_at", "2026-03-22 15:28:59.071024"]]
  ↳ app/controllers/entrees_controller.rb:11:in `create'
  [1m[36mTRANSACTION (0.4ms)[0m  [1m[36mcommit transaction[0m
  ↳ app/controllers/entrees_controller.rb:11:in `create'
Redirected to http://localhost:3000/journee_observations/7
Completed 302 Found in 10ms (ActiveRecord: 4.4ms | Allocations: 2918)


Started GET "/journee_observations/7" for ::1 at 2026-03-22 16:28:59 +0100
Processing by JourneeObservationsController#show as TURBO_STREAM
  Parameters: {"id"=>"7"}
  [1m[36mJourneeObservation Load (0.1ms)[0m  [1m[34mSELECT "journee_observations".* FROM "journee_observations" WHERE "journee_observations"."id" = ? LIMIT ?[0m  [["id", 7], ["LIMIT", 1]]
  ↳ app/controllers/journee_observations_controller.rb:45:in `set_journee_observation'
  Rendering layout layouts/application.html.erb
  Rendering journee_observations/show.html.erb within layouts/application
  [1m[36mEntree Load (0.1ms)[0m  [1m[34mSELECT "entrees".* FROM "entrees" WHERE "entrees"."journee_observation_id" = ? ORDER BY "entrees"."heure" ASC[0m  [["journee_observation_id", 7]]
  ↳ app/views/journee_observations/show.html.erb:57
  [1m[36mEntree Sum (0.1ms)[0m  [1m[34mSELECT SUM("entrees"."volume_boisson") FROM "entrees" WHERE "entrees"."journee_observation_id" = ?[0m  [["journee_observation_id", 7]]
  ↳ app/models/journee_observation.rb:9:in `total_boissons'
  [1m[36mEntree Sum (0.0ms)[0m  [1m[34mSELECT SUM("entrees"."volume_urine") FROM "entrees" WHERE "entrees"."journee_observation_id" = ?[0m  [["journee_observation_id", 7]]
  ↳ app/models/journee_observation.rb:13:in `total_urine'
  Rendered entrees/_form.html.erb (Duration: 1.1ms | Allocations: 1026)
  Rendered journee_observations/show.html.erb within layouts/application (Duration: 4.7ms | Allocations: 4480)
  Rendered layout layouts/application.html.erb (Duration: 6.7ms | Allocations: 6308)
Completed 200 OK in 9ms (Views: 6.8ms | ActiveRecord: 0.3ms | Allocations: 7124)


Started POST "/journee_observations/7/entrees" for ::1 at 2026-03-22 16:29:24 +0100
Processing by EntreesController#create as TURBO_STREAM
  Parameters: {"authenticity_token"=>"[FILTERED]", "entree"=>{"heure"=>"16:29", "volume_boisson"=>"150", "volume_urine"=>"", "urgenturies"=>"", "fuites"=>"", "commentaires"=>""}, "commit"=>"Ajouter", "journee_observation_id"=>"7"}
  [1m[36mJourneeObservation Load (0.4ms)[0m  [1m[34mSELECT "journee_observations".* FROM "journee_observations" WHERE "journee_observations"."id" = ? LIMIT ?[0m  [["id", 7], ["LIMIT", 1]]
  ↳ app/controllers/entrees_controller.rb:37:in `set_journee_observation'
  [1m[36mTRANSACTION (0.1ms)[0m  [1m[36mbegin transaction[0m
  ↳ app/controllers/entrees_controller.rb:11:in `create'
  [1m[36mEntree Create (1.1ms)[0m  [1m[32mINSERT INTO "entrees" ("journee_observation_id", "heure", "volume_boisson", "volume_urine", "urgenturies", "fuites", "commentaires", "created_at", "updated_at") VALUES (?, ?, ?, ?, ?, ?, ?, ?, ?) RETURNING "id"[0m  [["journee_observation_id", 7], ["heure", "2000-01-01 16:29:00"], ["volume_boisson", 150], ["volume_urine", nil], ["urgenturies", ""], ["fuites", ""], ["commentaires", ""], ["created_at", "2026-03-22 15:29:24.241434"], ["updated_at", "2026-03-22 15:29:24.241434"]]
  ↳ app/controllers/entrees_controller.rb:11:in `create'
  [1m[36mTRANSACTION (0.1ms)[0m  [1m[36mcommit transaction[0m
  ↳ app/controllers/entrees_controller.rb:11:in `create'
Redirected to http://localhost:3000/journee_observations/7
Completed 302 Found in 8ms (ActiveRecord: 1.7ms | Allocations: 2665)


Started GET "/journee_observations/7" for ::1 at 2026-03-22 16:29:24 +0100
Processing by JourneeObservationsController#show as TURBO_STREAM
  Parameters: {"id"=>"7"}
  [1m[36mJourneeObservation Load (0.2ms)[0m  [1m[34mSELECT "journee_observations".* FROM "journee_observations" WHERE "journee_observations"."id" = ? LIMIT ?[0m  [["id", 7], ["LIMIT", 1]]
  ↳ app/controllers/journee_observations_controller.rb:45:in `set_journee_observation'
  Rendering layout layouts/application.html.erb
  Rendering journee_observations/show.html.erb within layouts/application
  [1m[36mEntree Load (0.1ms)[0m  [1m[34mSELECT "entrees".* FROM "entrees" WHERE "entrees"."journee_observation_id" = ? ORDER BY "entrees"."heure" ASC[0m  [["journee_observation_id", 7]]
  ↳ app/views/journee_observations/show.html.erb:57
  [1m[36mEntree Sum (0.0ms)[0m  [1m[34mSELECT SUM("entrees"."volume_boisson") FROM "entrees" WHERE "entrees"."journee_observation_id" = ?[0m  [["journee_observation_id", 7]]
  ↳ app/models/journee_observation.rb:9:in `total_boissons'
  [1m[36mEntree Sum (0.0ms)[0m  [1m[34mSELECT SUM("entrees"."volume_urine") FROM "entrees" WHERE "entrees"."journee_observation_id" = ?[0m  [["journee_observation_id", 7]]
  ↳ app/models/journee_observation.rb:13:in `total_urine'
  Rendered entrees/_form.html.erb (Duration: 1.4ms | Allocations: 1017)
  Rendered journee_observations/show.html.erb within layouts/application (Duration: 5.8ms | Allocations: 4568)
  Rendered layout layouts/application.html.erb (Duration: 8.2ms | Allocations: 6396)
Completed 200 OK in 12ms (Views: 8.6ms | ActiveRecord: 0.4ms | Allocations: 7212)


Started POST "/journee_observations/7/entrees" for ::1 at 2026-03-22 17:28:42 +0100
Processing by EntreesController#create as TURBO_STREAM
  Parameters: {"authenticity_token"=>"[FILTERED]", "entree"=>{"heure"=>"17:28", "volume_boisson"=>"", "volume_urine"=>"250", "urgenturies"=>"", "fuites"=>"", "commentaires"=>""}, "commit"=>"Ajouter", "journee_observation_id"=>"7"}
  [1m[36mJourneeObservation Load (2.1ms)[0m  [1m[34mSELECT "journee_observations".* FROM "journee_observations" WHERE "journee_observations"."id" = ? LIMIT ?[0m  [["id", 7], ["LIMIT", 1]]
  ↳ app/controllers/entrees_controller.rb:37:in `set_journee_observation'
  [1m[36mTRANSACTION (0.1ms)[0m  [1m[36mbegin transaction[0m
  ↳ app/controllers/entrees_controller.rb:11:in `create'
  [1m[36mEntree Create (1.2ms)[0m  [1m[32mINSERT INTO "entrees" ("journee_observation_id", "heure", "volume_boisson", "volume_urine", "urgenturies", "fuites", "commentaires", "created_at", "updated_at") VALUES (?, ?, ?, ?, ?, ?, ?, ?, ?) RETURNING "id"[0m  [["journee_observation_id", 7], ["heure", "2000-01-01 17:28:00"], ["volume_boisson", nil], ["volume_urine", 250], ["urgenturies", ""], ["fuites", ""], ["commentaires", ""], ["created_at", "2026-03-22 16:28:42.247211"], ["updated_at", "2026-03-22 16:28:42.247211"]]
  ↳ app/controllers/entrees_controller.rb:11:in `create'
  [1m[36mTRANSACTION (0.5ms)[0m  [1m[36mcommit transaction[0m
  ↳ app/controllers/entrees_controller.rb:11:in `create'
Redirected to http://localhost:3000/journee_observations/7
Completed 302 Found in 11ms (ActiveRecord: 4.7ms | Allocations: 2926)


Started GET "/journee_observations/7" for ::1 at 2026-03-22 17:28:42 +0100
Processing by JourneeObservationsController#show as TURBO_STREAM
  Parameters: {"id"=>"7"}
  [1m[36mJourneeObservation Load (0.1ms)[0m  [1m[34mSELECT "journee_observations".* FROM "journee_observations" WHERE "journee_observations"."id" = ? LIMIT ?[0m  [["id", 7], ["LIMIT", 1]]
  ↳ app/controllers/journee_observations_controller.rb:45:in `set_journee_observation'
  Rendering layout layouts/application.html.erb
  Rendering journee_observations/show.html.erb within layouts/application
  [1m[36mEntree Load (0.1ms)[0m  [1m[34mSELECT "entrees".* FROM "entrees" WHERE "entrees"."journee_observation_id" = ? ORDER BY "entrees"."heure" ASC[0m  [["journee_observation_id", 7]]
  ↳ app/views/journee_observations/show.html.erb:57
  [1m[36mEntree Sum (0.1ms)[0m  [1m[34mSELECT SUM("entrees"."volume_boisson") FROM "entrees" WHERE "entrees"."journee_observation_id" = ?[0m  [["journee_observation_id", 7]]
  ↳ app/models/journee_observation.rb:9:in `total_boissons'
  [1m[36mEntree Sum (0.0ms)[0m  [1m[34mSELECT SUM("entrees"."volume_urine") FROM "entrees" WHERE "entrees"."journee_observation_id" = ?[0m  [["journee_observation_id", 7]]
  ↳ app/models/journee_observation.rb:13:in `total_urine'
  Rendered entrees/_form.html.erb (Duration: 1.2ms | Allocations: 1041)
  Rendered journee_observations/show.html.erb within layouts/application (Duration: 5.1ms | Allocations: 4773)
  Rendered layout layouts/application.html.erb (Duration: 7.2ms | Allocations: 6601)
Completed 200 OK in 9ms (Views: 7.3ms | ActiveRecord: 0.4ms | Allocations: 7417)


Started POST "/journee_observations/7/entrees" for ::1 at 2026-03-22 17:48:03 +0100
Processing by EntreesController#create as TURBO_STREAM
  Parameters: {"authenticity_token"=>"[FILTERED]", "entree"=>{"heure"=>"17:47", "volume_boisson"=>"", "volume_urine"=>"100", "urgenturies"=>"", "fuites"=>"", "commentaires"=>""}, "commit"=>"Ajouter", "journee_observation_id"=>"7"}
  [1m[36mJourneeObservation Load (1.5ms)[0m  [1m[34mSELECT "journee_observations".* FROM "journee_observations" WHERE "journee_observations"."id" = ? LIMIT ?[0m  [["id", 7], ["LIMIT", 1]]
  ↳ app/controllers/entrees_controller.rb:37:in `set_journee_observation'
  [1m[36mTRANSACTION (0.0ms)[0m  [1m[36mbegin transaction[0m
  ↳ app/controllers/entrees_controller.rb:11:in `create'
  [1m[36mEntree Create (0.9ms)[0m  [1m[32mINSERT INTO "entrees" ("journee_observation_id", "heure", "volume_boisson", "volume_urine", "urgenturies", "fuites", "commentaires", "created_at", "updated_at") VALUES (?, ?, ?, ?, ?, ?, ?, ?, ?) RETURNING "id"[0m  [["journee_observation_id", 7], ["heure", "2000-01-01 17:47:00"], ["volume_boisson", nil], ["volume_urine", 100], ["urgenturies", ""], ["fuites", ""], ["commentaires", ""], ["created_at", "2026-03-22 16:48:03.322481"], ["updated_at", "2026-03-22 16:48:03.322481"]]
  ↳ app/controllers/entrees_controller.rb:11:in `create'
  [1m[36mTRANSACTION (0.5ms)[0m  [1m[36mcommit transaction[0m
  ↳ app/controllers/entrees_controller.rb:11:in `create'
Redirected to http://localhost:3000/journee_observations/7
Completed 302 Found in 11ms (ActiveRecord: 3.9ms | Allocations: 2940)


Started GET "/journee_observations/7" for ::1 at 2026-03-22 17:48:03 +0100
Processing by JourneeObservationsController#show as TURBO_STREAM
  Parameters: {"id"=>"7"}
  [1m[36mJourneeObservation Load (0.2ms)[0m  [1m[34mSELECT "journee_observations".* FROM "journee_observations" WHERE "journee_observations"."id" = ? LIMIT ?[0m  [["id", 7], ["LIMIT", 1]]
  ↳ app/controllers/journee_observations_controller.rb:45:in `set_journee_observation'
  Rendering layout layouts/application.html.erb
  Rendering journee_observations/show.html.erb within layouts/application
  [1m[36mEntree Load (0.2ms)[0m  [1m[34mSELECT "entrees".* FROM "entrees" WHERE "entrees"."journee_observation_id" = ? ORDER BY "entrees"."heure" ASC[0m  [["journee_observation_id", 7]]
  ↳ app/views/journee_observations/show.html.erb:57
  [1m[36mEntree Sum (0.1ms)[0m  [1m[34mSELECT SUM("entrees"."volume_boisson") FROM "entrees" WHERE "entrees"."journee_observation_id" = ?[0m  [["journee_observation_id", 7]]
  ↳ app/models/journee_observation.rb:9:in `total_boissons'
  [1m[36mEntree Sum (0.0ms)[0m  [1m[34mSELECT SUM("entrees"."volume_urine") FROM "entrees" WHERE "entrees"."journee_observation_id" = ?[0m  [["journee_observation_id", 7]]
  ↳ app/models/journee_observation.rb:13:in `total_urine'
  Rendered entrees/_form.html.erb (Duration: 1.2ms | Allocations: 1021)
  Rendered journee_observations/show.html.erb within layouts/application (Duration: 6.4ms | Allocations: 4892)
  Rendered layout layouts/application.html.erb (Duration: 8.8ms | Allocations: 6765)
Completed 200 OK in 11ms (Views: 8.9ms | ActiveRecord: 0.4ms | Allocations: 7583)


Started GET "/journee_observations/7/entrees/22/edit" for ::1 at 2026-03-22 17:48:30 +0100
Processing by EntreesController#edit as HTML
  Parameters: {"journee_observation_id"=>"7", "id"=>"22"}
  [1m[36mJourneeObservation Load (0.2ms)[0m  [1m[34mSELECT "journee_observations".* FROM "journee_observations" WHERE "journee_observations"."id" = ? LIMIT ?[0m  [["id", 7], ["LIMIT", 1]]
  ↳ app/controllers/entrees_controller.rb:37:in `set_journee_observation'
  [1m[36mEntree Load (0.2ms)[0m  [1m[34mSELECT "entrees".* FROM "entrees" WHERE "entrees"."journee_observation_id" = ? AND "entrees"."id" = ? LIMIT ?[0m  [["journee_observation_id", 7], ["id", 22], ["LIMIT", 1]]
  ↳ app/controllers/entrees_controller.rb:41:in `set_entree'
  Rendering layout layouts/application.html.erb
  Rendering entrees/edit.html.erb within layouts/application
  Rendered entrees/_form.html.erb (Duration: 2.2ms | Allocations: 1070)
  Rendered entrees/edit.html.erb within layouts/application (Duration: 2.6ms | Allocations: 1177)
  Rendered layout layouts/application.html.erb (Duration: 5.9ms | Allocations: 3002)
Completed 200 OK in 11ms (Views: 6.6ms | ActiveRecord: 0.4ms | Allocations: 4327)


Started PATCH "/journee_observations/7/entrees/22" for ::1 at 2026-03-22 17:48:40 +0100
Processing by EntreesController#update as TURBO_STREAM
  Parameters: {"authenticity_token"=>"[FILTERED]", "entree"=>{"heure"=>"17:47:00.000", "volume_boisson"=>"", "volume_urine"=>"100", "urgenturies"=>"", "fuites"=>"", "commentaires"=>"AV sortie"}, "commit"=>"Ajouter", "journee_observation_id"=>"7", "id"=>"22"}
  [1m[36mJourneeObservation Load (0.2ms)[0m  [1m[34mSELECT "journee_observations".* FROM "journee_observations" WHERE "journee_observations"."id" = ? LIMIT ?[0m  [["id", 7], ["LIMIT", 1]]
  ↳ app/controllers/entrees_controller.rb:37:in `set_journee_observation'
  [1m[36mEntree Load (0.1ms)[0m  [1m[34mSELECT "entrees".* FROM "entrees" WHERE "entrees"."journee_observation_id" = ? AND "entrees"."id" = ? LIMIT ?[0m  [["journee_observation_id", 7], ["id", 22], ["LIMIT", 1]]
  ↳ app/controllers/entrees_controller.rb:41:in `set_entree'
  [1m[36mTRANSACTION (0.1ms)[0m  [1m[36mbegin transaction[0m
  ↳ app/controllers/entrees_controller.rb:22:in `update'
  [1m[36mEntree Update (0.9ms)[0m  [1m[33mUPDATE "entrees" SET "commentaires" = ?, "updated_at" = ? WHERE "entrees"."id" = ?[0m  [["commentaires", "AV sortie"], ["updated_at", "2026-03-22 16:48:40.497511"], ["id", 22]]
  ↳ app/controllers/entrees_controller.rb:22:in `update'
  [1m[36mTRANSACTION (0.2ms)[0m  [1m[36mcommit transaction[0m
  ↳ app/controllers/entrees_controller.rb:22:in `update'
Redirected to http://localhost:3000/journee_observations/7
Completed 302 Found in 9ms (ActiveRecord: 1.4ms | Allocations: 3261)


Started GET "/journee_observations/7" for ::1 at 2026-03-22 17:48:40 +0100
Processing by JourneeObservationsController#show as TURBO_STREAM
  Parameters: {"id"=>"7"}
  [1m[36mJourneeObservation Load (0.2ms)[0m  [1m[34mSELECT "journee_observations".* FROM "journee_observations" WHERE "journee_observations"."id" = ? LIMIT ?[0m  [["id", 7], ["LIMIT", 1]]
  ↳ app/controllers/journee_observations_controller.rb:45:in `set_journee_observation'
  Rendering layout layouts/application.html.erb
  Rendering journee_observations/show.html.erb within layouts/application
  [1m[36mEntree Load (0.1ms)[0m  [1m[34mSELECT "entrees".* FROM "entrees" WHERE "entrees"."journee_observation_id" = ? ORDER BY "entrees"."heure" ASC[0m  [["journee_observation_id", 7]]
  ↳ app/views/journee_observations/show.html.erb:57
  [1m[36mEntree Sum (0.1ms)[0m  [1m[34mSELECT SUM("entrees"."volume_boisson") FROM "entrees" WHERE "entrees"."journee_observation_id" = ?[0m  [["journee_observation_id", 7]]
  ↳ app/models/journee_observation.rb:9:in `total_boissons'
  [1m[36mEntree Sum (0.0ms)[0m  [1m[34mSELECT SUM("entrees"."volume_urine") FROM "entrees" WHERE "entrees"."journee_observation_id" = ?[0m  [["journee_observation_id", 7]]
  ↳ app/models/journee_observation.rb:13:in `total_urine'
  Rendered entrees/_form.html.erb (Duration: 1.2ms | Allocations: 1011)
  Rendered journee_observations/show.html.erb within layouts/application (Duration: 6.4ms | Allocations: 4839)
  Rendered layout layouts/application.html.erb (Duration: 8.5ms | Allocations: 6668)
Completed 200 OK in 12ms (Views: 8.7ms | ActiveRecord: 0.4ms | Allocations: 7484)


Started POST "/journee_observations/7/entrees" for ::1 at 2026-03-22 19:20:14 +0100
Processing by EntreesController#create as TURBO_STREAM
  Parameters: {"authenticity_token"=>"[FILTERED]", "entree"=>{"heure"=>"19:20", "volume_boisson"=>"300", "volume_urine"=>"", "urgenturies"=>"", "fuites"=>"", "commentaires"=>""}, "commit"=>"Ajouter", "journee_observation_id"=>"7"}
  [1m[36mJourneeObservation Load (2.2ms)[0m  [1m[34mSELECT "journee_observations".* FROM "journee_observations" WHERE "journee_observations"."id" = ? LIMIT ?[0m  [["id", 7], ["LIMIT", 1]]
  ↳ app/controllers/entrees_controller.rb:37:in `set_journee_observation'
  [1m[36mTRANSACTION (0.0ms)[0m  [1m[36mbegin transaction[0m
  ↳ app/controllers/entrees_controller.rb:11:in `create'
  [1m[36mEntree Create (0.9ms)[0m  [1m[32mINSERT INTO "entrees" ("journee_observation_id", "heure", "volume_boisson", "volume_urine", "urgenturies", "fuites", "commentaires", "created_at", "updated_at") VALUES (?, ?, ?, ?, ?, ?, ?, ?, ?) RETURNING "id"[0m  [["journee_observation_id", 7], ["heure", "2000-01-01 19:20:00"], ["volume_boisson", 300], ["volume_urine", nil], ["urgenturies", ""], ["fuites", ""], ["commentaires", ""], ["created_at", "2026-03-22 18:20:14.985336"], ["updated_at", "2026-03-22 18:20:14.985336"]]
  ↳ app/controllers/entrees_controller.rb:11:in `create'
  [1m[36mTRANSACTION (0.6ms)[0m  [1m[36mcommit transaction[0m
  ↳ app/controllers/entrees_controller.rb:11:in `create'
Redirected to http://localhost:3000/journee_observations/7
Completed 302 Found in 10ms (ActiveRecord: 4.7ms | Allocations: 2929)


Started GET "/journee_observations/7" for ::1 at 2026-03-22 19:20:14 +0100
Processing by JourneeObservationsController#show as TURBO_STREAM
  Parameters: {"id"=>"7"}
  [1m[36mJourneeObservation Load (0.1ms)[0m  [1m[34mSELECT "journee_observations".* FROM "journee_observations" WHERE "journee_observations"."id" = ? LIMIT ?[0m  [["id", 7], ["LIMIT", 1]]
  ↳ app/controllers/journee_observations_controller.rb:45:in `set_journee_observation'
  Rendering layout layouts/application.html.erb
  Rendering journee_observations/show.html.erb within layouts/application
  [1m[36mEntree Load (0.1ms)[0m  [1m[34mSELECT "entrees".* FROM "entrees" WHERE "entrees"."journee_observation_id" = ? ORDER BY "entrees"."heure" ASC[0m  [["journee_observation_id", 7]]
  ↳ app/views/journee_observations/show.html.erb:57
  [1m[36mEntree Sum (0.1ms)[0m  [1m[34mSELECT SUM("entrees"."volume_boisson") FROM "entrees" WHERE "entrees"."journee_observation_id" = ?[0m  [["journee_observation_id", 7]]
  ↳ app/models/journee_observation.rb:9:in `total_boissons'
  [1m[36mEntree Sum (0.0ms)[0m  [1m[34mSELECT SUM("entrees"."volume_urine") FROM "entrees" WHERE "entrees"."journee_observation_id" = ?[0m  [["journee_observation_id", 7]]
  ↳ app/models/journee_observation.rb:13:in `total_urine'
  Rendered entrees/_form.html.erb (Duration: 1.3ms | Allocations: 1026)
  Rendered journee_observations/show.html.erb within layouts/application (Duration: 5.0ms | Allocations: 5035)
  Rendered layout layouts/application.html.erb (Duration: 6.9ms | Allocations: 6863)
Completed 200 OK in 9ms (Views: 7.0ms | ActiveRecord: 0.4ms | Allocations: 7679)


Started POST "/journee_observations/7/entrees" for ::1 at 2026-03-22 19:21:55 +0100
Processing by EntreesController#create as TURBO_STREAM
  Parameters: {"authenticity_token"=>"[FILTERED]", "entree"=>{"heure"=>"19:21", "volume_boisson"=>"230", "volume_urine"=>"", "urgenturies"=>"", "fuites"=>"", "commentaires"=>""}, "commit"=>"Ajouter", "journee_observation_id"=>"7"}
  [1m[36mJourneeObservation Load (0.2ms)[0m  [1m[34mSELECT "journee_observations".* FROM "journee_observations" WHERE "journee_observations"."id" = ? LIMIT ?[0m  [["id", 7], ["LIMIT", 1]]
  ↳ app/controllers/entrees_controller.rb:37:in `set_journee_observation'
  [1m[36mTRANSACTION (0.1ms)[0m  [1m[36mbegin transaction[0m
  ↳ app/controllers/entrees_controller.rb:11:in `create'
  [1m[36mEntree Create (1.1ms)[0m  [1m[32mINSERT INTO "entrees" ("journee_observation_id", "heure", "volume_boisson", "volume_urine", "urgenturies", "fuites", "commentaires", "created_at", "updated_at") VALUES (?, ?, ?, ?, ?, ?, ?, ?, ?) RETURNING "id"[0m  [["journee_observation_id", 7], ["heure", "2000-01-01 19:21:00"], ["volume_boisson", 230], ["volume_urine", nil], ["urgenturies", ""], ["fuites", ""], ["commentaires", ""], ["created_at", "2026-03-22 18:21:55.295296"], ["updated_at", "2026-03-22 18:21:55.295296"]]
  ↳ app/controllers/entrees_controller.rb:11:in `create'
  [1m[36mTRANSACTION (0.2ms)[0m  [1m[36mcommit transaction[0m
  ↳ app/controllers/entrees_controller.rb:11:in `create'
Redirected to http://localhost:3000/journee_observations/7
Completed 302 Found in 8ms (ActiveRecord: 1.6ms | Allocations: 2674)


Started GET "/journee_observations/7" for ::1 at 2026-03-22 19:21:55 +0100
Processing by JourneeObservationsController#show as TURBO_STREAM
  Parameters: {"id"=>"7"}
  [1m[36mJourneeObservation Load (0.2ms)[0m  [1m[34mSELECT "journee_observations".* FROM "journee_observations" WHERE "journee_observations"."id" = ? LIMIT ?[0m  [["id", 7], ["LIMIT", 1]]
  ↳ app/controllers/journee_observations_controller.rb:45:in `set_journee_observation'
  Rendering layout layouts/application.html.erb
  Rendering journee_observations/show.html.erb within layouts/application
  [1m[36mEntree Load (0.1ms)[0m  [1m[34mSELECT "entrees".* FROM "entrees" WHERE "entrees"."journee_observation_id" = ? ORDER BY "entrees"."heure" ASC[0m  [["journee_observation_id", 7]]
  ↳ app/views/journee_observations/show.html.erb:57
  [1m[36mEntree Sum (0.0ms)[0m  [1m[34mSELECT SUM("entrees"."volume_boisson") FROM "entrees" WHERE "entrees"."journee_observation_id" = ?[0m  [["journee_observation_id", 7]]
  ↳ app/models/journee_observation.rb:9:in `total_boissons'
  [1m[36mEntree Sum (0.0ms)[0m  [1m[34mSELECT SUM("entrees"."volume_urine") FROM "entrees" WHERE "entrees"."journee_observation_id" = ?[0m  [["journee_observation_id", 7]]
  ↳ app/models/journee_observation.rb:13:in `total_urine'
  Rendered entrees/_form.html.erb (Duration: 1.1ms | Allocations: 1018)
  Rendered journee_observations/show.html.erb within layouts/application (Duration: 5.8ms | Allocations: 5124)
  Rendered layout layouts/application.html.erb (Duration: 7.9ms | Allocations: 6952)
Completed 200 OK in 11ms (Views: 8.2ms | ActiveRecord: 0.3ms | Allocations: 7768)


Started DELETE "/journee_observations/7/entrees/24?_method=delete" for ::1 at 2026-03-22 19:22:15 +0100
Processing by EntreesController#destroy as TURBO_STREAM
  Parameters: {"journee_observation_id"=>"7", "id"=>"24"}
  [1m[36mJourneeObservation Load (0.3ms)[0m  [1m[34mSELECT "journee_observations".* FROM "journee_observations" WHERE "journee_observations"."id" = ? LIMIT ?[0m  [["id", 7], ["LIMIT", 1]]
  ↳ app/controllers/entrees_controller.rb:37:in `set_journee_observation'
  [1m[36mEntree Load (0.3ms)[0m  [1m[34mSELECT "entrees".* FROM "entrees" WHERE "entrees"."journee_observation_id" = ? AND "entrees"."id" = ? LIMIT ?[0m  [["journee_observation_id", 7], ["id", 24], ["LIMIT", 1]]
  ↳ app/controllers/entrees_controller.rb:41:in `set_entree'
  [1m[36mTRANSACTION (0.1ms)[0m  [1m[36mbegin transaction[0m
  ↳ app/controllers/entrees_controller.rb:30:in `destroy'
  [1m[36mEntree Destroy (0.8ms)[0m  [1m[31mDELETE FROM "entrees" WHERE "entrees"."id" = ?[0m  [["id", 24]]
  ↳ app/controllers/entrees_controller.rb:30:in `destroy'
  [1m[36mTRANSACTION (0.1ms)[0m  [1m[36mcommit transaction[0m
  ↳ app/controllers/entrees_controller.rb:30:in `destroy'
Redirected to http://localhost:3000/journee_observations/7
Completed 302 Found in 9ms (ActiveRecord: 1.5ms | Allocations: 2735)


Started GET "/journee_observations/7" for ::1 at 2026-03-22 19:22:15 +0100
Processing by JourneeObservationsController#show as TURBO_STREAM
  Parameters: {"id"=>"7"}
  [1m[36mJourneeObservation Load (0.1ms)[0m  [1m[34mSELECT "journee_observations".* FROM "journee_observations" WHERE "journee_observations"."id" = ? LIMIT ?[0m  [["id", 7], ["LIMIT", 1]]
  ↳ app/controllers/journee_observations_controller.rb:45:in `set_journee_observation'
  Rendering layout layouts/application.html.erb
  Rendering journee_observations/show.html.erb within layouts/application
  [1m[36mEntree Load (0.1ms)[0m  [1m[34mSELECT "entrees".* FROM "entrees" WHERE "entrees"."journee_observation_id" = ? ORDER BY "entrees"."heure" ASC[0m  [["journee_observation_id", 7]]
  ↳ app/views/journee_observations/show.html.erb:57
  [1m[36mEntree Sum (0.1ms)[0m  [1m[34mSELECT SUM("entrees"."volume_boisson") FROM "entrees" WHERE "entrees"."journee_observation_id" = ?[0m  [["journee_observation_id", 7]]
  ↳ app/models/journee_observation.rb:9:in `total_boissons'
  [1m[36mEntree Sum (0.0ms)[0m  [1m[34mSELECT SUM("entrees"."volume_urine") FROM "entrees" WHERE "entrees"."journee_observation_id" = ?[0m  [["journee_observation_id", 7]]
  ↳ app/models/journee_observation.rb:13:in `total_urine'
  Rendered entrees/_form.html.erb (Duration: 1.5ms | Allocations: 1029)
  Rendered journee_observations/show.html.erb within layouts/application (Duration: 6.4ms | Allocations: 4996)
  Rendered layout layouts/application.html.erb (Duration: 8.7ms | Allocations: 6824)
Completed 200 OK in 11ms (Views: 9.0ms | ActiveRecord: 0.3ms | Allocations: 7640)


Started POST "/journee_observations/7/entrees" for ::1 at 2026-03-22 19:22:29 +0100
Processing by EntreesController#create as TURBO_STREAM
  Parameters: {"authenticity_token"=>"[FILTERED]", "entree"=>{"heure"=>"19:22", "volume_boisson"=>"", "volume_urine"=>"230", "urgenturies"=>"", "fuites"=>"", "commentaires"=>""}, "commit"=>"Ajouter", "journee_observation_id"=>"7"}
  [1m[36mJourneeObservation Load (0.2ms)[0m  [1m[34mSELECT "journee_observations".* FROM "journee_observations" WHERE "journee_observations"."id" = ? LIMIT ?[0m  [["id", 7], ["LIMIT", 1]]
  ↳ app/controllers/entrees_controller.rb:37:in `set_journee_observation'
  [1m[36mTRANSACTION (0.1ms)[0m  [1m[36mbegin transaction[0m
  ↳ app/controllers/entrees_controller.rb:11:in `create'
  [1m[36mEntree Create (1.0ms)[0m  [1m[32mINSERT INTO "entrees" ("journee_observation_id", "heure", "volume_boisson", "volume_urine", "urgenturies", "fuites", "commentaires", "created_at", "updated_at") VALUES (?, ?, ?, ?, ?, ?, ?, ?, ?) RETURNING "id"[0m  [["journee_observation_id", 7], ["heure", "2000-01-01 19:22:00"], ["volume_boisson", nil], ["volume_urine", 230], ["urgenturies", ""], ["fuites", ""], ["commentaires", ""], ["created_at", "2026-03-22 18:22:29.626597"], ["updated_at", "2026-03-22 18:22:29.626597"]]
  ↳ app/controllers/entrees_controller.rb:11:in `create'
  [1m[36mTRANSACTION (0.2ms)[0m  [1m[36mcommit transaction[0m
  ↳ app/controllers/entrees_controller.rb:11:in `create'
Redirected to http://localhost:3000/journee_observations/7
Completed 302 Found in 8ms (ActiveRecord: 1.4ms | Allocations: 2671)


Started GET "/journee_observations/7" for ::1 at 2026-03-22 19:22:29 +0100
Processing by JourneeObservationsController#show as TURBO_STREAM
  Parameters: {"id"=>"7"}
  [1m[36mJourneeObservation Load (0.2ms)[0m  [1m[34mSELECT "journee_observations".* FROM "journee_observations" WHERE "journee_observations"."id" = ? LIMIT ?[0m  [["id", 7], ["LIMIT", 1]]
  ↳ app/controllers/journee_observations_controller.rb:45:in `set_journee_observation'
  Rendering layout layouts/application.html.erb
  Rendering journee_observations/show.html.erb within layouts/application
  [1m[36mEntree Load (0.1ms)[0m  [1m[34mSELECT "entrees".* FROM "entrees" WHERE "entrees"."journee_observation_id" = ? ORDER BY "entrees"."heure" ASC[0m  [["journee_observation_id", 7]]
  ↳ app/views/journee_observations/show.html.erb:57
  [1m[36mEntree Sum (0.1ms)[0m  [1m[34mSELECT SUM("entrees"."volume_boisson") FROM "entrees" WHERE "entrees"."journee_observation_id" = ?[0m  [["journee_observation_id", 7]]
  ↳ app/models/journee_observation.rb:9:in `total_boissons'
  [1m[36mEntree Sum (0.1ms)[0m  [1m[34mSELECT SUM("entrees"."volume_urine") FROM "entrees" WHERE "entrees"."journee_observation_id" = ?[0m  [["journee_observation_id", 7]]
  ↳ app/models/journee_observation.rb:13:in `total_urine'
  Rendered entrees/_form.html.erb (Duration: 1.4ms | Allocations: 1023)
  Rendered journee_observations/show.html.erb within layouts/application (Duration: 6.6ms | Allocations: 5129)
  Rendered layout layouts/application.html.erb (Duration: 8.7ms | Allocations: 6957)
Completed 200 OK in 12ms (Views: 8.9ms | ActiveRecord: 0.5ms | Allocations: 7773)


Started GET "/journee_observations/7/entrees/22/edit" for ::1 at 2026-03-22 19:22:43 +0100
Processing by EntreesController#edit as HTML
  Parameters: {"journee_observation_id"=>"7", "id"=>"22"}
  [1m[36mJourneeObservation Load (0.2ms)[0m  [1m[34mSELECT "journee_observations".* FROM "journee_observations" WHERE "journee_observations"."id" = ? LIMIT ?[0m  [["id", 7], ["LIMIT", 1]]
  ↳ app/controllers/entrees_controller.rb:37:in `set_journee_observation'
  [1m[36mEntree Load (0.1ms)[0m  [1m[34mSELECT "entrees".* FROM "entrees" WHERE "entrees"."journee_observation_id" = ? AND "entrees"."id" = ? LIMIT ?[0m  [["journee_observation_id", 7], ["id", 22], ["LIMIT", 1]]
  ↳ app/controllers/entrees_controller.rb:41:in `set_entree'
  Rendering layout layouts/application.html.erb
  Rendering entrees/edit.html.erb within layouts/application
  Rendered entrees/_form.html.erb (Duration: 1.6ms | Allocations: 1064)
  Rendered entrees/edit.html.erb within layouts/application (Duration: 1.9ms | Allocations: 1171)
  Rendered layout layouts/application.html.erb (Duration: 4.7ms | Allocations: 2995)
Completed 200 OK in 9ms (Views: 5.3ms | ActiveRecord: 0.3ms | Allocations: 4285)


Started PATCH "/journee_observations/7/entrees/22" for ::1 at 2026-03-22 19:22:55 +0100
Processing by EntreesController#update as TURBO_STREAM
  Parameters: {"authenticity_token"=>"[FILTERED]", "entree"=>{"heure"=>"17:47:00.000", "volume_boisson"=>"", "volume_urine"=>"100", "urgenturies"=>"", "fuites"=>"", "commentaires"=>"AV SDS"}, "commit"=>"Ajouter", "journee_observation_id"=>"7", "id"=>"22"}
  [1m[36mJourneeObservation Load (0.2ms)[0m  [1m[34mSELECT "journee_observations".* FROM "journee_observations" WHERE "journee_observations"."id" = ? LIMIT ?[0m  [["id", 7], ["LIMIT", 1]]
  ↳ app/controllers/entrees_controller.rb:37:in `set_journee_observation'
  [1m[36mEntree Load (0.1ms)[0m  [1m[34mSELECT "entrees".* FROM "entrees" WHERE "entrees"."journee_observation_id" = ? AND "entrees"."id" = ? LIMIT ?[0m  [["journee_observation_id", 7], ["id", 22], ["LIMIT", 1]]
  ↳ app/controllers/entrees_controller.rb:41:in `set_entree'
  [1m[36mTRANSACTION (0.1ms)[0m  [1m[36mbegin transaction[0m
  ↳ app/controllers/entrees_controller.rb:22:in `update'
  [1m[36mEntree Update (0.9ms)[0m  [1m[33mUPDATE "entrees" SET "commentaires" = ?, "updated_at" = ? WHERE "entrees"."id" = ?[0m  [["commentaires", "AV SDS"], ["updated_at", "2026-03-22 18:22:55.461372"], ["id", 22]]
  ↳ app/controllers/entrees_controller.rb:22:in `update'
  [1m[36mTRANSACTION (0.2ms)[0m  [1m[36mcommit transaction[0m
  ↳ app/controllers/entrees_controller.rb:22:in `update'
Redirected to http://localhost:3000/journee_observations/7
Completed 302 Found in 9ms (ActiveRecord: 1.5ms | Allocations: 3252)


Started GET "/journee_observations/7" for ::1 at 2026-03-22 19:22:55 +0100
Processing by JourneeObservationsController#show as TURBO_STREAM
  Parameters: {"id"=>"7"}
  [1m[36mJourneeObservation Load (0.2ms)[0m  [1m[34mSELECT "journee_observations".* FROM "journee_observations" WHERE "journee_observations"."id" = ? LIMIT ?[0m  [["id", 7], ["LIMIT", 1]]
  ↳ app/controllers/journee_observations_controller.rb:45:in `set_journee_observation'
  Rendering layout layouts/application.html.erb
  Rendering journee_observations/show.html.erb within layouts/application
  [1m[36mEntree Load (0.1ms)[0m  [1m[34mSELECT "entrees".* FROM "entrees" WHERE "entrees"."journee_observation_id" = ? ORDER BY "entrees"."heure" ASC[0m  [["journee_observation_id", 7]]
  ↳ app/views/journee_observations/show.html.erb:57
  [1m[36mEntree Sum (0.1ms)[0m  [1m[34mSELECT SUM("entrees"."volume_boisson") FROM "entrees" WHERE "entrees"."journee_observation_id" = ?[0m  [["journee_observation_id", 7]]
  ↳ app/models/journee_observation.rb:9:in `total_boissons'
  [1m[36mEntree Sum (0.0ms)[0m  [1m[34mSELECT SUM("entrees"."volume_urine") FROM "entrees" WHERE "entrees"."journee_observation_id" = ?[0m  [["journee_observation_id", 7]]
  ↳ app/models/journee_observation.rb:13:in `total_urine'
  Rendered entrees/_form.html.erb (Duration: 2.0ms | Allocations: 1013)
  Rendered journee_observations/show.html.erb within layouts/application (Duration: 7.2ms | Allocations: 5120)
  Rendered layout layouts/application.html.erb (Duration: 9.2ms | Allocations: 6993)
Completed 200 OK in 12ms (Views: 9.6ms | ActiveRecord: 0.4ms | Allocations: 7817)


Started GET "/journee_observations/7" for ::1 at 2026-03-22 19:54:43 +0100
Processing by JourneeObservationsController#show as HTML
  Parameters: {"id"=>"7"}
  [1m[36mJourneeObservation Load (2.0ms)[0m  [1m[34mSELECT "journee_observations".* FROM "journee_observations" WHERE "journee_observations"."id" = ? LIMIT ?[0m  [["id", 7], ["LIMIT", 1]]
  ↳ app/controllers/journee_observations_controller.rb:45:in `set_journee_observation'
  Rendering layout layouts/application.html.erb
  Rendering journee_observations/show.html.erb within layouts/application
  [1m[36mEntree Load (0.4ms)[0m  [1m[34mSELECT "entrees".* FROM "entrees" WHERE "entrees"."journee_observation_id" = ? ORDER BY "entrees"."heure" ASC[0m  [["journee_observation_id", 7]]
  ↳ app/views/journee_observations/show.html.erb:57
  [1m[36mEntree Sum (0.1ms)[0m  [1m[34mSELECT SUM("entrees"."volume_boisson") FROM "entrees" WHERE "entrees"."journee_observation_id" = ?[0m  [["journee_observation_id", 7]]
  ↳ app/models/journee_observation.rb:9:in `total_boissons'
  [1m[36mEntree Sum (0.1ms)[0m  [1m[34mSELECT SUM("entrees"."volume_urine") FROM "entrees" WHERE "entrees"."journee_observation_id" = ?[0m  [["journee_observation_id", 7]]
  ↳ app/models/journee_observation.rb:13:in `total_urine'
  Rendered entrees/_form.html.erb (Duration: 1.2ms | Allocations: 1001)
  Rendered journee_observations/show.html.erb within layouts/application (Duration: 6.4ms | Allocations: 5149)
  Rendered layout layouts/application.html.erb (Duration: 9.3ms | Allocations: 6985)
Completed 200 OK in 15ms (Views: 9.5ms | ActiveRecord: 3.5ms | Allocations: 8055)


Started GET "/" for ::1 at 2026-03-22 19:54:45 +0100
Processing by JourneeObservationsController#index as HTML
  [1m[36mJourneeObservation Load (0.2ms)[0m  [1m[34mSELECT "journee_observations".* FROM "journee_observations" WHERE "journee_observations"."date_observation" = ? LIMIT ?[0m  [["date_observation", "2026-03-22"], ["LIMIT", 1]]
  ↳ app/controllers/journee_observations_controller.rb:6:in `index'
  Rendering layout layouts/application.html.erb
  Rendering journee_observations/index.html.erb within layouts/application
  [1m[36mJourneeObservation Exists? (0.1ms)[0m  [1m[34mSELECT 1 AS one FROM "journee_observations" LIMIT ?[0m  [["LIMIT", 1]]
  ↳ app/views/journee_observations/index.html.erb:34
  [1m[36mJourneeObservation Load (0.1ms)[0m  [1m[34mSELECT "journee_observations".* FROM "journee_observations" ORDER BY "journee_observations"."date_observation" DESC[0m
  ↳ app/views/journee_observations/index.html.erb:41
  [1m[36mEntree Count (0.1ms)[0m  [1m[34mSELECT COUNT(*) FROM "entrees" WHERE "entrees"."journee_observation_id" = ?[0m  [["journee_observation_id", 7]]
  ↳ app/views/journee_observations/index.html.erb:66
  Rendered journee_observations/index.html.erb within layouts/application (Duration: 3.2ms | Allocations: 1665)
  Rendered layout layouts/application.html.erb (Duration: 5.3ms | Allocations: 3717)
Completed 200 OK in 8ms (Views: 5.6ms | ActiveRecord: 0.4ms | Allocations: 4417)


Started GET "/journee_observations/7/edit" for ::1 at 2026-03-22 19:54:46 +0100
Processing by JourneeObservationsController#edit as HTML
  Parameters: {"id"=>"7"}
  [1m[36mJourneeObservation Load (0.2ms)[0m  [1m[34mSELECT "journee_observations".* FROM "journee_observations" WHERE "journee_observations"."id" = ? LIMIT ?[0m  [["id", 7], ["LIMIT", 1]]
  ↳ app/controllers/journee_observations_controller.rb:45:in `set_journee_observation'
  Rendering layout layouts/application.html.erb
  Rendering journee_observations/edit.html.erb within layouts/application
  Rendered journee_observations/_form.html.erb (Duration: 1.1ms | Allocations: 801)
  Rendered journee_observations/edit.html.erb within layouts/application (Duration: 2.0ms | Allocations: 1106)
  Rendered layout layouts/application.html.erb (Duration: 3.8ms | Allocations: 2930)
Completed 200 OK in 7ms (Views: 4.1ms | ActiveRecord: 0.2ms | Allocations: 3607)


Started GET "/journee_observations/7" for ::1 at 2026-03-22 19:54:47 +0100
Processing by JourneeObservationsController#show as HTML
  Parameters: {"id"=>"7"}
  [1m[36mJourneeObservation Load (0.2ms)[0m  [1m[34mSELECT "journee_observations".* FROM "journee_observations" WHERE "journee_observations"."id" = ? LIMIT ?[0m  [["id", 7], ["LIMIT", 1]]
  ↳ app/controllers/journee_observations_controller.rb:45:in `set_journee_observation'
  Rendering layout layouts/application.html.erb
  Rendering journee_observations/show.html.erb within layouts/application
  [1m[36mEntree Load (0.2ms)[0m  [1m[34mSELECT "entrees".* FROM "entrees" WHERE "entrees"."journee_observation_id" = ? ORDER BY "entrees"."heure" ASC[0m  [["journee_observation_id", 7]]
  ↳ app/views/journee_observations/show.html.erb:57
  [1m[36mEntree Sum (0.1ms)[0m  [1m[34mSELECT SUM("entrees"."volume_boisson") FROM "entrees" WHERE "entrees"."journee_observation_id" = ?[0m  [["journee_observation_id", 7]]
  ↳ app/models/journee_observation.rb:9:in `total_boissons'
  [1m[36mEntree Sum (0.0ms)[0m  [1m[34mSELECT SUM("entrees"."volume_urine") FROM "entrees" WHERE "entrees"."journee_observation_id" = ?[0m  [["journee_observation_id", 7]]
  ↳ app/models/journee_observation.rb:13:in `total_urine'
  Rendered entrees/_form.html.erb (Duration: 1.6ms | Allocations: 1001)
  Rendered journee_observations/show.html.erb within layouts/application (Duration: 8.2ms | Allocations: 5107)
  Rendered layout layouts/application.html.erb (Duration: 11.4ms | Allocations: 6931)
Completed 200 OK in 15ms (Views: 11.7ms | ActiveRecord: 0.5ms | Allocations: 7744)


Started POST "/journee_observations/7/entrees" for ::1 at 2026-03-22 23:16:02 +0100
Processing by EntreesController#create as TURBO_STREAM
  Parameters: {"authenticity_token"=>"[FILTERED]", "entree"=>{"heure"=>"20:31", "volume_boisson"=>"80", "volume_urine"=>"", "urgenturies"=>"", "fuites"=>"", "commentaires"=>""}, "commit"=>"Ajouter", "journee_observation_id"=>"7"}
  [1m[36mJourneeObservation Load (1.4ms)[0m  [1m[34mSELECT "journee_observations".* FROM "journee_observations" WHERE "journee_observations"."id" = ? LIMIT ?[0m  [["id", 7], ["LIMIT", 1]]
  ↳ app/controllers/entrees_controller.rb:37:in `set_journee_observation'
  [1m[36mTRANSACTION (0.1ms)[0m  [1m[36mbegin transaction[0m
  ↳ app/controllers/entrees_controller.rb:11:in `create'
  [1m[36mEntree Create (1.0ms)[0m  [1m[32mINSERT INTO "entrees" ("journee_observation_id", "heure", "volume_boisson", "volume_urine", "urgenturies", "fuites", "commentaires", "created_at", "updated_at") VALUES (?, ?, ?, ?, ?, ?, ?, ?, ?) RETURNING "id"[0m  [["journee_observation_id", 7], ["heure", "2000-01-01 20:31:00"], ["volume_boisson", 80], ["volume_urine", nil], ["urgenturies", ""], ["fuites", ""], ["commentaires", ""], ["created_at", "2026-03-22 22:16:02.105091"], ["updated_at", "2026-03-22 22:16:02.105091"]]
  ↳ app/controllers/entrees_controller.rb:11:in `create'
  [1m[36mTRANSACTION (0.5ms)[0m  [1m[36mcommit transaction[0m
  ↳ app/controllers/entrees_controller.rb:11:in `create'
Redirected to http://localhost:3000/journee_observations/7
Completed 302 Found in 9ms (ActiveRecord: 3.8ms | Allocations: 2918)


Started GET "/journee_observations/7" for ::1 at 2026-03-22 23:16:02 +0100
Processing by JourneeObservationsController#show as TURBO_STREAM
  Parameters: {"id"=>"7"}
  [1m[36mJourneeObservation Load (0.2ms)[0m  [1m[34mSELECT "journee_observations".* FROM "journee_observations" WHERE "journee_observations"."id" = ? LIMIT ?[0m  [["id", 7], ["LIMIT", 1]]
  ↳ app/controllers/journee_observations_controller.rb:45:in `set_journee_observation'
  Rendering layout layouts/application.html.erb
  Rendering journee_observations/show.html.erb within layouts/application
  [1m[36mEntree Load (0.2ms)[0m  [1m[34mSELECT "entrees".* FROM "entrees" WHERE "entrees"."journee_observation_id" = ? ORDER BY "entrees"."heure" ASC[0m  [["journee_observation_id", 7]]
  ↳ app/views/journee_observations/show.html.erb:57
  [1m[36mEntree Sum (0.1ms)[0m  [1m[34mSELECT SUM("entrees"."volume_boisson") FROM "entrees" WHERE "entrees"."journee_observation_id" = ?[0m  [["journee_observation_id", 7]]
  ↳ app/models/journee_observation.rb:9:in `total_boissons'
  [1m[36mEntree Sum (0.0ms)[0m  [1m[34mSELECT SUM("entrees"."volume_urine") FROM "entrees" WHERE "entrees"."journee_observation_id" = ?[0m  [["journee_observation_id", 7]]
  ↳ app/models/journee_observation.rb:13:in `total_urine'
  Rendered entrees/_form.html.erb (Duration: 1.1ms | Allocations: 1029)
  Rendered journee_observations/show.html.erb within layouts/application (Duration: 5.1ms | Allocations: 5316)
  Rendered layout layouts/application.html.erb (Duration: 7.3ms | Allocations: 7144)
Completed 200 OK in 10ms (Views: 7.5ms | ActiveRecord: 0.4ms | Allocations: 7960)


Started POST "/journee_observations/7/entrees" for ::1 at 2026-03-22 23:16:17 +0100
Processing by EntreesController#create as TURBO_STREAM
  Parameters: {"authenticity_token"=>"[FILTERED]", "entree"=>{"heure"=>"23:16", "volume_boisson"=>"", "volume_urine"=>"250", "urgenturies"=>"", "fuites"=>"", "commentaires"=>""}, "commit"=>"Ajouter", "journee_observation_id"=>"7"}
  [1m[36mJourneeObservation Load (0.2ms)[0m  [1m[34mSELECT "journee_observations".* FROM "journee_observations" WHERE "journee_observations"."id" = ? LIMIT ?[0m  [["id", 7], ["LIMIT", 1]]
  ↳ app/controllers/entrees_controller.rb:37:in `set_journee_observation'
  [1m[36mTRANSACTION (0.1ms)[0m  [1m[36mbegin transaction[0m
  ↳ app/controllers/entrees_controller.rb:11:in `create'
  [1m[36mEntree Create (1.0ms)[0m  [1m[32mINSERT INTO "entrees" ("journee_observation_id", "heure", "volume_boisson", "volume_urine", "urgenturies", "fuites", "commentaires", "created_at", "updated_at") VALUES (?, ?, ?, ?, ?, ?, ?, ?, ?) RETURNING "id"[0m  [["journee_observation_id", 7], ["heure", "2000-01-01 23:16:00"], ["volume_boisson", nil], ["volume_urine", 250], ["urgenturies", ""], ["fuites", ""], ["commentaires", ""], ["created_at", "2026-03-22 22:16:17.941511"], ["updated_at", "2026-03-22 22:16:17.941511"]]
  ↳ app/controllers/entrees_controller.rb:11:in `create'
  [1m[36mTRANSACTION (0.1ms)[0m  [1m[36mcommit transaction[0m
  ↳ app/controllers/entrees_controller.rb:11:in `create'
Redirected to http://localhost:3000/journee_observations/7
Completed 302 Found in 8ms (ActiveRecord: 1.4ms | Allocations: 2671)


Started GET "/journee_observations/7" for ::1 at 2026-03-22 23:16:17 +0100
Processing by JourneeObservationsController#show as TURBO_STREAM
  Parameters: {"id"=>"7"}
  [1m[36mJourneeObservation Load (0.2ms)[0m  [1m[34mSELECT "journee_observations".* FROM "journee_observations" WHERE "journee_observations"."id" = ? LIMIT ?[0m  [["id", 7], ["LIMIT", 1]]
  ↳ app/controllers/journee_observations_controller.rb:45:in `set_journee_observation'
  Rendering layout layouts/application.html.erb
  Rendering journee_observations/show.html.erb within layouts/application
  [1m[36mEntree Load (0.1ms)[0m  [1m[34mSELECT "entrees".* FROM "entrees" WHERE "entrees"."journee_observation_id" = ? ORDER BY "entrees"."heure" ASC[0m  [["journee_observation_id", 7]]
  ↳ app/views/journee_observations/show.html.erb:57
  [1m[36mEntree Sum (0.1ms)[0m  [1m[34mSELECT SUM("entrees"."volume_boisson") FROM "entrees" WHERE "entrees"."journee_observation_id" = ?[0m  [["journee_observation_id", 7]]
  ↳ app/models/journee_observation.rb:9:in `total_boissons'
  [1m[36mEntree Sum (0.0ms)[0m  [1m[34mSELECT SUM("entrees"."volume_urine") FROM "entrees" WHERE "entrees"."journee_observation_id" = ?[0m  [["journee_observation_id", 7]]
  ↳ app/models/journee_observation.rb:13:in `total_urine'
  Rendered entrees/_form.html.erb (Duration: 1.6ms | Allocations: 1026)
  Rendered journee_observations/show.html.erb within layouts/application (Duration: 7.0ms | Allocations: 5410)
  Rendered layout layouts/application.html.erb (Duration: 9.5ms | Allocations: 7238)
Completed 200 OK in 13ms (Views: 9.8ms | ActiveRecord: 0.4ms | Allocations: 8054)


Started GET "/journee_observations/7/entrees/14/edit" for ::1 at 2026-03-22 23:17:17 +0100
Processing by EntreesController#edit as HTML
  Parameters: {"journee_observation_id"=>"7", "id"=>"14"}
  [1m[36mJourneeObservation Load (0.2ms)[0m  [1m[34mSELECT "journee_observations".* FROM "journee_observations" WHERE "journee_observations"."id" = ? LIMIT ?[0m  [["id", 7], ["LIMIT", 1]]
  ↳ app/controllers/entrees_controller.rb:37:in `set_journee_observation'
  [1m[36mEntree Load (0.2ms)[0m  [1m[34mSELECT "entrees".* FROM "entrees" WHERE "entrees"."journee_observation_id" = ? AND "entrees"."id" = ? LIMIT ?[0m  [["journee_observation_id", 7], ["id", 14], ["LIMIT", 1]]
  ↳ app/controllers/entrees_controller.rb:41:in `set_entree'
  Rendering layout layouts/application.html.erb
  Rendering entrees/edit.html.erb within layouts/application
  Rendered entrees/_form.html.erb (Duration: 1.9ms | Allocations: 1070)
  Rendered entrees/edit.html.erb within layouts/application (Duration: 2.3ms | Allocations: 1177)
  Rendered layout layouts/application.html.erb (Duration: 5.0ms | Allocations: 3001)
Completed 200 OK in 10ms (Views: 5.6ms | ActiveRecord: 0.4ms | Allocations: 4326)


Started DELETE "/journee_observations/7/entrees/14?_method=delete" for ::1 at 2026-03-22 23:17:20 +0100
Processing by EntreesController#destroy as TURBO_STREAM
  Parameters: {"journee_observation_id"=>"7", "id"=>"14"}
  [1m[36mJourneeObservation Load (0.2ms)[0m  [1m[34mSELECT "journee_observations".* FROM "journee_observations" WHERE "journee_observations"."id" = ? LIMIT ?[0m  [["id", 7], ["LIMIT", 1]]
  ↳ app/controllers/entrees_controller.rb:37:in `set_journee_observation'
  [1m[36mEntree Load (0.1ms)[0m  [1m[34mSELECT "entrees".* FROM "entrees" WHERE "entrees"."journee_observation_id" = ? AND "entrees"."id" = ? LIMIT ?[0m  [["journee_observation_id", 7], ["id", 14], ["LIMIT", 1]]
  ↳ app/controllers/entrees_controller.rb:41:in `set_entree'
  [1m[36mTRANSACTION (0.1ms)[0m  [1m[36mbegin transaction[0m
  ↳ app/controllers/entrees_controller.rb:30:in `destroy'
  [1m[36mEntree Destroy (0.7ms)[0m  [1m[31mDELETE FROM "entrees" WHERE "entrees"."id" = ?[0m  [["id", 14]]
  ↳ app/controllers/entrees_controller.rb:30:in `destroy'
  [1m[36mTRANSACTION (0.2ms)[0m  [1m[36mcommit transaction[0m
  ↳ app/controllers/entrees_controller.rb:30:in `destroy'
Redirected to http://localhost:3000/journee_observations/7
Completed 302 Found in 7ms (ActiveRecord: 1.3ms | Allocations: 2639)


Started GET "/journee_observations/7" for ::1 at 2026-03-22 23:17:20 +0100
Processing by JourneeObservationsController#show as TURBO_STREAM
  Parameters: {"id"=>"7"}
  [1m[36mJourneeObservation Load (0.2ms)[0m  [1m[34mSELECT "journee_observations".* FROM "journee_observations" WHERE "journee_observations"."id" = ? LIMIT ?[0m  [["id", 7], ["LIMIT", 1]]
  ↳ app/controllers/journee_observations_controller.rb:45:in `set_journee_observation'
  Rendering layout layouts/application.html.erb
  Rendering journee_observations/show.html.erb within layouts/application
  [1m[36mEntree Load (0.1ms)[0m  [1m[34mSELECT "entrees".* FROM "entrees" WHERE "entrees"."journee_observation_id" = ? ORDER BY "entrees"."heure" ASC[0m  [["journee_observation_id", 7]]
  ↳ app/views/journee_observations/show.html.erb:57
  [1m[36mEntree Sum (0.1ms)[0m  [1m[34mSELECT SUM("entrees"."volume_boisson") FROM "entrees" WHERE "entrees"."journee_observation_id" = ?[0m  [["journee_observation_id", 7]]
  ↳ app/models/journee_observation.rb:9:in `total_boissons'
  [1m[36mEntree Sum (0.0ms)[0m  [1m[34mSELECT SUM("entrees"."volume_urine") FROM "entrees" WHERE "entrees"."journee_observation_id" = ?[0m  [["journee_observation_id", 7]]
  ↳ app/models/journee_observation.rb:13:in `total_urine'
  Rendered entrees/_form.html.erb (Duration: 1.4ms | Allocations: 1023)
  Rendered journee_observations/show.html.erb within layouts/application (Duration: 6.6ms | Allocations: 5268)
  Rendered layout layouts/application.html.erb (Duration: 9.2ms | Allocations: 7096)
Completed 200 OK in 12ms (Views: 9.5ms | ActiveRecord: 0.4ms | Allocations: 7912)


Started GET "/journee_observations/7/entrees/13/edit" for ::1 at 2026-03-22 23:17:40 +0100
Processing by EntreesController#edit as HTML
  Parameters: {"journee_observation_id"=>"7", "id"=>"13"}
  [1m[36mJourneeObservation Load (0.2ms)[0m  [1m[34mSELECT "journee_observations".* FROM "journee_observations" WHERE "journee_observations"."id" = ? LIMIT ?[0m  [["id", 7], ["LIMIT", 1]]
  ↳ app/controllers/entrees_controller.rb:37:in `set_journee_observation'
  [1m[36mEntree Load (0.1ms)[0m  [1m[34mSELECT "entrees".* FROM "entrees" WHERE "entrees"."journee_observation_id" = ? AND "entrees"."id" = ? LIMIT ?[0m  [["journee_observation_id", 7], ["id", 13], ["LIMIT", 1]]
  ↳ app/controllers/entrees_controller.rb:41:in `set_entree'
  Rendering layout layouts/application.html.erb
  Rendering entrees/edit.html.erb within layouts/application
  Rendered entrees/_form.html.erb (Duration: 2.3ms | Allocations: 1079)
  Rendered entrees/edit.html.erb within layouts/application (Duration: 2.8ms | Allocations: 1186)
  Rendered layout layouts/application.html.erb (Duration: 6.3ms | Allocations: 3010)
Completed 200 OK in 11ms (Views: 6.9ms | ActiveRecord: 0.3ms | Allocations: 4300)


Started PATCH "/journee_observations/7/entrees/13" for ::1 at 2026-03-22 23:17:49 +0100
Processing by EntreesController#update as TURBO_STREAM
  Parameters: {"authenticity_token"=>"[FILTERED]", "entree"=>{"heure"=>"12:44:00.000", "volume_boisson"=>"300", "volume_urine"=>"", "urgenturies"=>"", "fuites"=>"", "commentaires"=>""}, "commit"=>"Ajouter", "journee_observation_id"=>"7", "id"=>"13"}
  [1m[36mJourneeObservation Load (0.2ms)[0m  [1m[34mSELECT "journee_observations".* FROM "journee_observations" WHERE "journee_observations"."id" = ? LIMIT ?[0m  [["id", 7], ["LIMIT", 1]]
  ↳ app/controllers/entrees_controller.rb:37:in `set_journee_observation'
  [1m[36mEntree Load (0.2ms)[0m  [1m[34mSELECT "entrees".* FROM "entrees" WHERE "entrees"."journee_observation_id" = ? AND "entrees"."id" = ? LIMIT ?[0m  [["journee_observation_id", 7], ["id", 13], ["LIMIT", 1]]
  ↳ app/controllers/entrees_controller.rb:41:in `set_entree'
  [1m[36mTRANSACTION (0.1ms)[0m  [1m[36mbegin transaction[0m
  ↳ app/controllers/entrees_controller.rb:22:in `update'
  [1m[36mEntree Update (0.9ms)[0m  [1m[33mUPDATE "entrees" SET "volume_boisson" = ?, "updated_at" = ? WHERE "entrees"."id" = ?[0m  [["volume_boisson", 300], ["updated_at", "2026-03-22 22:17:49.029368"], ["id", 13]]
  ↳ app/controllers/entrees_controller.rb:22:in `update'
  [1m[36mTRANSACTION (0.1ms)[0m  [1m[36mcommit transaction[0m
  ↳ app/controllers/entrees_controller.rb:22:in `update'
Redirected to http://localhost:3000/journee_observations/7
Completed 302 Found in 13ms (ActiveRecord: 1.3ms | Allocations: 3260)


Started GET "/journee_observations/7" for ::1 at 2026-03-22 23:17:49 +0100
Processing by JourneeObservationsController#show as TURBO_STREAM
  Parameters: {"id"=>"7"}
  [1m[36mJourneeObservation Load (0.2ms)[0m  [1m[34mSELECT "journee_observations".* FROM "journee_observations" WHERE "journee_observations"."id" = ? LIMIT ?[0m  [["id", 7], ["LIMIT", 1]]
  ↳ app/controllers/journee_observations_controller.rb:45:in `set_journee_observation'
  Rendering layout layouts/application.html.erb
  Rendering journee_observations/show.html.erb within layouts/application
  [1m[36mEntree Load (0.1ms)[0m  [1m[34mSELECT "entrees".* FROM "entrees" WHERE "entrees"."journee_observation_id" = ? ORDER BY "entrees"."heure" ASC[0m  [["journee_observation_id", 7]]
  ↳ app/views/journee_observations/show.html.erb:57
  [1m[36mEntree Sum (0.0ms)[0m  [1m[34mSELECT SUM("entrees"."volume_boisson") FROM "entrees" WHERE "entrees"."journee_observation_id" = ?[0m  [["journee_observation_id", 7]]
  ↳ app/models/journee_observation.rb:9:in `total_boissons'
  [1m[36mEntree Sum (0.0ms)[0m  [1m[34mSELECT SUM("entrees"."volume_urine") FROM "entrees" WHERE "entrees"."journee_observation_id" = ?[0m  [["journee_observation_id", 7]]
  ↳ app/models/journee_observation.rb:13:in `total_urine'
  Rendered entrees/_form.html.erb (Duration: 1.4ms | Allocations: 1023)
  Rendered journee_observations/show.html.erb within layouts/application (Duration: 7.6ms | Allocations: 5268)
  Rendered layout layouts/application.html.erb (Duration: 10.3ms | Allocations: 7141)
Completed 200 OK in 13ms (Views: 10.5ms | ActiveRecord: 0.4ms | Allocations: 7965)


Started GET "/journee_observations/7/entrees/7/edit" for ::1 at 2026-03-22 23:19:35 +0100
Processing by EntreesController#edit as HTML
  Parameters: {"journee_observation_id"=>"7", "id"=>"7"}
  [1m[36mJourneeObservation Load (0.2ms)[0m  [1m[34mSELECT "journee_observations".* FROM "journee_observations" WHERE "journee_observations"."id" = ? LIMIT ?[0m  [["id", 7], ["LIMIT", 1]]
  ↳ app/controllers/entrees_controller.rb:37:in `set_journee_observation'
  [1m[36mEntree Load (0.2ms)[0m  [1m[34mSELECT "entrees".* FROM "entrees" WHERE "entrees"."journee_observation_id" = ? AND "entrees"."id" = ? LIMIT ?[0m  [["journee_observation_id", 7], ["id", 7], ["LIMIT", 1]]
  ↳ app/controllers/entrees_controller.rb:41:in `set_entree'
  Rendering layout layouts/application.html.erb
  Rendering entrees/edit.html.erb within layouts/application
  Rendered entrees/_form.html.erb (Duration: 2.0ms | Allocations: 1061)
  Rendered entrees/edit.html.erb within layouts/application (Duration: 2.4ms | Allocations: 1168)
  Rendered layout layouts/application.html.erb (Duration: 5.6ms | Allocations: 2992)
Completed 200 OK in 11ms (Views: 6.3ms | ActiveRecord: 0.4ms | Allocations: 4283)


Started GET "/journee_observations" for ::1 at 2026-03-22 23:22:47 +0100
Processing by JourneeObservationsController#index as HTML
  [1m[36mJourneeObservation Load (0.3ms)[0m  [1m[34mSELECT "journee_observations".* FROM "journee_observations" WHERE "journee_observations"."date_observation" = ? LIMIT ?[0m  [["date_observation", "2026-03-22"], ["LIMIT", 1]]
  ↳ app/controllers/journee_observations_controller.rb:6:in `index'
  Rendering layout layouts/application.html.erb
  Rendering journee_observations/index.html.erb within layouts/application
  [1m[36mJourneeObservation Exists? (0.1ms)[0m  [1m[34mSELECT 1 AS one FROM "journee_observations" LIMIT ?[0m  [["LIMIT", 1]]
  ↳ app/views/journee_observations/index.html.erb:34
  [1m[36mJourneeObservation Load (0.1ms)[0m  [1m[34mSELECT "journee_observations".* FROM "journee_observations" ORDER BY "journee_observations"."date_observation" DESC[0m
  ↳ app/views/journee_observations/index.html.erb:41
  [1m[36mEntree Count (0.1ms)[0m  [1m[34mSELECT COUNT(*) FROM "entrees" WHERE "entrees"."journee_observation_id" = ?[0m  [["journee_observation_id", 7]]
  ↳ app/views/journee_observations/index.html.erb:66
  Rendered journee_observations/index.html.erb within layouts/application (Duration: 3.7ms | Allocations: 1665)
  Rendered layout layouts/application.html.erb (Duration: 7.7ms | Allocations: 3702)
Completed 200 OK in 11ms (Views: 8.1ms | ActiveRecord: 0.5ms | Allocations: 4402)


Started GET "/resultats" for ::1 at 2026-03-22 23:22:49 +0100
Processing by ResultatsController#index as HTML
  [1m[36mJourneeObservation Pluck (0.2ms)[0m  [1m[34mSELECT "journee_observations"."date_observation" FROM "journee_observations" ORDER BY "journee_observations"."date_observation" DESC[0m
  ↳ app/controllers/resultats_controller.rb:3:in `index'
  Rendering layout layouts/application.html.erb
  Rendering resultats/index.html.erb within layouts/application
  Rendered resultats/index.html.erb within layouts/application (Duration: 0.4ms | Allocations: 150)
  Rendered layout layouts/application.html.erb (Duration: 4.0ms | Allocations: 2182)
Completed 200 OK in 7ms (Views: 5.0ms | ActiveRecord: 0.2ms | Allocations: 2841)


Started GET "/" for ::1 at 2026-03-22 23:22:51 +0100
Processing by JourneeObservationsController#index as HTML
  [1m[36mJourneeObservation Load (0.3ms)[0m  [1m[34mSELECT "journee_observations".* FROM "journee_observations" WHERE "journee_observations"."date_observation" = ? LIMIT ?[0m  [["date_observation", "2026-03-22"], ["LIMIT", 1]]
  ↳ app/controllers/journee_observations_controller.rb:6:in `index'
  Rendering layout layouts/application.html.erb
  Rendering journee_observations/index.html.erb within layouts/application
  [1m[36mJourneeObservation Exists? (0.1ms)[0m  [1m[34mSELECT 1 AS one FROM "journee_observations" LIMIT ?[0m  [["LIMIT", 1]]
  ↳ app/views/journee_observations/index.html.erb:34
  [1m[36mJourneeObservation Load (0.0ms)[0m  [1m[34mSELECT "journee_observations".* FROM "journee_observations" ORDER BY "journee_observations"."date_observation" DESC[0m
  ↳ app/views/journee_observations/index.html.erb:41
  [1m[36mEntree Count (0.1ms)[0m  [1m[34mSELECT COUNT(*) FROM "entrees" WHERE "entrees"."journee_observation_id" = ?[0m  [["journee_observation_id", 7]]
  ↳ app/views/journee_observations/index.html.erb:66
  Rendered journee_observations/index.html.erb within layouts/application (Duration: 3.6ms | Allocations: 1643)
  Rendered layout layouts/application.html.erb (Duration: 7.3ms | Allocations: 3692)
Completed 200 OK in 11ms (Views: 7.8ms | ActiveRecord: 0.5ms | Allocations: 4369)


Started GET "/resultats?dates%5B%5D=2026-03-22&commit=Afficher+les+resultats" for ::1 at 2026-03-22 23:22:53 +0100
Processing by ResultatsController#index as HTML
  Parameters: {"dates"=>["2026-03-22"], "commit"=>"Afficher les resultats"}
  [1m[36mJourneeObservation Pluck (0.1ms)[0m  [1m[34mSELECT "journee_observations"."date_observation" FROM "journee_observations" ORDER BY "journee_observations"."date_observation" DESC[0m
  ↳ app/controllers/resultats_controller.rb:3:in `index'
  [1m[36mJourneeObservation Load (0.2ms)[0m  [1m[34mSELECT "journee_observations".* FROM "journee_observations" WHERE "journee_observations"."date_observation" = ? ORDER BY "journee_observations"."date_observation" DESC[0m  [["date_observation", "2026-03-22"]]
  ↳ app/controllers/resultats_controller.rb:11:in `index'
  [1m[36mEntree Load (0.2ms)[0m  [1m[34mSELECT "entrees".* FROM "entrees" WHERE "entrees"."journee_observation_id" = ?[0m  [["journee_observation_id", 7]]
  ↳ app/controllers/resultats_controller.rb:11:in `index'
  [1m[36mEntree Sum (0.1ms)[0m  [1m[34mSELECT SUM("entrees"."volume_boisson") FROM "entrees" WHERE "entrees"."journee_observation_id" = ?[0m  [["journee_observation_id", 7]]
  ↳ app/models/journee_observation.rb:9:in `total_boissons'
  [1m[36mEntree Sum (0.0ms)[0m  [1m[34mSELECT SUM("entrees"."volume_urine") FROM "entrees" WHERE "entrees"."journee_observation_id" = ?[0m  [["journee_observation_id", 7]]
  ↳ app/models/journee_observation.rb:13:in `total_urine'
  Rendering layout layouts/application.html.erb
  Rendering resultats/index.html.erb within layouts/application
  [1m[36mEntree Load (0.1ms)[0m  [1m[34mSELECT "entrees".* FROM "entrees" WHERE "entrees"."journee_observation_id" = ? ORDER BY "entrees"."heure" ASC[0m  [["journee_observation_id", 7]]
  ↳ app/views/resultats/index.html.erb:73
  [1m[36mCACHE Entree Sum (0.0ms)[0m  [1m[34mSELECT SUM("entrees"."volume_boisson") FROM "entrees" WHERE "entrees"."journee_observation_id" = ?[0m  [["journee_observation_id", 7]]
  ↳ app/models/journee_observation.rb:9:in `total_boissons'
  [1m[36mCACHE Entree Sum (0.0ms)[0m  [1m[34mSELECT SUM("entrees"."volume_urine") FROM "entrees" WHERE "entrees"."journee_observation_id" = ?[0m  [["journee_observation_id", 7]]
  ↳ app/models/journee_observation.rb:13:in `total_urine'
  Rendered resultats/index.html.erb within layouts/application (Duration: 3.7ms | Allocations: 2572)
  Rendered layout layouts/application.html.erb (Duration: 7.2ms | Allocations: 4637)
Completed 200 OK in 15ms (Views: 7.8ms | ActiveRecord: 0.7ms | Allocations: 8026)


Started GET "/" for ::1 at 2026-03-22 23:25:08 +0100
Processing by JourneeObservationsController#index as HTML
  [1m[36mJourneeObservation Load (0.2ms)[0m  [1m[34mSELECT "journee_observations".* FROM "journee_observations" WHERE "journee_observations"."date_observation" = ? LIMIT ?[0m  [["date_observation", "2026-03-22"], ["LIMIT", 1]]
  ↳ app/controllers/journee_observations_controller.rb:6:in `index'
  Rendering layout layouts/application.html.erb
  Rendering journee_observations/index.html.erb within layouts/application
  [1m[36mJourneeObservation Exists? (0.2ms)[0m  [1m[34mSELECT 1 AS one FROM "journee_observations" LIMIT ?[0m  [["LIMIT", 1]]
  ↳ app/views/journee_observations/index.html.erb:34
  [1m[36mJourneeObservation Load (0.2ms)[0m  [1m[34mSELECT "journee_observations".* FROM "journee_observations" ORDER BY "journee_observations"."date_observation" DESC[0m
  ↳ app/views/journee_observations/index.html.erb:41
  [1m[36mEntree Count (0.2ms)[0m  [1m[34mSELECT COUNT(*) FROM "entrees" WHERE "entrees"."journee_observation_id" = ?[0m  [["journee_observation_id", 7]]
  ↳ app/views/journee_observations/index.html.erb:66
  Rendered journee_observations/index.html.erb within layouts/application (Duration: 5.7ms | Allocations: 1642)
  Rendered layout layouts/application.html.erb (Duration: 9.2ms | Allocations: 3681)
Completed 200 OK in 13ms (Views: 9.4ms | ActiveRecord: 0.7ms | Allocations: 4357)


Started GET "/resultats" for ::1 at 2026-03-22 23:25:09 +0100
Processing by ResultatsController#index as HTML
  [1m[36mJourneeObservation Pluck (0.2ms)[0m  [1m[34mSELECT "journee_observations"."date_observation" FROM "journee_observations" ORDER BY "journee_observations"."date_observation" DESC[0m
  ↳ app/controllers/resultats_controller.rb:3:in `index'
  Rendering layout layouts/application.html.erb
  Rendering resultats/index.html.erb within layouts/application
  Rendered resultats/index.html.erb within layouts/application (Duration: 0.5ms | Allocations: 150)
  Rendered layout layouts/application.html.erb (Duration: 3.9ms | Allocations: 2188)
Completed 200 OK in 7ms (Views: 4.6ms | ActiveRecord: 0.1ms | Allocations: 2836)


Started GET "/" for ::1 at 2026-03-22 23:25:12 +0100
Processing by JourneeObservationsController#index as HTML
  [1m[36mJourneeObservation Load (0.2ms)[0m  [1m[34mSELECT "journee_observations".* FROM "journee_observations" WHERE "journee_observations"."date_observation" = ? LIMIT ?[0m  [["date_observation", "2026-03-22"], ["LIMIT", 1]]
  ↳ app/controllers/journee_observations_controller.rb:6:in `index'
  Rendering layout layouts/application.html.erb
  Rendering journee_observations/index.html.erb within layouts/application
  [1m[36mJourneeObservation Exists? (0.1ms)[0m  [1m[34mSELECT 1 AS one FROM "journee_observations" LIMIT ?[0m  [["LIMIT", 1]]
  ↳ app/views/journee_observations/index.html.erb:34
  [1m[36mJourneeObservation Load (0.0ms)[0m  [1m[34mSELECT "journee_observations".* FROM "journee_observations" ORDER BY "journee_observations"."date_observation" DESC[0m
  ↳ app/views/journee_observations/index.html.erb:41
  [1m[36mEntree Count (0.1ms)[0m  [1m[34mSELECT COUNT(*) FROM "entrees" WHERE "entrees"."journee_observation_id" = ?[0m  [["journee_observation_id", 7]]
  ↳ app/views/journee_observations/index.html.erb:66
  Rendered journee_observations/index.html.erb within layouts/application (Duration: 3.9ms | Allocations: 1642)
  Rendered layout layouts/application.html.erb (Duration: 7.9ms | Allocations: 3678)
Completed 200 OK in 11ms (Views: 8.2ms | ActiveRecord: 0.5ms | Allocations: 4354)


Started GET "/journee_observations/7" for ::1 at 2026-03-22 23:25:13 +0100
Processing by JourneeObservationsController#show as HTML
  Parameters: {"id"=>"7"}
  [1m[36mJourneeObservation Load (0.2ms)[0m  [1m[34mSELECT "journee_observations".* FROM "journee_observations" WHERE "journee_observations"."id" = ? LIMIT ?[0m  [["id", 7], ["LIMIT", 1]]
  ↳ app/controllers/journee_observations_controller.rb:45:in `set_journee_observation'
  Rendering layout layouts/application.html.erb
  Rendering journee_observations/show.html.erb within layouts/application
  [1m[36mEntree Load (0.2ms)[0m  [1m[34mSELECT "entrees".* FROM "entrees" WHERE "entrees"."journee_observation_id" = ? ORDER BY "entrees"."heure" ASC[0m  [["journee_observation_id", 7]]
  ↳ app/views/journee_observations/show.html.erb:57
  [1m[36mEntree Sum (0.1ms)[0m  [1m[34mSELECT SUM("entrees"."volume_boisson") FROM "entrees" WHERE "entrees"."journee_observation_id" = ?[0m  [["journee_observation_id", 7]]
  ↳ app/models/journee_observation.rb:9:in `total_boissons'
  [1m[36mEntree Sum (0.0ms)[0m  [1m[34mSELECT SUM("entrees"."volume_urine") FROM "entrees" WHERE "entrees"."journee_observation_id" = ?[0m  [["journee_observation_id", 7]]
  ↳ app/models/journee_observation.rb:13:in `total_urine'
  Rendered entrees/_form.html.erb (Duration: 1.7ms | Allocations: 989)
  Rendered journee_observations/show.html.erb within layouts/application (Duration: 8.0ms | Allocations: 5234)
  Rendered layout layouts/application.html.erb (Duration: 10.8ms | Allocations: 7058)
Completed 200 OK in 15ms (Views: 11.2ms | ActiveRecord: 0.5ms | Allocations: 7871)


Started GET "/journee_observations/7/entrees/13/edit" for ::1 at 2026-03-22 23:25:34 +0100
Processing by EntreesController#edit as HTML
  Parameters: {"journee_observation_id"=>"7", "id"=>"13"}
  [1m[36mJourneeObservation Load (0.2ms)[0m  [1m[34mSELECT "journee_observations".* FROM "journee_observations" WHERE "journee_observations"."id" = ? LIMIT ?[0m  [["id", 7], ["LIMIT", 1]]
  ↳ app/controllers/entrees_controller.rb:37:in `set_journee_observation'
  [1m[36mEntree Load (0.1ms)[0m  [1m[34mSELECT "entrees".* FROM "entrees" WHERE "entrees"."journee_observation_id" = ? AND "entrees"."id" = ? LIMIT ?[0m  [["journee_observation_id", 7], ["id", 13], ["LIMIT", 1]]
  ↳ app/controllers/entrees_controller.rb:41:in `set_entree'
  Rendering layout layouts/application.html.erb
  Rendering entrees/edit.html.erb within layouts/application
  Rendered entrees/_form.html.erb (Duration: 1.9ms | Allocations: 1076)
  Rendered entrees/edit.html.erb within layouts/application (Duration: 2.3ms | Allocations: 1183)
  Rendered layout layouts/application.html.erb (Duration: 5.3ms | Allocations: 3007)
Completed 200 OK in 9ms (Views: 5.8ms | ActiveRecord: 0.3ms | Allocations: 4297)


Started DELETE "/journee_observations/7/entrees/13?_method=delete" for ::1 at 2026-03-22 23:25:39 +0100
Processing by EntreesController#destroy as TURBO_STREAM
  Parameters: {"journee_observation_id"=>"7", "id"=>"13"}
  [1m[36mJourneeObservation Load (0.2ms)[0m  [1m[34mSELECT "journee_observations".* FROM "journee_observations" WHERE "journee_observations"."id" = ? LIMIT ?[0m  [["id", 7], ["LIMIT", 1]]
  ↳ app/controllers/entrees_controller.rb:37:in `set_journee_observation'
  [1m[36mEntree Load (0.1ms)[0m  [1m[34mSELECT "entrees".* FROM "entrees" WHERE "entrees"."journee_observation_id" = ? AND "entrees"."id" = ? LIMIT ?[0m  [["journee_observation_id", 7], ["id", 13], ["LIMIT", 1]]
  ↳ app/controllers/entrees_controller.rb:41:in `set_entree'
  [1m[36mTRANSACTION (0.1ms)[0m  [1m[36mbegin transaction[0m
  ↳ app/controllers/entrees_controller.rb:30:in `destroy'
  [1m[36mEntree Destroy (0.8ms)[0m  [1m[31mDELETE FROM "entrees" WHERE "entrees"."id" = ?[0m  [["id", 13]]
  ↳ app/controllers/entrees_controller.rb:30:in `destroy'
  [1m[36mTRANSACTION (1.1ms)[0m  [1m[36mcommit transaction[0m
  ↳ app/controllers/entrees_controller.rb:30:in `destroy'
Redirected to http://localhost:3000/journee_observations/7
Completed 302 Found in 8ms (ActiveRecord: 2.3ms | Allocations: 2633)


Started GET "/journee_observations/7" for ::1 at 2026-03-22 23:25:39 +0100
Processing by JourneeObservationsController#show as TURBO_STREAM
  Parameters: {"id"=>"7"}
  [1m[36mJourneeObservation Load (0.2ms)[0m  [1m[34mSELECT "journee_observations".* FROM "journee_observations" WHERE "journee_observations"."id" = ? LIMIT ?[0m  [["id", 7], ["LIMIT", 1]]
  ↳ app/controllers/journee_observations_controller.rb:45:in `set_journee_observation'
  Rendering layout layouts/application.html.erb
  Rendering journee_observations/show.html.erb within layouts/application
  [1m[36mEntree Load (0.1ms)[0m  [1m[34mSELECT "entrees".* FROM "entrees" WHERE "entrees"."journee_observation_id" = ? ORDER BY "entrees"."heure" ASC[0m  [["journee_observation_id", 7]]
  ↳ app/views/journee_observations/show.html.erb:57
  [1m[36mEntree Sum (0.1ms)[0m  [1m[34mSELECT SUM("entrees"."volume_boisson") FROM "entrees" WHERE "entrees"."journee_observation_id" = ?[0m  [["journee_observation_id", 7]]
  ↳ app/models/journee_observation.rb:9:in `total_boissons'
  [1m[36mEntree Sum (0.0ms)[0m  [1m[34mSELECT SUM("entrees"."volume_urine") FROM "entrees" WHERE "entrees"."journee_observation_id" = ?[0m  [["journee_observation_id", 7]]
  ↳ app/models/journee_observation.rb:13:in `total_urine'
  Rendered entrees/_form.html.erb (Duration: 1.2ms | Allocations: 1035)
  Rendered journee_observations/show.html.erb within layouts/application (Duration: 6.6ms | Allocations: 5141)
  Rendered layout layouts/application.html.erb (Duration: 9.3ms | Allocations: 6969)
Completed 200 OK in 12ms (Views: 9.6ms | ActiveRecord: 0.4ms | Allocations: 7786)


Started POST "/journee_observations/7/entrees" for ::1 at 2026-03-22 23:26:51 +0100
Processing by EntreesController#create as TURBO_STREAM
  Parameters: {"authenticity_token"=>"[FILTERED]", "entree"=>{"heure"=>"12:45", "volume_boisson"=>"300", "volume_urine"=>"", "urgenturies"=>"", "fuites"=>"", "commentaires"=>""}, "commit"=>"Ajouter", "journee_observation_id"=>"7"}
  [1m[36mJourneeObservation Load (0.2ms)[0m  [1m[34mSELECT "journee_observations".* FROM "journee_observations" WHERE "journee_observations"."id" = ? LIMIT ?[0m  [["id", 7], ["LIMIT", 1]]
  ↳ app/controllers/entrees_controller.rb:37:in `set_journee_observation'
  [1m[36mTRANSACTION (0.1ms)[0m  [1m[36mbegin transaction[0m
  ↳ app/controllers/entrees_controller.rb:11:in `create'
  [1m[36mEntree Create (1.0ms)[0m  [1m[32mINSERT INTO "entrees" ("journee_observation_id", "heure", "volume_boisson", "volume_urine", "urgenturies", "fuites", "commentaires", "created_at", "updated_at") VALUES (?, ?, ?, ?, ?, ?, ?, ?, ?) RETURNING "id"[0m  [["journee_observation_id", 7], ["heure", "2000-01-01 12:45:00"], ["volume_boisson", 300], ["volume_urine", nil], ["urgenturies", ""], ["fuites", ""], ["commentaires", ""], ["created_at", "2026-03-22 22:26:51.167333"], ["updated_at", "2026-03-22 22:26:51.167333"]]
  ↳ app/controllers/entrees_controller.rb:11:in `create'
  [1m[36mTRANSACTION (0.1ms)[0m  [1m[36mcommit transaction[0m
  ↳ app/controllers/entrees_controller.rb:11:in `create'
Redirected to http://localhost:3000/journee_observations/7
Completed 302 Found in 7ms (ActiveRecord: 1.4ms | Allocations: 2681)


Started GET "/journee_observations/7" for ::1 at 2026-03-22 23:26:51 +0100
Processing by JourneeObservationsController#show as TURBO_STREAM
  Parameters: {"id"=>"7"}
  [1m[36mJourneeObservation Load (0.2ms)[0m  [1m[34mSELECT "journee_observations".* FROM "journee_observations" WHERE "journee_observations"."id" = ? LIMIT ?[0m  [["id", 7], ["LIMIT", 1]]
  ↳ app/controllers/journee_observations_controller.rb:45:in `set_journee_observation'
  Rendering layout layouts/application.html.erb
  Rendering journee_observations/show.html.erb within layouts/application
  [1m[36mEntree Load (0.1ms)[0m  [1m[34mSELECT "entrees".* FROM "entrees" WHERE "entrees"."journee_observation_id" = ? ORDER BY "entrees"."heure" ASC[0m  [["journee_observation_id", 7]]
  ↳ app/views/journee_observations/show.html.erb:57
  [1m[36mEntree Sum (0.1ms)[0m  [1m[34mSELECT SUM("entrees"."volume_boisson") FROM "entrees" WHERE "entrees"."journee_observation_id" = ?[0m  [["journee_observation_id", 7]]
  ↳ app/models/journee_observation.rb:9:in `total_boissons'
  [1m[36mEntree Sum (0.0ms)[0m  [1m[34mSELECT SUM("entrees"."volume_urine") FROM "entrees" WHERE "entrees"."journee_observation_id" = ?[0m  [["journee_observation_id", 7]]
  ↳ app/models/journee_observation.rb:13:in `total_urine'
  Rendered entrees/_form.html.erb (Duration: 1.0ms | Allocations: 1038)
  Rendered journee_observations/show.html.erb within layouts/application (Duration: 7.4ms | Allocations: 5283)
  Rendered layout layouts/application.html.erb (Duration: 9.2ms | Allocations: 7156)
Completed 200 OK in 12ms (Views: 9.4ms | ActiveRecord: 0.4ms | Allocations: 7973)


Started GET "/journee_observations/7/edit" for ::1 at 2026-03-23 08:08:53 +0100
Processing by JourneeObservationsController#edit as HTML
  Parameters: {"id"=>"7"}
  [1m[36mJourneeObservation Load (1.5ms)[0m  [1m[34mSELECT "journee_observations".* FROM "journee_observations" WHERE "journee_observations"."id" = ? LIMIT ?[0m  [["id", 7], ["LIMIT", 1]]
  ↳ app/controllers/journee_observations_controller.rb:45:in `set_journee_observation'
  Rendering layout layouts/application.html.erb
  Rendering journee_observations/edit.html.erb within layouts/application
  Rendered journee_observations/_form.html.erb (Duration: 1.7ms | Allocations: 764)
  Rendered journee_observations/edit.html.erb within layouts/application (Duration: 2.0ms | Allocations: 871)
  Rendered layout layouts/application.html.erb (Duration: 4.9ms | Allocations: 2738)
Completed 200 OK in 9ms (Views: 5.5ms | ActiveRecord: 2.4ms | Allocations: 3611)


Started GET "/journee_observations/7" for ::1 at 2026-03-23 08:09:01 +0100
Processing by JourneeObservationsController#show as HTML
  Parameters: {"id"=>"7"}
  [1m[36mJourneeObservation Load (0.2ms)[0m  [1m[34mSELECT "journee_observations".* FROM "journee_observations" WHERE "journee_observations"."id" = ? LIMIT ?[0m  [["id", 7], ["LIMIT", 1]]
  ↳ app/controllers/journee_observations_controller.rb:45:in `set_journee_observation'
  Rendering layout layouts/application.html.erb
  Rendering journee_observations/show.html.erb within layouts/application
  [1m[36mEntree Load (0.3ms)[0m  [1m[34mSELECT "entrees".* FROM "entrees" WHERE "entrees"."journee_observation_id" = ? ORDER BY "entrees"."heure" ASC[0m  [["journee_observation_id", 7]]
  ↳ app/views/journee_observations/show.html.erb:57
  [1m[36mEntree Sum (0.1ms)[0m  [1m[34mSELECT SUM("entrees"."volume_boisson") FROM "entrees" WHERE "entrees"."journee_observation_id" = ?[0m  [["journee_observation_id", 7]]
  ↳ app/models/journee_observation.rb:9:in `total_boissons'
  [1m[36mEntree Sum (0.0ms)[0m  [1m[34mSELECT SUM("entrees"."volume_urine") FROM "entrees" WHERE "entrees"."journee_observation_id" = ?[0m  [["journee_observation_id", 7]]
  ↳ app/models/journee_observation.rb:13:in `total_urine'
  Rendered entrees/_form.html.erb (Duration: 1.5ms | Allocations: 992)
  Rendered journee_observations/show.html.erb within layouts/application (Duration: 6.9ms | Allocations: 5279)
  Rendered layout layouts/application.html.erb (Duration: 9.7ms | Allocations: 7103)
Completed 200 OK in 13ms (Views: 9.8ms | ActiveRecord: 0.6ms | Allocations: 7922)


Started GET "/journee_observations" for ::1 at 2026-03-23 08:09:07 +0100
Processing by JourneeObservationsController#index as HTML
  [1m[36mJourneeObservation Load (0.3ms)[0m  [1m[34mSELECT "journee_observations".* FROM "journee_observations" WHERE "journee_observations"."date_observation" = ? LIMIT ?[0m  [["date_observation", "2026-03-23"], ["LIMIT", 1]]
  ↳ app/controllers/journee_observations_controller.rb:6:in `index'
  Rendering layout layouts/application.html.erb
  Rendering journee_observations/index.html.erb within layouts/application
  [1m[36mJourneeObservation Exists? (0.4ms)[0m  [1m[34mSELECT 1 AS one FROM "journee_observations" LIMIT ?[0m  [["LIMIT", 1]]
  ↳ app/views/journee_observations/index.html.erb:34
  [1m[36mJourneeObservation Load (0.1ms)[0m  [1m[34mSELECT "journee_observations".* FROM "journee_observations" ORDER BY "journee_observations"."date_observation" DESC[0m
  ↳ app/views/journee_observations/index.html.erb:41
  [1m[36mEntree Count (0.1ms)[0m  [1m[34mSELECT COUNT(*) FROM "entrees" WHERE "entrees"."journee_observation_id" = ?[0m  [["journee_observation_id", 7]]
  ↳ app/views/journee_observations/index.html.erb:66
  Rendered journee_observations/index.html.erb within layouts/application (Duration: 4.7ms | Allocations: 1608)
  Rendered layout layouts/application.html.erb (Duration: 8.3ms | Allocations: 3671)
Completed 200 OK in 11ms (Views: 8.3ms | ActiveRecord: 0.9ms | Allocations: 4360)


Started GET "/resultats" for ::1 at 2026-03-23 08:09:09 +0100
Processing by ResultatsController#index as HTML
  [1m[36mJourneeObservation Pluck (0.2ms)[0m  [1m[34mSELECT "journee_observations"."date_observation" FROM "journee_observations" ORDER BY "journee_observations"."date_observation" DESC[0m
  ↳ app/controllers/resultats_controller.rb:3:in `index'
  Rendering layout layouts/application.html.erb
  Rendering resultats/index.html.erb within layouts/application
  Rendered resultats/index.html.erb within layouts/application (Duration: 0.5ms | Allocations: 150)
  Rendered layout layouts/application.html.erb (Duration: 3.5ms | Allocations: 2167)
Completed 200 OK in 6ms (Views: 4.1ms | ActiveRecord: 0.2ms | Allocations: 2825)


Started GET "/journee_observations/7/edit" for ::1 at 2026-03-23 08:09:14 +0100
Processing by JourneeObservationsController#edit as HTML
  Parameters: {"id"=>"7"}
  [1m[36mJourneeObservation Load (0.2ms)[0m  [1m[34mSELECT "journee_observations".* FROM "journee_observations" WHERE "journee_observations"."id" = ? LIMIT ?[0m  [["id", 7], ["LIMIT", 1]]
  ↳ app/controllers/journee_observations_controller.rb:45:in `set_journee_observation'
  Rendering layout layouts/application.html.erb
  Rendering journee_observations/edit.html.erb within layouts/application
  Rendered journee_observations/_form.html.erb (Duration: 1.8ms | Allocations: 779)
  Rendered journee_observations/edit.html.erb within layouts/application (Duration: 2.3ms | Allocations: 886)
  Rendered layout layouts/application.html.erb (Duration: 5.3ms | Allocations: 2710)
Completed 200 OK in 8ms (Views: 5.9ms | ActiveRecord: 0.2ms | Allocations: 3326)


Started PATCH "/journee_observations/7" for ::1 at 2026-03-23 08:09:47 +0100
Processing by JourneeObservationsController#update as TURBO_STREAM
  Parameters: {"authenticity_token"=>"[FILTERED]", "journee_observation"=>{"date_observation"=>"2026-03-22", "heure_lever"=>"06:20:00.000", "heure_coucher"=>"23:59"}, "commit"=>"Update Journee observation", "id"=>"7"}
  [1m[36mJourneeObservation Load (0.2ms)[0m  [1m[34mSELECT "journee_observations".* FROM "journee_observations" WHERE "journee_observations"."id" = ? LIMIT ?[0m  [["id", 7], ["LIMIT", 1]]
  ↳ app/controllers/journee_observations_controller.rb:45:in `set_journee_observation'
  [1m[36mTRANSACTION (0.1ms)[0m  [1m[36mbegin transaction[0m
  ↳ app/controllers/journee_observations_controller.rb:30:in `update'
  [1m[36mJourneeObservation Exists? (0.1ms)[0m  [1m[34mSELECT 1 AS one FROM "journee_observations" WHERE "journee_observations"."date_observation" = ? AND "journee_observations"."id" != ? LIMIT ?[0m  [["date_observation", "2026-03-22"], ["id", 7], ["LIMIT", 1]]
  ↳ app/controllers/journee_observations_controller.rb:30:in `update'
  [1m[36mJourneeObservation Update (0.2ms)[0m  [1m[33mUPDATE "journee_observations" SET "heure_coucher" = ?, "updated_at" = ? WHERE "journee_observations"."id" = ?[0m  [["heure_coucher", "2000-01-01 23:59:00"], ["updated_at", "2026-03-23 07:09:47.775750"], ["id", 7]]
  ↳ app/controllers/journee_observations_controller.rb:30:in `update'
  [1m[36mTRANSACTION (0.9ms)[0m  [1m[36mcommit transaction[0m
  ↳ app/controllers/journee_observations_controller.rb:30:in `update'
Redirected to http://localhost:3000/journee_observations/7
Completed 302 Found in 14ms (ActiveRecord: 2.5ms | Allocations: 3628)


Started GET "/journee_observations/7" for ::1 at 2026-03-23 08:09:47 +0100
Processing by JourneeObservationsController#show as TURBO_STREAM
  Parameters: {"id"=>"7"}
  [1m[36mJourneeObservation Load (0.2ms)[0m  [1m[34mSELECT "journee_observations".* FROM "journee_observations" WHERE "journee_observations"."id" = ? LIMIT ?[0m  [["id", 7], ["LIMIT", 1]]
  ↳ app/controllers/journee_observations_controller.rb:45:in `set_journee_observation'
  Rendering layout layouts/application.html.erb
  Rendering journee_observations/show.html.erb within layouts/application
  [1m[36mEntree Load (0.1ms)[0m  [1m[34mSELECT "entrees".* FROM "entrees" WHERE "entrees"."journee_observation_id" = ? ORDER BY "entrees"."heure" ASC[0m  [["journee_observation_id", 7]]
  ↳ app/views/journee_observations/show.html.erb:57
  [1m[36mEntree Sum (0.0ms)[0m  [1m[34mSELECT SUM("entrees"."volume_boisson") FROM "entrees" WHERE "entrees"."journee_observation_id" = ?[0m  [["journee_observation_id", 7]]
  ↳ app/models/journee_observation.rb:9:in `total_boissons'
  [1m[36mEntree Sum (0.0ms)[0m  [1m[34mSELECT SUM("entrees"."volume_urine") FROM "entrees" WHERE "entrees"."journee_observation_id" = ?[0m  [["journee_observation_id", 7]]
  ↳ app/models/journee_observation.rb:13:in `total_urine'
  Rendered entrees/_form.html.erb (Duration: 2.0ms | Allocations: 1023)
  Rendered journee_observations/show.html.erb within layouts/application (Duration: 7.6ms | Allocations: 5286)
  Rendered layout layouts/application.html.erb (Duration: 9.6ms | Allocations: 7159)
Completed 200 OK in 13ms (Views: 9.9ms | ActiveRecord: 0.4ms | Allocations: 7980)


Started GET "/journee_observations" for ::1 at 2026-03-23 08:10:03 +0100
Processing by JourneeObservationsController#index as HTML
  [1m[36mJourneeObservation Load (0.2ms)[0m  [1m[34mSELECT "journee_observations".* FROM "journee_observations" WHERE "journee_observations"."date_observation" = ? LIMIT ?[0m  [["date_observation", "2026-03-23"], ["LIMIT", 1]]
  ↳ app/controllers/journee_observations_controller.rb:6:in `index'
  Rendering layout layouts/application.html.erb
  Rendering journee_observations/index.html.erb within layouts/application
  [1m[36mJourneeObservation Exists? (0.3ms)[0m  [1m[34mSELECT 1 AS one FROM "journee_observations" LIMIT ?[0m  [["LIMIT", 1]]
  ↳ app/views/journee_observations/index.html.erb:34
  [1m[36mJourneeObservation Load (0.1ms)[0m  [1m[34mSELECT "journee_observations".* FROM "journee_observations" ORDER BY "journee_observations"."date_observation" DESC[0m
  ↳ app/views/journee_observations/index.html.erb:41
  [1m[36mEntree Count (0.1ms)[0m  [1m[34mSELECT COUNT(*) FROM "entrees" WHERE "entrees"."journee_observation_id" = ?[0m  [["journee_observation_id", 7]]
  ↳ app/views/journee_observations/index.html.erb:66
  Rendered journee_observations/index.html.erb within layouts/application (Duration: 5.2ms | Allocations: 1605)
  Rendered layout layouts/application.html.erb (Duration: 9.1ms | Allocations: 3683)
Completed 200 OK in 12ms (Views: 9.5ms | ActiveRecord: 0.7ms | Allocations: 4351)


Started GET "/journee_observations/7" for ::1 at 2026-03-23 08:10:05 +0100
Processing by JourneeObservationsController#show as HTML
  Parameters: {"id"=>"7"}
  [1m[36mJourneeObservation Load (0.2ms)[0m  [1m[34mSELECT "journee_observations".* FROM "journee_observations" WHERE "journee_observations"."id" = ? LIMIT ?[0m  [["id", 7], ["LIMIT", 1]]
  ↳ app/controllers/journee_observations_controller.rb:45:in `set_journee_observation'
  Rendering layout layouts/application.html.erb
  Rendering journee_observations/show.html.erb within layouts/application
  [1m[36mEntree Load (0.1ms)[0m  [1m[34mSELECT "entrees".* FROM "entrees" WHERE "entrees"."journee_observation_id" = ? ORDER BY "entrees"."heure" ASC[0m  [["journee_observation_id", 7]]
  ↳ app/views/journee_observations/show.html.erb:57
  [1m[36mEntree Sum (0.1ms)[0m  [1m[34mSELECT SUM("entrees"."volume_boisson") FROM "entrees" WHERE "entrees"."journee_observation_id" = ?[0m  [["journee_observation_id", 7]]
  ↳ app/models/journee_observation.rb:9:in `total_boissons'
  [1m[36mEntree Sum (0.0ms)[0m  [1m[34mSELECT SUM("entrees"."volume_urine") FROM "entrees" WHERE "entrees"."journee_observation_id" = ?[0m  [["journee_observation_id", 7]]
  ↳ app/models/journee_observation.rb:13:in `total_urine'
  Rendered entrees/_form.html.erb (Duration: 2.0ms | Allocations: 1010)
  Rendered journee_observations/show.html.erb within layouts/application (Duration: 8.1ms | Allocations: 5273)
  Rendered layout layouts/application.html.erb (Duration: 10.8ms | Allocations: 7097)
Completed 200 OK in 15ms (Views: 11.1ms | ActiveRecord: 0.5ms | Allocations: 7911)


Started GET "/journee_observations/new" for ::1 at 2026-03-23 08:10:08 +0100
Processing by JourneeObservationsController#new as HTML
  Rendering layout layouts/application.html.erb
  Rendering journee_observations/new.html.erb within layouts/application
  Rendered journee_observations/_form.html.erb (Duration: 1.7ms | Allocations: 730)
  Rendered journee_observations/new.html.erb within layouts/application (Duration: 2.0ms | Allocations: 823)
  Rendered layout layouts/application.html.erb (Duration: 5.2ms | Allocations: 2651)
Completed 200 OK in 7ms (Views: 5.8ms | ActiveRecord: 0.0ms | Allocations: 2929)


Started POST "/journee_observations" for ::1 at 2026-03-23 08:10:26 +0100
Processing by JourneeObservationsController#create as TURBO_STREAM
  Parameters: {"authenticity_token"=>"[FILTERED]", "journee_observation"=>{"date_observation"=>"2026-03-23", "heure_lever"=>"06:20", "heure_coucher"=>""}, "commit"=>"Create Journee observation"}
  [1m[36mTRANSACTION (0.1ms)[0m  [1m[36mbegin transaction[0m
  ↳ app/controllers/journee_observations_controller.rb:19:in `create'
  [1m[36mJourneeObservation Exists? (1.7ms)[0m  [1m[34mSELECT 1 AS one FROM "journee_observations" WHERE "journee_observations"."date_observation" = ? LIMIT ?[0m  [["date_observation", "2026-03-23"], ["LIMIT", 1]]
  ↳ app/controllers/journee_observations_controller.rb:19:in `create'
  [1m[36mJourneeObservation Create (0.2ms)[0m  [1m[32mINSERT INTO "journee_observations" ("date_observation", "heure_lever", "heure_coucher", "created_at", "updated_at") VALUES (?, ?, ?, ?, ?) RETURNING "id"[0m  [["date_observation", "2026-03-23"], ["heure_lever", "2000-01-01 06:20:00"], ["heure_coucher", nil], ["created_at", "2026-03-23 07:10:26.751459"], ["updated_at", "2026-03-23 07:10:26.751459"]]
  ↳ app/controllers/journee_observations_controller.rb:19:in `create'
  [1m[36mTRANSACTION (0.2ms)[0m  [1m[36mcommit transaction[0m
  ↳ app/controllers/journee_observations_controller.rb:19:in `create'
Redirected to http://localhost:3000/journee_observations/8
Completed 302 Found in 8ms (ActiveRecord: 2.2ms | Allocations: 2819)


Started GET "/journee_observations/8" for ::1 at 2026-03-23 08:10:26 +0100
Processing by JourneeObservationsController#show as TURBO_STREAM
  Parameters: {"id"=>"8"}
  [1m[36mJourneeObservation Load (0.2ms)[0m  [1m[34mSELECT "journee_observations".* FROM "journee_observations" WHERE "journee_observations"."id" = ? LIMIT ?[0m  [["id", 8], ["LIMIT", 1]]
  ↳ app/controllers/journee_observations_controller.rb:45:in `set_journee_observation'
  Rendering layout layouts/application.html.erb
  Rendering journee_observations/show.html.erb within layouts/application
  [1m[36mEntree Load (0.1ms)[0m  [1m[34mSELECT "entrees".* FROM "entrees" WHERE "entrees"."journee_observation_id" = ? ORDER BY "entrees"."heure" ASC[0m  [["journee_observation_id", 8]]
  ↳ app/views/journee_observations/show.html.erb:57
  [1m[36mEntree Sum (0.0ms)[0m  [1m[34mSELECT SUM("entrees"."volume_boisson") FROM "entrees" WHERE "entrees"."journee_observation_id" = ?[0m  [["journee_observation_id", 8]]
  ↳ app/models/journee_observation.rb:9:in `total_boissons'
  [1m[36mEntree Sum (0.0ms)[0m  [1m[34mSELECT SUM("entrees"."volume_urine") FROM "entrees" WHERE "entrees"."journee_observation_id" = ?[0m  [["journee_observation_id", 8]]
  ↳ app/models/journee_observation.rb:13:in `total_urine'
  Rendered entrees/_form.html.erb (Duration: 1.6ms | Allocations: 1014)
  Rendered journee_observations/show.html.erb within layouts/application (Duration: 4.6ms | Allocations: 2610)
  Rendered layout layouts/application.html.erb (Duration: 7.0ms | Allocations: 4438)
Completed 200 OK in 10ms (Views: 7.4ms | ActiveRecord: 0.3ms | Allocations: 5254)


Started POST "/journee_observations/8/entrees" for ::1 at 2026-03-23 08:10:53 +0100
Processing by EntreesController#create as TURBO_STREAM
  Parameters: {"authenticity_token"=>"[FILTERED]", "entree"=>{"heure"=>"06:25", "volume_boisson"=>"", "volume_urine"=>"300", "urgenturies"=>"", "fuites"=>"", "commentaires"=>""}, "commit"=>"Ajouter", "journee_observation_id"=>"8"}
  [1m[36mJourneeObservation Load (0.2ms)[0m  [1m[34mSELECT "journee_observations".* FROM "journee_observations" WHERE "journee_observations"."id" = ? LIMIT ?[0m  [["id", 8], ["LIMIT", 1]]
  ↳ app/controllers/entrees_controller.rb:37:in `set_journee_observation'
  [1m[36mTRANSACTION (0.1ms)[0m  [1m[36mbegin transaction[0m
  ↳ app/controllers/entrees_controller.rb:11:in `create'
  [1m[36mEntree Create (1.1ms)[0m  [1m[32mINSERT INTO "entrees" ("journee_observation_id", "heure", "volume_boisson", "volume_urine", "urgenturies", "fuites", "commentaires", "created_at", "updated_at") VALUES (?, ?, ?, ?, ?, ?, ?, ?, ?) RETURNING "id"[0m  [["journee_observation_id", 8], ["heure", "2000-01-01 06:25:00"], ["volume_boisson", nil], ["volume_urine", 300], ["urgenturies", ""], ["fuites", ""], ["commentaires", ""], ["created_at", "2026-03-23 07:10:53.688009"], ["updated_at", "2026-03-23 07:10:53.688009"]]
  ↳ app/controllers/entrees_controller.rb:11:in `create'
  [1m[36mTRANSACTION (0.2ms)[0m  [1m[36mcommit transaction[0m
  ↳ app/controllers/entrees_controller.rb:11:in `create'
Redirected to http://localhost:3000/journee_observations/8
Completed 302 Found in 8ms (ActiveRecord: 1.5ms | Allocations: 2674)


Started GET "/journee_observations/8" for ::1 at 2026-03-23 08:10:53 +0100
Processing by JourneeObservationsController#show as TURBO_STREAM
  Parameters: {"id"=>"8"}
  [1m[36mJourneeObservation Load (0.2ms)[0m  [1m[34mSELECT "journee_observations".* FROM "journee_observations" WHERE "journee_observations"."id" = ? LIMIT ?[0m  [["id", 8], ["LIMIT", 1]]
  ↳ app/controllers/journee_observations_controller.rb:45:in `set_journee_observation'
  Rendering layout layouts/application.html.erb
  Rendering journee_observations/show.html.erb within layouts/application
  [1m[36mEntree Load (0.1ms)[0m  [1m[34mSELECT "entrees".* FROM "entrees" WHERE "entrees"."journee_observation_id" = ? ORDER BY "entrees"."heure" ASC[0m  [["journee_observation_id", 8]]
  ↳ app/views/journee_observations/show.html.erb:57
  [1m[36mEntree Sum (0.1ms)[0m  [1m[34mSELECT SUM("entrees"."volume_boisson") FROM "entrees" WHERE "entrees"."journee_observation_id" = ?[0m  [["journee_observation_id", 8]]
  ↳ app/models/journee_observation.rb:9:in `total_boissons'
  [1m[36mEntree Sum (0.0ms)[0m  [1m[34mSELECT SUM("entrees"."volume_urine") FROM "entrees" WHERE "entrees"."journee_observation_id" = ?[0m  [["journee_observation_id", 8]]
  ↳ app/models/journee_observation.rb:13:in `total_urine'
  Rendered entrees/_form.html.erb (Duration: 1.3ms | Allocations: 1017)
  Rendered journee_observations/show.html.erb within layouts/application (Duration: 5.2ms | Allocations: 2761)
  Rendered layout layouts/application.html.erb (Duration: 7.3ms | Allocations: 4589)
Completed 200 OK in 10ms (Views: 7.6ms | ActiveRecord: 0.4ms | Allocations: 5405)


Started POST "/journee_observations/8/entrees" for ::1 at 2026-03-23 08:11:26 +0100
Processing by EntreesController#create as TURBO_STREAM
  Parameters: {"authenticity_token"=>"[FILTERED]", "entree"=>{"heure"=>"06:30", "volume_boisson"=>"90", "volume_urine"=>"", "urgenturies"=>"", "fuites"=>"", "commentaires"=>""}, "commit"=>"Ajouter", "journee_observation_id"=>"8"}
  [1m[36mJourneeObservation Load (0.2ms)[0m  [1m[34mSELECT "journee_observations".* FROM "journee_observations" WHERE "journee_observations"."id" = ? LIMIT ?[0m  [["id", 8], ["LIMIT", 1]]
  ↳ app/controllers/entrees_controller.rb:37:in `set_journee_observation'
  [1m[36mTRANSACTION (0.1ms)[0m  [1m[36mbegin transaction[0m
  ↳ app/controllers/entrees_controller.rb:11:in `create'
  [1m[36mEntree Create (0.9ms)[0m  [1m[32mINSERT INTO "entrees" ("journee_observation_id", "heure", "volume_boisson", "volume_urine", "urgenturies", "fuites", "commentaires", "created_at", "updated_at") VALUES (?, ?, ?, ?, ?, ?, ?, ?, ?) RETURNING "id"[0m  [["journee_observation_id", 8], ["heure", "2000-01-01 06:30:00"], ["volume_boisson", 90], ["volume_urine", nil], ["urgenturies", ""], ["fuites", ""], ["commentaires", ""], ["created_at", "2026-03-23 07:11:26.453624"], ["updated_at", "2026-03-23 07:11:26.453624"]]
  ↳ app/controllers/entrees_controller.rb:11:in `create'
  [1m[36mTRANSACTION (0.2ms)[0m  [1m[36mcommit transaction[0m
  ↳ app/controllers/entrees_controller.rb:11:in `create'
Redirected to http://localhost:3000/journee_observations/8
Completed 302 Found in 8ms (ActiveRecord: 1.4ms | Allocations: 2674)


Started GET "/journee_observations/8" for ::1 at 2026-03-23 08:11:26 +0100
Processing by JourneeObservationsController#show as TURBO_STREAM
  Parameters: {"id"=>"8"}
  [1m[36mJourneeObservation Load (0.2ms)[0m  [1m[34mSELECT "journee_observations".* FROM "journee_observations" WHERE "journee_observations"."id" = ? LIMIT ?[0m  [["id", 8], ["LIMIT", 1]]
  ↳ app/controllers/journee_observations_controller.rb:45:in `set_journee_observation'
  Rendering layout layouts/application.html.erb
  Rendering journee_observations/show.html.erb within layouts/application
  [1m[36mEntree Load (0.1ms)[0m  [1m[34mSELECT "entrees".* FROM "entrees" WHERE "entrees"."journee_observation_id" = ? ORDER BY "entrees"."heure" ASC[0m  [["journee_observation_id", 8]]
  ↳ app/views/journee_observations/show.html.erb:57
  [1m[36mEntree Sum (0.1ms)[0m  [1m[34mSELECT SUM("entrees"."volume_boisson") FROM "entrees" WHERE "entrees"."journee_observation_id" = ?[0m  [["journee_observation_id", 8]]
  ↳ app/models/journee_observation.rb:9:in `total_boissons'
  [1m[36mEntree Sum (0.0ms)[0m  [1m[34mSELECT SUM("entrees"."volume_urine") FROM "entrees" WHERE "entrees"."journee_observation_id" = ?[0m  [["journee_observation_id", 8]]
  ↳ app/models/journee_observation.rb:13:in `total_urine'
  Rendered entrees/_form.html.erb (Duration: 2.0ms | Allocations: 1029)
  Rendered journee_observations/show.html.erb within layouts/application (Duration: 5.5ms | Allocations: 2911)
  Rendered layout layouts/application.html.erb (Duration: 7.7ms | Allocations: 4739)
Completed 200 OK in 11ms (Views: 8.0ms | ActiveRecord: 0.4ms | Allocations: 5555)


Started GET "/journee_observations" for ::1 at 2026-03-23 08:11:31 +0100
Processing by JourneeObservationsController#index as HTML
  [1m[36mJourneeObservation Load (0.2ms)[0m  [1m[34mSELECT "journee_observations".* FROM "journee_observations" WHERE "journee_observations"."date_observation" = ? LIMIT ?[0m  [["date_observation", "2026-03-23"], ["LIMIT", 1]]
  ↳ app/controllers/journee_observations_controller.rb:6:in `index'
  Rendering layout layouts/application.html.erb
  Rendering journee_observations/index.html.erb within layouts/application
  [1m[36mJourneeObservation Exists? (0.2ms)[0m  [1m[34mSELECT 1 AS one FROM "journee_observations" LIMIT ?[0m  [["LIMIT", 1]]
  ↳ app/views/journee_observations/index.html.erb:34
  [1m[36mJourneeObservation Load (0.1ms)[0m  [1m[34mSELECT "journee_observations".* FROM "journee_observations" ORDER BY "journee_observations"."date_observation" DESC[0m
  ↳ app/views/journee_observations/index.html.erb:41
  [1m[36mEntree Count (0.1ms)[0m  [1m[34mSELECT COUNT(*) FROM "entrees" WHERE "entrees"."journee_observation_id" = ?[0m  [["journee_observation_id", 8]]
  ↳ app/views/journee_observations/index.html.erb:66
  [1m[36mEntree Count (0.1ms)[0m  [1m[34mSELECT COUNT(*) FROM "entrees" WHERE "entrees"."journee_observation_id" = ?[0m  [["journee_observation_id", 7]]
  ↳ app/views/journee_observations/index.html.erb:66
  Rendered journee_observations/index.html.erb within layouts/application (Duration: 4.8ms | Allocations: 2389)
  Rendered layout layouts/application.html.erb (Duration: 8.3ms | Allocations: 4413)
Completed 200 OK in 12ms (Views: 8.6ms | ActiveRecord: 0.6ms | Allocations: 5090)


Started POST "/journee_observations/8/entrees" for ::1 at 2026-03-23 08:11:44 +0100
Processing by EntreesController#create as TURBO_STREAM
  Parameters: {"authenticity_token"=>"[FILTERED]", "entree"=>{"heure"=>"08:11", "volume_boisson"=>"", "volume_urine"=>"200", "urgenturies"=>"", "fuites"=>"", "commentaires"=>""}, "commit"=>"Ajouter", "journee_observation_id"=>"8"}
  [1m[36mJourneeObservation Load (0.2ms)[0m  [1m[34mSELECT "journee_observations".* FROM "journee_observations" WHERE "journee_observations"."id" = ? LIMIT ?[0m  [["id", 8], ["LIMIT", 1]]
  ↳ app/controllers/entrees_controller.rb:37:in `set_journee_observation'
  [1m[36mTRANSACTION (0.1ms)[0m  [1m[36mbegin transaction[0m
  ↳ app/controllers/entrees_controller.rb:11:in `create'
  [1m[36mEntree Create (1.1ms)[0m  [1m[32mINSERT INTO "entrees" ("journee_observation_id", "heure", "volume_boisson", "volume_urine", "urgenturies", "fuites", "commentaires", "created_at", "updated_at") VALUES (?, ?, ?, ?, ?, ?, ?, ?, ?) RETURNING "id"[0m  [["journee_observation_id", 8], ["heure", "2000-01-01 08:11:00"], ["volume_boisson", nil], ["volume_urine", 200], ["urgenturies", ""], ["fuites", ""], ["commentaires", ""], ["created_at", "2026-03-23 07:11:44.669243"], ["updated_at", "2026-03-23 07:11:44.669243"]]
  ↳ app/controllers/entrees_controller.rb:11:in `create'
  [1m[36mTRANSACTION (0.1ms)[0m  [1m[36mcommit transaction[0m
  ↳ app/controllers/entrees_controller.rb:11:in `create'
Redirected to http://localhost:3000/journee_observations/8
Completed 302 Found in 7ms (ActiveRecord: 1.4ms | Allocations: 2668)


Started GET "/journee_observations/8" for ::1 at 2026-03-23 08:11:44 +0100
Processing by JourneeObservationsController#show as TURBO_STREAM
  Parameters: {"id"=>"8"}
  [1m[36mJourneeObservation Load (0.2ms)[0m  [1m[34mSELECT "journee_observations".* FROM "journee_observations" WHERE "journee_observations"."id" = ? LIMIT ?[0m  [["id", 8], ["LIMIT", 1]]
  ↳ app/controllers/journee_observations_controller.rb:45:in `set_journee_observation'
  Rendering layout layouts/application.html.erb
  Rendering journee_observations/show.html.erb within layouts/application
  [1m[36mEntree Load (0.1ms)[0m  [1m[34mSELECT "entrees".* FROM "entrees" WHERE "entrees"."journee_observation_id" = ? ORDER BY "entrees"."heure" ASC[0m  [["journee_observation_id", 8]]
  ↳ app/views/journee_observations/show.html.erb:57
  [1m[36mEntree Sum (0.1ms)[0m  [1m[34mSELECT SUM("entrees"."volume_boisson") FROM "entrees" WHERE "entrees"."journee_observation_id" = ?[0m  [["journee_observation_id", 8]]
  ↳ app/models/journee_observation.rb:9:in `total_boissons'
  [1m[36mEntree Sum (0.1ms)[0m  [1m[34mSELECT SUM("entrees"."volume_urine") FROM "entrees" WHERE "entrees"."journee_observation_id" = ?[0m  [["journee_observation_id", 8]]
  ↳ app/models/journee_observation.rb:13:in `total_urine'
  Rendered entrees/_form.html.erb (Duration: 1.7ms | Allocations: 1023)
  Rendered journee_observations/show.html.erb within layouts/application (Duration: 5.4ms | Allocations: 3044)
  Rendered layout layouts/application.html.erb (Duration: 7.4ms | Allocations: 4872)
Completed 200 OK in 10ms (Views: 7.7ms | ActiveRecord: 0.4ms | Allocations: 5689)


Started GET "/resultats" for ::1 at 2026-03-23 08:11:52 +0100
Processing by ResultatsController#index as HTML
  [1m[36mJourneeObservation Pluck (0.2ms)[0m  [1m[34mSELECT "journee_observations"."date_observation" FROM "journee_observations" ORDER BY "journee_observations"."date_observation" DESC[0m
  ↳ app/controllers/resultats_controller.rb:3:in `index'
  Rendering layout layouts/application.html.erb
  Rendering resultats/index.html.erb within layouts/application
  Rendered resultats/index.html.erb within layouts/application (Duration: 0.5ms | Allocations: 196)
  Rendered layout layouts/application.html.erb (Duration: 3.9ms | Allocations: 2232)
Completed 200 OK in 7ms (Views: 4.5ms | ActiveRecord: 0.2ms | Allocations: 2891)


Started GET "/journee_observations/7" for ::1 at 2026-03-23 09:15:50 +0100
Processing by JourneeObservationsController#show as HTML
  Parameters: {"id"=>"7"}
  [1m[36mJourneeObservation Load (2.1ms)[0m  [1m[34mSELECT "journee_observations".* FROM "journee_observations" WHERE "journee_observations"."id" = ? LIMIT ?[0m  [["id", 7], ["LIMIT", 1]]
  ↳ app/controllers/journee_observations_controller.rb:45:in `set_journee_observation'
  Rendering layout layouts/application.html.erb
  Rendering journee_observations/show.html.erb within layouts/application
  [1m[36mEntree Load (0.4ms)[0m  [1m[34mSELECT "entrees".* FROM "entrees" WHERE "entrees"."journee_observation_id" = ? ORDER BY "entrees"."heure" ASC[0m  [["journee_observation_id", 7]]
  ↳ app/views/journee_observations/show.html.erb:57
  [1m[36mEntree Sum (0.1ms)[0m  [1m[34mSELECT SUM("entrees"."volume_boisson") FROM "entrees" WHERE "entrees"."journee_observation_id" = ?[0m  [["journee_observation_id", 7]]
  ↳ app/models/journee_observation.rb:9:in `total_boissons'
  [1m[36mEntree Sum (0.1ms)[0m  [1m[34mSELECT SUM("entrees"."volume_urine") FROM "entrees" WHERE "entrees"."journee_observation_id" = ?[0m  [["journee_observation_id", 7]]
  ↳ app/models/journee_observation.rb:13:in `total_urine'
  Rendered entrees/_form.html.erb (Duration: 1.2ms | Allocations: 1001)
  Rendered journee_observations/show.html.erb within layouts/application (Duration: 6.2ms | Allocations: 5306)
  Rendered layout layouts/application.html.erb (Duration: 9.1ms | Allocations: 7153)
Completed 200 OK in 14ms (Views: 9.1ms | ActiveRecord: 3.5ms | Allocations: 8223)


Started GET "/" for ::1 at 2026-03-23 09:24:14 +0100
Processing by JourneeObservationsController#index as HTML
  [1m[36mJourneeObservation Load (1.8ms)[0m  [1m[34mSELECT "journee_observations".* FROM "journee_observations" WHERE "journee_observations"."date_observation" = ? LIMIT ?[0m  [["date_observation", "2026-03-23"], ["LIMIT", 1]]
  ↳ app/controllers/journee_observations_controller.rb:6:in `index'
  Rendering layout layouts/application.html.erb
  Rendering journee_observations/index.html.erb within layouts/application
  [1m[36mJourneeObservation Exists? (0.1ms)[0m  [1m[34mSELECT 1 AS one FROM "journee_observations" LIMIT ?[0m  [["LIMIT", 1]]
  ↳ app/views/journee_observations/index.html.erb:34
  [1m[36mJourneeObservation Load (0.2ms)[0m  [1m[34mSELECT "journee_observations".* FROM "journee_observations" ORDER BY "journee_observations"."date_observation" DESC[0m
  ↳ app/views/journee_observations/index.html.erb:41
  [1m[36mEntree Count (0.2ms)[0m  [1m[34mSELECT COUNT(*) FROM "entrees" WHERE "entrees"."journee_observation_id" = ?[0m  [["journee_observation_id", 8]]
  ↳ app/views/journee_observations/index.html.erb:66
  [1m[36mEntree Count (0.1ms)[0m  [1m[34mSELECT COUNT(*) FROM "entrees" WHERE "entrees"."journee_observation_id" = ?[0m  [["journee_observation_id", 7]]
  ↳ app/views/journee_observations/index.html.erb:66
  Rendered journee_observations/index.html.erb within layouts/application (Duration: 7.5ms | Allocations: 2411)
  Rendered layout layouts/application.html.erb (Duration: 11.7ms | Allocations: 4480)
Completed 200 OK in 16ms (Views: 11.7ms | ActiveRecord: 3.4ms | Allocations: 5415)


Started GET "/journee_observations/7" for ::1 at 2026-03-23 09:24:17 +0100
Processing by JourneeObservationsController#show as HTML
  Parameters: {"id"=>"7"}
  [1m[36mJourneeObservation Load (0.4ms)[0m  [1m[34mSELECT "journee_observations".* FROM "journee_observations" WHERE "journee_observations"."id" = ? LIMIT ?[0m  [["id", 7], ["LIMIT", 1]]
  ↳ app/controllers/journee_observations_controller.rb:45:in `set_journee_observation'
  Rendering layout layouts/application.html.erb
  Rendering journee_observations/show.html.erb within layouts/application
  [1m[36mEntree Load (0.2ms)[0m  [1m[34mSELECT "entrees".* FROM "entrees" WHERE "entrees"."journee_observation_id" = ? ORDER BY "entrees"."heure" ASC[0m  [["journee_observation_id", 7]]
  ↳ app/views/journee_observations/show.html.erb:57
  [1m[36mEntree Sum (0.2ms)[0m  [1m[34mSELECT SUM("entrees"."volume_boisson") FROM "entrees" WHERE "entrees"."journee_observation_id" = ?[0m  [["journee_observation_id", 7]]
  ↳ app/models/journee_observation.rb:9:in `total_boissons'
  [1m[36mEntree Sum (0.1ms)[0m  [1m[34mSELECT SUM("entrees"."volume_urine") FROM "entrees" WHERE "entrees"."journee_observation_id" = ?[0m  [["journee_observation_id", 7]]
  ↳ app/models/journee_observation.rb:13:in `total_urine'
  Rendered entrees/_form.html.erb (Duration: 1.9ms | Allocations: 1037)
  Rendered journee_observations/show.html.erb within layouts/application (Duration: 9.0ms | Allocations: 5342)
  Rendered layout layouts/application.html.erb (Duration: 11.6ms | Allocations: 7167)
Completed 200 OK in 16ms (Views: 11.7ms | ActiveRecord: 1.0ms | Allocations: 8009)


Started GET "/journee_observations/8/edit" for ::1 at 2026-03-23 09:24:18 +0100
Processing by JourneeObservationsController#edit as HTML
  Parameters: {"id"=>"8"}
  [1m[36mJourneeObservation Load (0.1ms)[0m  [1m[34mSELECT "journee_observations".* FROM "journee_observations" WHERE "journee_observations"."id" = ? LIMIT ?[0m  [["id", 8], ["LIMIT", 1]]
  ↳ app/controllers/journee_observations_controller.rb:45:in `set_journee_observation'
  Rendering layout layouts/application.html.erb
  Rendering journee_observations/edit.html.erb within layouts/application
  Rendered journee_observations/_form.html.erb (Duration: 1.0ms | Allocations: 782)
  Rendered journee_observations/edit.html.erb within layouts/application (Duration: 1.2ms | Allocations: 889)
  Rendered layout layouts/application.html.erb (Duration: 3.2ms | Allocations: 2713)
Completed 200 OK in 5ms (Views: 3.6ms | ActiveRecord: 0.1ms | Allocations: 3329)


Started GET "/journee_observations/8/edit" for ::1 at 2026-03-23 09:24:18 +0100
Processing by JourneeObservationsController#edit as HTML
  Parameters: {"id"=>"8"}
  [1m[36mJourneeObservation Load (0.2ms)[0m  [1m[34mSELECT "journee_observations".* FROM "journee_observations" WHERE "journee_observations"."id" = ? LIMIT ?[0m  [["id", 8], ["LIMIT", 1]]
  ↳ app/controllers/journee_observations_controller.rb:45:in `set_journee_observation'
  Rendering layout layouts/application.html.erb
  Rendering journee_observations/edit.html.erb within layouts/application
  Rendered journee_observations/_form.html.erb (Duration: 2.4ms | Allocations: 758)
  Rendered journee_observations/edit.html.erb within layouts/application (Duration: 3.0ms | Allocations: 865)
  Rendered layout layouts/application.html.erb (Duration: 6.1ms | Allocations: 2689)
Completed 200 OK in 9ms (Views: 6.7ms | ActiveRecord: 0.2ms | Allocations: 3305)


Started PATCH "/journee_observations/8" for ::1 at 2026-03-23 09:24:33 +0100
Processing by JourneeObservationsController#update as TURBO_STREAM
  Parameters: {"authenticity_token"=>"[FILTERED]", "journee_observation"=>{"date_observation"=>"2026-03-23", "heure_lever"=>"06:20:00.000", "heure_coucher"=>""}, "commit"=>"Update Journee observation", "id"=>"8"}
  [1m[36mJourneeObservation Load (0.2ms)[0m  [1m[34mSELECT "journee_observations".* FROM "journee_observations" WHERE "journee_observations"."id" = ? LIMIT ?[0m  [["id", 8], ["LIMIT", 1]]
  ↳ app/controllers/journee_observations_controller.rb:45:in `set_journee_observation'
  [1m[36mTRANSACTION (0.1ms)[0m  [1m[36mbegin transaction[0m
  ↳ app/controllers/journee_observations_controller.rb:30:in `update'
  [1m[36mJourneeObservation Exists? (1.1ms)[0m  [1m[34mSELECT 1 AS one FROM "journee_observations" WHERE "journee_observations"."date_observation" = ? AND "journee_observations"."id" != ? LIMIT ?[0m  [["date_observation", "2026-03-23"], ["id", 8], ["LIMIT", 1]]
  ↳ app/controllers/journee_observations_controller.rb:30:in `update'
  [1m[36mTRANSACTION (0.0ms)[0m  [1m[36mcommit transaction[0m
  ↳ app/controllers/journee_observations_controller.rb:30:in `update'
Redirected to http://localhost:3000/journee_observations/8
Completed 302 Found in 8ms (ActiveRecord: 1.4ms | Allocations: 2807)


Started GET "/journee_observations/8" for ::1 at 2026-03-23 09:24:33 +0100
Processing by JourneeObservationsController#show as TURBO_STREAM
  Parameters: {"id"=>"8"}
  [1m[36mJourneeObservation Load (0.2ms)[0m  [1m[34mSELECT "journee_observations".* FROM "journee_observations" WHERE "journee_observations"."id" = ? LIMIT ?[0m  [["id", 8], ["LIMIT", 1]]
  ↳ app/controllers/journee_observations_controller.rb:45:in `set_journee_observation'
  Rendering layout layouts/application.html.erb
  Rendering journee_observations/show.html.erb within layouts/application
  [1m[36mEntree Load (0.1ms)[0m  [1m[34mSELECT "entrees".* FROM "entrees" WHERE "entrees"."journee_observation_id" = ? ORDER BY "entrees"."heure" ASC[0m  [["journee_observation_id", 8]]
  ↳ app/views/journee_observations/show.html.erb:57
  [1m[36mEntree Sum (0.1ms)[0m  [1m[34mSELECT SUM("entrees"."volume_boisson") FROM "entrees" WHERE "entrees"."journee_observation_id" = ?[0m  [["journee_observation_id", 8]]
  ↳ app/models/journee_observation.rb:9:in `total_boissons'
  [1m[36mEntree Sum (0.0ms)[0m  [1m[34mSELECT SUM("entrees"."volume_urine") FROM "entrees" WHERE "entrees"."journee_observation_id" = ?[0m  [["journee_observation_id", 8]]
  ↳ app/models/journee_observation.rb:13:in `total_urine'
  Rendered entrees/_form.html.erb (Duration: 1.5ms | Allocations: 1023)
  Rendered journee_observations/show.html.erb within layouts/application (Duration: 5.5ms | Allocations: 3044)
  Rendered layout layouts/application.html.erb (Duration: 7.5ms | Allocations: 4872)
Completed 200 OK in 10ms (Views: 7.7ms | ActiveRecord: 0.4ms | Allocations: 5688)


Started POST "/journee_observations/8/entrees" for ::1 at 2026-03-23 09:25:09 +0100
Processing by EntreesController#create as TURBO_STREAM
  Parameters: {"authenticity_token"=>"[FILTERED]", "entree"=>{"heure"=>"08:30", "volume_boisson"=>"210", "volume_urine"=>"", "urgenturies"=>"", "fuites"=>"", "commentaires"=>""}, "commit"=>"Ajouter", "journee_observation_id"=>"8"}
  [1m[36mJourneeObservation Load (0.2ms)[0m  [1m[34mSELECT "journee_observations".* FROM "journee_observations" WHERE "journee_observations"."id" = ? LIMIT ?[0m  [["id", 8], ["LIMIT", 1]]
  ↳ app/controllers/entrees_controller.rb:37:in `set_journee_observation'
  [1m[36mTRANSACTION (0.1ms)[0m  [1m[36mbegin transaction[0m
  ↳ app/controllers/entrees_controller.rb:11:in `create'
  [1m[36mEntree Create (1.0ms)[0m  [1m[32mINSERT INTO "entrees" ("journee_observation_id", "heure", "volume_boisson", "volume_urine", "urgenturies", "fuites", "commentaires", "created_at", "updated_at") VALUES (?, ?, ?, ?, ?, ?, ?, ?, ?) RETURNING "id"[0m  [["journee_observation_id", 8], ["heure", "2000-01-01 08:30:00"], ["volume_boisson", 210], ["volume_urine", nil], ["urgenturies", ""], ["fuites", ""], ["commentaires", ""], ["created_at", "2026-03-23 08:25:09.804408"], ["updated_at", "2026-03-23 08:25:09.804408"]]
  ↳ app/controllers/entrees_controller.rb:11:in `create'
  [1m[36mTRANSACTION (1.0ms)[0m  [1m[36mcommit transaction[0m
  ↳ app/controllers/entrees_controller.rb:11:in `create'
Redirected to http://localhost:3000/journee_observations/8
Completed 302 Found in 9ms (ActiveRecord: 2.3ms | Allocations: 2677)


Started GET "/journee_observations/8" for ::1 at 2026-03-23 09:25:09 +0100
Processing by JourneeObservationsController#show as TURBO_STREAM
  Parameters: {"id"=>"8"}
  [1m[36mJourneeObservation Load (0.2ms)[0m  [1m[34mSELECT "journee_observations".* FROM "journee_observations" WHERE "journee_observations"."id" = ? LIMIT ?[0m  [["id", 8], ["LIMIT", 1]]
  ↳ app/controllers/journee_observations_controller.rb:45:in `set_journee_observation'
  Rendering layout layouts/application.html.erb
  Rendering journee_observations/show.html.erb within layouts/application
  [1m[36mEntree Load (0.1ms)[0m  [1m[34mSELECT "entrees".* FROM "entrees" WHERE "entrees"."journee_observation_id" = ? ORDER BY "entrees"."heure" ASC[0m  [["journee_observation_id", 8]]
  ↳ app/views/journee_observations/show.html.erb:57
  [1m[36mEntree Sum (0.0ms)[0m  [1m[34mSELECT SUM("entrees"."volume_boisson") FROM "entrees" WHERE "entrees"."journee_observation_id" = ?[0m  [["journee_observation_id", 8]]
  ↳ app/models/journee_observation.rb:9:in `total_boissons'
  [1m[36mEntree Sum (0.0ms)[0m  [1m[34mSELECT SUM("entrees"."volume_urine") FROM "entrees" WHERE "entrees"."journee_observation_id" = ?[0m  [["journee_observation_id", 8]]
  ↳ app/models/journee_observation.rb:13:in `total_urine'
  Rendered entrees/_form.html.erb (Duration: 1.8ms | Allocations: 1017)
  Rendered journee_observations/show.html.erb within layouts/application (Duration: 5.3ms | Allocations: 3178)
  Rendered layout layouts/application.html.erb (Duration: 7.6ms | Allocations: 5006)
Completed 200 OK in 11ms (Views: 7.9ms | ActiveRecord: 0.4ms | Allocations: 5822)


Started POST "/journee_observations/8/entrees" for ::1 at 2026-03-23 10:40:14 +0100
Processing by EntreesController#create as TURBO_STREAM
  Parameters: {"authenticity_token"=>"[FILTERED]", "entree"=>{"heure"=>"10:40", "volume_boisson"=>"", "volume_urine"=>"150", "urgenturies"=>"", "fuites"=>"", "commentaires"=>""}, "commit"=>"Ajouter", "journee_observation_id"=>"8"}
  [1m[36mJourneeObservation Load (1.9ms)[0m  [1m[34mSELECT "journee_observations".* FROM "journee_observations" WHERE "journee_observations"."id" = ? LIMIT ?[0m  [["id", 8], ["LIMIT", 1]]
  ↳ app/controllers/entrees_controller.rb:37:in `set_journee_observation'
  [1m[36mTRANSACTION (0.0ms)[0m  [1m[36mbegin transaction[0m
  ↳ app/controllers/entrees_controller.rb:11:in `create'
  [1m[36mEntree Create (0.8ms)[0m  [1m[32mINSERT INTO "entrees" ("journee_observation_id", "heure", "volume_boisson", "volume_urine", "urgenturies", "fuites", "commentaires", "created_at", "updated_at") VALUES (?, ?, ?, ?, ?, ?, ?, ?, ?) RETURNING "id"[0m  [["journee_observation_id", 8], ["heure", "2000-01-01 10:40:00"], ["volume_boisson", nil], ["volume_urine", 150], ["urgenturies", ""], ["fuites", ""], ["commentaires", ""], ["created_at", "2026-03-23 09:40:14.612256"], ["updated_at", "2026-03-23 09:40:14.612256"]]
  ↳ app/controllers/entrees_controller.rb:11:in `create'
  [1m[36mTRANSACTION (0.4ms)[0m  [1m[36mcommit transaction[0m
  ↳ app/controllers/entrees_controller.rb:11:in `create'
Redirected to http://localhost:3000/journee_observations/8
Completed 302 Found in 10ms (ActiveRecord: 4.0ms | Allocations: 2932)


Started GET "/journee_observations/8" for ::1 at 2026-03-23 10:40:14 +0100
Processing by JourneeObservationsController#show as TURBO_STREAM
  Parameters: {"id"=>"8"}
  [1m[36mJourneeObservation Load (0.1ms)[0m  [1m[34mSELECT "journee_observations".* FROM "journee_observations" WHERE "journee_observations"."id" = ? LIMIT ?[0m  [["id", 8], ["LIMIT", 1]]
  ↳ app/controllers/journee_observations_controller.rb:45:in `set_journee_observation'
  Rendering layout layouts/application.html.erb
  Rendering journee_observations/show.html.erb within layouts/application
  [1m[36mEntree Load (0.1ms)[0m  [1m[34mSELECT "entrees".* FROM "entrees" WHERE "entrees"."journee_observation_id" = ? ORDER BY "entrees"."heure" ASC[0m  [["journee_observation_id", 8]]
  ↳ app/views/journee_observations/show.html.erb:57
  [1m[36mEntree Sum (0.1ms)[0m  [1m[34mSELECT SUM("entrees"."volume_boisson") FROM "entrees" WHERE "entrees"."journee_observation_id" = ?[0m  [["journee_observation_id", 8]]
  ↳ app/models/journee_observation.rb:9:in `total_boissons'
  [1m[36mEntree Sum (0.0ms)[0m  [1m[34mSELECT SUM("entrees"."volume_urine") FROM "entrees" WHERE "entrees"."journee_observation_id" = ?[0m  [["journee_observation_id", 8]]
  ↳ app/models/journee_observation.rb:13:in `total_urine'
  Rendered entrees/_form.html.erb (Duration: 1.3ms | Allocations: 1032)
  Rendered journee_observations/show.html.erb within layouts/application (Duration: 4.2ms | Allocations: 3374)
  Rendered layout layouts/application.html.erb (Duration: 7.4ms | Allocations: 5202)
Completed 200 OK in 10ms (Views: 7.5ms | ActiveRecord: 0.3ms | Allocations: 6019)


Started POST "/journee_observations/8/entrees" for ::1 at 2026-03-23 10:40:27 +0100
Processing by EntreesController#create as TURBO_STREAM
  Parameters: {"authenticity_token"=>"[FILTERED]", "entree"=>{"heure"=>"10:40", "volume_boisson"=>"300", "volume_urine"=>"", "urgenturies"=>"", "fuites"=>"", "commentaires"=>""}, "commit"=>"Ajouter", "journee_observation_id"=>"8"}
  [1m[36mJourneeObservation Load (0.2ms)[0m  [1m[34mSELECT "journee_observations".* FROM "journee_observations" WHERE "journee_observations"."id" = ? LIMIT ?[0m  [["id", 8], ["LIMIT", 1]]
  ↳ app/controllers/entrees_controller.rb:37:in `set_journee_observation'
  [1m[36mTRANSACTION (0.1ms)[0m  [1m[36mbegin transaction[0m
  ↳ app/controllers/entrees_controller.rb:11:in `create'
  [1m[36mEntree Create (1.5ms)[0m  [1m[32mINSERT INTO "entrees" ("journee_observation_id", "heure", "volume_boisson", "volume_urine", "urgenturies", "fuites", "commentaires", "created_at", "updated_at") VALUES (?, ?, ?, ?, ?, ?, ?, ?, ?) RETURNING "id"[0m  [["journee_observation_id", 8], ["heure", "2000-01-01 10:40:00"], ["volume_boisson", 300], ["volume_urine", nil], ["urgenturies", ""], ["fuites", ""], ["commentaires", ""], ["created_at", "2026-03-23 09:40:27.582993"], ["updated_at", "2026-03-23 09:40:27.582993"]]
  ↳ app/controllers/entrees_controller.rb:11:in `create'
  [1m[36mTRANSACTION (0.2ms)[0m  [1m[36mcommit transaction[0m
  ↳ app/controllers/entrees_controller.rb:11:in `create'
Redirected to http://localhost:3000/journee_observations/8
Completed 302 Found in 8ms (ActiveRecord: 2.0ms | Allocations: 2677)


Started GET "/journee_observations/8" for ::1 at 2026-03-23 10:40:27 +0100
Processing by JourneeObservationsController#show as TURBO_STREAM
  Parameters: {"id"=>"8"}
  [1m[36mJourneeObservation Load (0.2ms)[0m  [1m[34mSELECT "journee_observations".* FROM "journee_observations" WHERE "journee_observations"."id" = ? LIMIT ?[0m  [["id", 8], ["LIMIT", 1]]
  ↳ app/controllers/journee_observations_controller.rb:45:in `set_journee_observation'
  Rendering layout layouts/application.html.erb
  Rendering journee_observations/show.html.erb within layouts/application
  [1m[36mEntree Load (0.1ms)[0m  [1m[34mSELECT "entrees".* FROM "entrees" WHERE "entrees"."journee_observation_id" = ? ORDER BY "entrees"."heure" ASC[0m  [["journee_observation_id", 8]]
  ↳ app/views/journee_observations/show.html.erb:57
  [1m[36mEntree Sum (0.0ms)[0m  [1m[34mSELECT SUM("entrees"."volume_boisson") FROM "entrees" WHERE "entrees"."journee_observation_id" = ?[0m  [["journee_observation_id", 8]]
  ↳ app/models/journee_observation.rb:9:in `total_boissons'
  [1m[36mEntree Sum (0.0ms)[0m  [1m[34mSELECT SUM("entrees"."volume_urine") FROM "entrees" WHERE "entrees"."journee_observation_id" = ?[0m  [["journee_observation_id", 8]]
  ↳ app/models/journee_observation.rb:13:in `total_urine'
  Rendered entrees/_form.html.erb (Duration: 1.4ms | Allocations: 1026)
  Rendered journee_observations/show.html.erb within layouts/application (Duration: 5.1ms | Allocations: 3465)
  Rendered layout layouts/application.html.erb (Duration: 7.4ms | Allocations: 5293)
Completed 200 OK in 10ms (Views: 7.7ms | ActiveRecord: 0.3ms | Allocations: 6109)


Started GET "/journee_observations" for ::1 at 2026-03-23 11:47:10 +0100
Processing by JourneeObservationsController#index as HTML
  [1m[36mJourneeObservation Load (2.4ms)[0m  [1m[34mSELECT "journee_observations".* FROM "journee_observations" WHERE "journee_observations"."date_observation" = ? LIMIT ?[0m  [["date_observation", "2026-03-23"], ["LIMIT", 1]]
  ↳ app/controllers/journee_observations_controller.rb:6:in `index'
  Rendering layout layouts/application.html.erb
  Rendering journee_observations/index.html.erb within layouts/application
  [1m[36mJourneeObservation Exists? (0.1ms)[0m  [1m[34mSELECT 1 AS one FROM "journee_observations" LIMIT ?[0m  [["LIMIT", 1]]
  ↳ app/views/journee_observations/index.html.erb:34
  [1m[36mJourneeObservation Load (0.1ms)[0m  [1m[34mSELECT "journee_observations".* FROM "journee_observations" ORDER BY "journee_observations"."date_observation" DESC[0m
  ↳ app/views/journee_observations/index.html.erb:41
  [1m[36mEntree Count (0.1ms)[0m  [1m[34mSELECT COUNT(*) FROM "entrees" WHERE "entrees"."journee_observation_id" = ?[0m  [["journee_observation_id", 8]]
  ↳ app/views/journee_observations/index.html.erb:66
  [1m[36mEntree Count (0.2ms)[0m  [1m[34mSELECT COUNT(*) FROM "entrees" WHERE "entrees"."journee_observation_id" = ?[0m  [["journee_observation_id", 7]]
  ↳ app/views/journee_observations/index.html.erb:66
  Rendered journee_observations/index.html.erb within layouts/application (Duration: 5.7ms | Allocations: 2411)
  Rendered layout layouts/application.html.erb (Duration: 10.1ms | Allocations: 4457)
Completed 200 OK in 16ms (Views: 10.2ms | ActiveRecord: 3.9ms | Allocations: 5390)


Started GET "/journee_observations/7" for ::1 at 2026-03-23 11:47:14 +0100
Processing by JourneeObservationsController#show as HTML
  Parameters: {"id"=>"7"}
  [1m[36mJourneeObservation Load (0.2ms)[0m  [1m[34mSELECT "journee_observations".* FROM "journee_observations" WHERE "journee_observations"."id" = ? LIMIT ?[0m  [["id", 7], ["LIMIT", 1]]
  ↳ app/controllers/journee_observations_controller.rb:45:in `set_journee_observation'
  Rendering layout layouts/application.html.erb
  Rendering journee_observations/show.html.erb within layouts/application
  [1m[36mEntree Load (0.4ms)[0m  [1m[34mSELECT "entrees".* FROM "entrees" WHERE "entrees"."journee_observation_id" = ? ORDER BY "entrees"."heure" ASC[0m  [["journee_observation_id", 7]]
  ↳ app/views/journee_observations/show.html.erb:57
  [1m[36mEntree Sum (0.2ms)[0m  [1m[34mSELECT SUM("entrees"."volume_boisson") FROM "entrees" WHERE "entrees"."journee_observation_id" = ?[0m  [["journee_observation_id", 7]]
  ↳ app/models/journee_observation.rb:9:in `total_boissons'
  [1m[36mEntree Sum (0.1ms)[0m  [1m[34mSELECT SUM("entrees"."volume_urine") FROM "entrees" WHERE "entrees"."journee_observation_id" = ?[0m  [["journee_observation_id", 7]]
  ↳ app/models/journee_observation.rb:13:in `total_urine'
  Rendered entrees/_form.html.erb (Duration: 2.0ms | Allocations: 1001)
  Rendered journee_observations/show.html.erb within layouts/application (Duration: 9.2ms | Allocations: 5306)
  Rendered layout layouts/application.html.erb (Duration: 12.0ms | Allocations: 7130)
Completed 200 OK in 16ms (Views: 12.1ms | ActiveRecord: 0.8ms | Allocations: 7966)


Started GET "/journee_observations" for ::1 at 2026-03-23 11:47:19 +0100
Processing by JourneeObservationsController#index as HTML
  [1m[36mJourneeObservation Load (0.2ms)[0m  [1m[34mSELECT "journee_observations".* FROM "journee_observations" WHERE "journee_observations"."date_observation" = ? LIMIT ?[0m  [["date_observation", "2026-03-23"], ["LIMIT", 1]]
  ↳ app/controllers/journee_observations_controller.rb:6:in `index'
  Rendering layout layouts/application.html.erb
  Rendering journee_observations/index.html.erb within layouts/application
  [1m[36mJourneeObservation Exists? (0.2ms)[0m  [1m[34mSELECT 1 AS one FROM "journee_observations" LIMIT ?[0m  [["LIMIT", 1]]
  ↳ app/views/journee_observations/index.html.erb:34
  [1m[36mJourneeObservation Load (0.1ms)[0m  [1m[34mSELECT "journee_observations".* FROM "journee_observations" ORDER BY "journee_observations"."date_observation" DESC[0m
  ↳ app/views/journee_observations/index.html.erb:41
  [1m[36mEntree Count (0.2ms)[0m  [1m[34mSELECT COUNT(*) FROM "entrees" WHERE "entrees"."journee_observation_id" = ?[0m  [["journee_observation_id", 8]]
  ↳ app/views/journee_observations/index.html.erb:66
  [1m[36mEntree Count (0.1ms)[0m  [1m[34mSELECT COUNT(*) FROM "entrees" WHERE "entrees"."journee_observation_id" = ?[0m  [["journee_observation_id", 7]]
  ↳ app/views/journee_observations/index.html.erb:66
  Rendered journee_observations/index.html.erb within layouts/application (Duration: 11.8ms | Allocations: 2390)
  Rendered layout layouts/application.html.erb (Duration: 16.7ms | Allocations: 4480)
Completed 200 OK in 20ms (Views: 16.7ms | ActiveRecord: 0.8ms | Allocations: 5157)


Started GET "/resultats" for ::1 at 2026-03-23 11:47:21 +0100
Processing by ResultatsController#index as HTML
  [1m[36mJourneeObservation Pluck (0.2ms)[0m  [1m[34mSELECT "journee_observations"."date_observation" FROM "journee_observations" ORDER BY "journee_observations"."date_observation" DESC[0m
  ↳ app/controllers/resultats_controller.rb:3:in `index'
  Rendering layout layouts/application.html.erb
  Rendering resultats/index.html.erb within layouts/application
  Rendered resultats/index.html.erb within layouts/application (Duration: 0.5ms | Allocations: 196)
  Rendered layout layouts/application.html.erb (Duration: 5.4ms | Allocations: 2270)
Completed 200 OK in 8ms (Views: 6.2ms | ActiveRecord: 0.2ms | Allocations: 2937)


Started GET "/resultats?dates%5B%5D=2026-03-23&commit=Afficher+les+resultats" for ::1 at 2026-03-23 11:47:26 +0100
Processing by ResultatsController#index as HTML
  Parameters: {"dates"=>["2026-03-23"], "commit"=>"Afficher les resultats"}
  [1m[36mJourneeObservation Pluck (0.1ms)[0m  [1m[34mSELECT "journee_observations"."date_observation" FROM "journee_observations" ORDER BY "journee_observations"."date_observation" DESC[0m
  ↳ app/controllers/resultats_controller.rb:3:in `index'
  [1m[36mJourneeObservation Load (0.2ms)[0m  [1m[34mSELECT "journee_observations".* FROM "journee_observations" WHERE "journee_observations"."date_observation" = ? ORDER BY "journee_observations"."date_observation" DESC[0m  [["date_observation", "2026-03-23"]]
  ↳ app/controllers/resultats_controller.rb:11:in `index'
  [1m[36mEntree Load (0.2ms)[0m  [1m[34mSELECT "entrees".* FROM "entrees" WHERE "entrees"."journee_observation_id" = ?[0m  [["journee_observation_id", 8]]
  ↳ app/controllers/resultats_controller.rb:11:in `index'
  [1m[36mEntree Sum (0.1ms)[0m  [1m[34mSELECT SUM("entrees"."volume_boisson") FROM "entrees" WHERE "entrees"."journee_observation_id" = ?[0m  [["journee_observation_id", 8]]
  ↳ app/models/journee_observation.rb:9:in `total_boissons'
  [1m[36mEntree Sum (0.0ms)[0m  [1m[34mSELECT SUM("entrees"."volume_urine") FROM "entrees" WHERE "entrees"."journee_observation_id" = ?[0m  [["journee_observation_id", 8]]
  ↳ app/models/journee_observation.rb:13:in `total_urine'
  Rendering layout layouts/application.html.erb
  Rendering resultats/index.html.erb within layouts/application
  [1m[36mEntree Load (0.1ms)[0m  [1m[34mSELECT "entrees".* FROM "entrees" WHERE "entrees"."journee_observation_id" = ? ORDER BY "entrees"."heure" ASC[0m  [["journee_observation_id", 8]]
  ↳ app/views/resultats/index.html.erb:73
  [1m[36mCACHE Entree Sum (0.0ms)[0m  [1m[34mSELECT SUM("entrees"."volume_boisson") FROM "entrees" WHERE "entrees"."journee_observation_id" = ?[0m  [["journee_observation_id", 8]]
  ↳ app/models/journee_observation.rb:9:in `total_boissons'
  [1m[36mCACHE Entree Sum (0.0ms)[0m  [1m[34mSELECT SUM("entrees"."volume_urine") FROM "entrees" WHERE "entrees"."journee_observation_id" = ?[0m  [["journee_observation_id", 8]]
  ↳ app/models/journee_observation.rb:13:in `total_urine'
  Rendered resultats/index.html.erb within layouts/application (Duration: 2.7ms | Allocations: 1916)
  Rendered layout layouts/application.html.erb (Duration: 6.2ms | Allocations: 3957)
Completed 200 OK in 14ms (Views: 6.7ms | ActiveRecord: 0.7ms | Allocations: 7064)


Started GET "/resultats/pdf?dates%5B%5D=2026-03-23" for ::1 at 2026-03-23 11:47:29 +0100
Processing by ResultatsController#pdf as HTML
  Parameters: {"dates"=>["2026-03-23"]}
  [1m[36mJourneeObservation Load (0.2ms)[0m  [1m[34mSELECT "journee_observations".* FROM "journee_observations" WHERE "journee_observations"."date_observation" = ? ORDER BY "journee_observations"."date_observation" DESC[0m  [["date_observation", "2026-03-23"]]
  ↳ app/controllers/resultats_controller.rb:30:in `pdf'
  [1m[36mEntree Load (0.0ms)[0m  [1m[34mSELECT "entrees".* FROM "entrees" WHERE "entrees"."journee_observation_id" = ?[0m  [["journee_observation_id", 8]]
  ↳ app/controllers/resultats_controller.rb:30:in `pdf'
  [1m[36mEntree Load (0.0ms)[0m  [1m[34mSELECT "entrees".* FROM "entrees" WHERE "entrees"."journee_observation_id" = ? ORDER BY "entrees"."heure" ASC[0m  [["journee_observation_id", 8]]
  ↳ app/controllers/resultats_controller.rb:37:in `block in pdf'
  [1m[36mEntree Sum (0.0ms)[0m  [1m[34mSELECT SUM("entrees"."volume_boisson") FROM "entrees" WHERE "entrees"."journee_observation_id" = ?[0m  [["journee_observation_id", 8]]
  ↳ app/models/journee_observation.rb:9:in `total_boissons'
  [1m[36mEntree Sum (0.0ms)[0m  [1m[34mSELECT SUM("entrees"."volume_urine") FROM "entrees" WHERE "entrees"."journee_observation_id" = ?[0m  [["journee_observation_id", 8]]
  ↳ app/models/journee_observation.rb:13:in `total_urine'
  Rendering text template
  Rendered text template (Duration: 0.0ms | Allocations: 3)
Sent data calendrier_mictionnel_20260323.pdf (4.6ms)
Completed 200 OK in 120ms (Views: 4.4ms | ActiveRecord: 0.3ms | Allocations: 245723)


Started GET "/resultats?dates%5B%5D=2026-03-22&commit=Afficher+les+resultats" for ::1 at 2026-03-23 11:47:49 +0100
Processing by ResultatsController#index as HTML
  Parameters: {"dates"=>["2026-03-22"], "commit"=>"Afficher les resultats"}
  [1m[36mJourneeObservation Pluck (0.2ms)[0m  [1m[34mSELECT "journee_observations"."date_observation" FROM "journee_observations" ORDER BY "journee_observations"."date_observation" DESC[0m
  ↳ app/controllers/resultats_controller.rb:3:in `index'
  [1m[36mJourneeObservation Load (0.1ms)[0m  [1m[34mSELECT "journee_observations".* FROM "journee_observations" WHERE "journee_observations"."date_observation" = ? ORDER BY "journee_observations"."date_observation" DESC[0m  [["date_observation", "2026-03-22"]]
  ↳ app/controllers/resultats_controller.rb:11:in `index'
  [1m[36mEntree Load (0.1ms)[0m  [1m[34mSELECT "entrees".* FROM "entrees" WHERE "entrees"."journee_observation_id" = ?[0m  [["journee_observation_id", 7]]
  ↳ app/controllers/resultats_controller.rb:11:in `index'
  [1m[36mEntree Sum (0.1ms)[0m  [1m[34mSELECT SUM("entrees"."volume_boisson") FROM "entrees" WHERE "entrees"."journee_observation_id" = ?[0m  [["journee_observation_id", 7]]
  ↳ app/models/journee_observation.rb:9:in `total_boissons'
  [1m[36mEntree Sum (0.0ms)[0m  [1m[34mSELECT SUM("entrees"."volume_urine") FROM "entrees" WHERE "entrees"."journee_observation_id" = ?[0m  [["journee_observation_id", 7]]
  ↳ app/models/journee_observation.rb:13:in `total_urine'
  Rendering layout layouts/application.html.erb
  Rendering resultats/index.html.erb within layouts/application
  [1m[36mEntree Load (0.1ms)[0m  [1m[34mSELECT "entrees".* FROM "entrees" WHERE "entrees"."journee_observation_id" = ? ORDER BY "entrees"."heure" ASC[0m  [["journee_observation_id", 7]]
  ↳ app/views/resultats/index.html.erb:73
  [1m[36mCACHE Entree Sum (0.0ms)[0m  [1m[34mSELECT SUM("entrees"."volume_boisson") FROM "entrees" WHERE "entrees"."journee_observation_id" = ?[0m  [["journee_observation_id", 7]]
  ↳ app/models/journee_observation.rb:9:in `total_boissons'
  [1m[36mCACHE Entree Sum (0.0ms)[0m  [1m[34mSELECT SUM("entrees"."volume_urine") FROM "entrees" WHERE "entrees"."journee_observation_id" = ?[0m  [["journee_observation_id", 7]]
  ↳ app/models/journee_observation.rb:13:in `total_urine'
  Rendered resultats/index.html.erb within layouts/application (Duration: 4.0ms | Allocations: 2635)
  Rendered layout layouts/application.html.erb (Duration: 7.3ms | Allocations: 4706)
Completed 200 OK in 16ms (Views: 7.8ms | ActiveRecord: 0.6ms | Allocations: 8046)


Started GET "/resultats?dates%5B%5D=2026-03-22&commit=Afficher+les+resultats" for ::1 at 2026-03-23 11:47:53 +0100
Processing by ResultatsController#index as HTML
  Parameters: {"dates"=>["2026-03-22"], "commit"=>"Afficher les resultats"}
  [1m[36mJourneeObservation Pluck (0.2ms)[0m  [1m[34mSELECT "journee_observations"."date_observation" FROM "journee_observations" ORDER BY "journee_observations"."date_observation" DESC[0m
  ↳ app/controllers/resultats_controller.rb:3:in `index'
  [1m[36mJourneeObservation Load (0.1ms)[0m  [1m[34mSELECT "journee_observations".* FROM "journee_observations" WHERE "journee_observations"."date_observation" = ? ORDER BY "journee_observations"."date_observation" DESC[0m  [["date_observation", "2026-03-22"]]
  ↳ app/controllers/resultats_controller.rb:11:in `index'
  [1m[36mEntree Load (0.1ms)[0m  [1m[34mSELECT "entrees".* FROM "entrees" WHERE "entrees"."journee_observation_id" = ?[0m  [["journee_observation_id", 7]]
  ↳ app/controllers/resultats_controller.rb:11:in `index'
  [1m[36mEntree Sum (0.1ms)[0m  [1m[34mSELECT SUM("entrees"."volume_boisson") FROM "entrees" WHERE "entrees"."journee_observation_id" = ?[0m  [["journee_observation_id", 7]]
  ↳ app/models/journee_observation.rb:9:in `total_boissons'
  [1m[36mEntree Sum (0.1ms)[0m  [1m[34mSELECT SUM("entrees"."volume_urine") FROM "entrees" WHERE "entrees"."journee_observation_id" = ?[0m  [["journee_observation_id", 7]]
  ↳ app/models/journee_observation.rb:13:in `total_urine'
  Rendering layout layouts/application.html.erb
  Rendering resultats/index.html.erb within layouts/application
  [1m[36mEntree Load (0.1ms)[0m  [1m[34mSELECT "entrees".* FROM "entrees" WHERE "entrees"."journee_observation_id" = ? ORDER BY "entrees"."heure" ASC[0m  [["journee_observation_id", 7]]
  ↳ app/views/resultats/index.html.erb:73
  [1m[36mCACHE Entree Sum (0.0ms)[0m  [1m[34mSELECT SUM("entrees"."volume_boisson") FROM "entrees" WHERE "entrees"."journee_observation_id" = ?[0m  [["journee_observation_id", 7]]
  ↳ app/models/journee_observation.rb:9:in `total_boissons'
  [1m[36mCACHE Entree Sum (0.0ms)[0m  [1m[34mSELECT SUM("entrees"."volume_urine") FROM "entrees" WHERE "entrees"."journee_observation_id" = ?[0m  [["journee_observation_id", 7]]
  ↳ app/models/journee_observation.rb:13:in `total_urine'
  Rendered resultats/index.html.erb within layouts/application (Duration: 3.6ms | Allocations: 2635)
  Rendered layout layouts/application.html.erb (Duration: 6.8ms | Allocations: 4670)
Completed 200 OK in 15ms (Views: 7.2ms | ActiveRecord: 0.5ms | Allocations: 8006)


Started GET "/resultats/pdf?dates%5B%5D=2026-03-22" for ::1 at 2026-03-23 11:47:56 +0100
Processing by ResultatsController#pdf as HTML
  Parameters: {"dates"=>["2026-03-22"]}
  [1m[36mJourneeObservation Load (0.1ms)[0m  [1m[34mSELECT "journee_observations".* FROM "journee_observations" WHERE "journee_observations"."date_observation" = ? ORDER BY "journee_observations"."date_observation" DESC[0m  [["date_observation", "2026-03-22"]]
  ↳ app/controllers/resultats_controller.rb:30:in `pdf'
  [1m[36mEntree Load (0.1ms)[0m  [1m[34mSELECT "entrees".* FROM "entrees" WHERE "entrees"."journee_observation_id" = ?[0m  [["journee_observation_id", 7]]
  ↳ app/controllers/resultats_controller.rb:30:in `pdf'
  [1m[36mEntree Load (0.1ms)[0m  [1m[34mSELECT "entrees".* FROM "entrees" WHERE "entrees"."journee_observation_id" = ? ORDER BY "entrees"."heure" ASC[0m  [["journee_observation_id", 7]]
  ↳ app/controllers/resultats_controller.rb:37:in `block in pdf'
  [1m[36mEntree Sum (0.1ms)[0m  [1m[34mSELECT SUM("entrees"."volume_boisson") FROM "entrees" WHERE "entrees"."journee_observation_id" = ?[0m  [["journee_observation_id", 7]]
  ↳ app/models/journee_observation.rb:9:in `total_boissons'
  [1m[36mEntree Sum (0.0ms)[0m  [1m[34mSELECT SUM("entrees"."volume_urine") FROM "entrees" WHERE "entrees"."journee_observation_id" = ?[0m  [["journee_observation_id", 7]]
  ↳ app/models/journee_observation.rb:13:in `total_urine'
  Rendering text template
  Rendered text template (Duration: 0.0ms | Allocations: 1)
Sent data calendrier_mictionnel_20260323.pdf (0.3ms)
Completed 200 OK in 83ms (Views: 0.2ms | ActiveRecord: 0.3ms | Allocations: 455554)


Started GET "/" for ::1 at 2026-03-23 11:54:46 +0100
Processing by JourneeObservationsController#index as HTML
  [1m[36mJourneeObservation Load (1.9ms)[0m  [1m[34mSELECT "journee_observations".* FROM "journee_observations" WHERE "journee_observations"."date_observation" = ? LIMIT ?[0m  [["date_observation", "2026-03-23"], ["LIMIT", 1]]
  ↳ app/controllers/journee_observations_controller.rb:6:in `index'
  Rendering layout layouts/application.html.erb
  Rendering journee_observations/index.html.erb within layouts/application
  [1m[36mJourneeObservation Exists? (0.4ms)[0m  [1m[34mSELECT 1 AS one FROM "journee_observations" LIMIT ?[0m  [["LIMIT", 1]]
  ↳ app/views/journee_observations/index.html.erb:34
  [1m[36mJourneeObservation Load (0.1ms)[0m  [1m[34mSELECT "journee_observations".* FROM "journee_observations" ORDER BY "journee_observations"."date_observation" DESC[0m
  ↳ app/views/journee_observations/index.html.erb:41
  [1m[36mEntree Count (0.5ms)[0m  [1m[34mSELECT COUNT(*) FROM "entrees" WHERE "entrees"."journee_observation_id" = ?[0m  [["journee_observation_id", 8]]
  ↳ app/views/journee_observations/index.html.erb:66
  [1m[36mEntree Count (0.2ms)[0m  [1m[34mSELECT COUNT(*) FROM "entrees" WHERE "entrees"."journee_observation_id" = ?[0m  [["journee_observation_id", 7]]
  ↳ app/views/journee_observations/index.html.erb:66
  Rendered journee_observations/index.html.erb within layouts/application (Duration: 9.0ms | Allocations: 2412)
  Rendered layout layouts/application.html.erb (Duration: 13.0ms | Allocations: 4499)
Completed 200 OK in 18ms (Views: 12.5ms | ActiveRecord: 4.1ms | Allocations: 5433)


Started GET "/journee_observations/8" for ::1 at 2026-03-23 11:54:47 +0100
Processing by JourneeObservationsController#show as HTML
  Parameters: {"id"=>"8"}
  [1m[36mJourneeObservation Load (0.3ms)[0m  [1m[34mSELECT "journee_observations".* FROM "journee_observations" WHERE "journee_observations"."id" = ? LIMIT ?[0m  [["id", 8], ["LIMIT", 1]]
  ↳ app/controllers/journee_observations_controller.rb:45:in `set_journee_observation'
  Rendering layout layouts/application.html.erb
  Rendering journee_observations/show.html.erb within layouts/application
  [1m[36mEntree Load (0.2ms)[0m  [1m[34mSELECT "entrees".* FROM "entrees" WHERE "entrees"."journee_observation_id" = ? ORDER BY "entrees"."heure" ASC[0m  [["journee_observation_id", 8]]
  ↳ app/views/journee_observations/show.html.erb:57
  [1m[36mEntree Sum (0.1ms)[0m  [1m[34mSELECT SUM("entrees"."volume_boisson") FROM "entrees" WHERE "entrees"."journee_observation_id" = ?[0m  [["journee_observation_id", 8]]
  ↳ app/models/journee_observation.rb:9:in `total_boissons'
  [1m[36mEntree Sum (0.1ms)[0m  [1m[34mSELECT SUM("entrees"."volume_urine") FROM "entrees" WHERE "entrees"."journee_observation_id" = ?[0m  [["journee_observation_id", 8]]
  ↳ app/models/journee_observation.rb:13:in `total_urine'
  Rendered entrees/_form.html.erb (Duration: 1.9ms | Allocations: 989)
  Rendered journee_observations/show.html.erb within layouts/application (Duration: 6.8ms | Allocations: 3470)
  Rendered layout layouts/application.html.erb (Duration: 9.6ms | Allocations: 5294)
Completed 200 OK in 13ms (Views: 9.7ms | ActiveRecord: 0.7ms | Allocations: 6135)


Started GET "/journee_observations/8" for ::1 at 2026-03-23 11:54:50 +0100
Processing by JourneeObservationsController#show as HTML
  Parameters: {"id"=>"8"}
  [1m[36mJourneeObservation Load (0.3ms)[0m  [1m[34mSELECT "journee_observations".* FROM "journee_observations" WHERE "journee_observations"."id" = ? LIMIT ?[0m  [["id", 8], ["LIMIT", 1]]
  ↳ app/controllers/journee_observations_controller.rb:45:in `set_journee_observation'
  Rendering layout layouts/application.html.erb
  Rendering journee_observations/show.html.erb within layouts/application
  [1m[36mEntree Load (0.2ms)[0m  [1m[34mSELECT "entrees".* FROM "entrees" WHERE "entrees"."journee_observation_id" = ? ORDER BY "entrees"."heure" ASC[0m  [["journee_observation_id", 8]]
  ↳ app/views/journee_observations/show.html.erb:57
  [1m[36mEntree Sum (0.1ms)[0m  [1m[34mSELECT SUM("entrees"."volume_boisson") FROM "entrees" WHERE "entrees"."journee_observation_id" = ?[0m  [["journee_observation_id", 8]]
  ↳ app/models/journee_observation.rb:9:in `total_boissons'
  [1m[36mEntree Sum (0.0ms)[0m  [1m[34mSELECT SUM("entrees"."volume_urine") FROM "entrees" WHERE "entrees"."journee_observation_id" = ?[0m  [["journee_observation_id", 8]]
  ↳ app/models/journee_observation.rb:13:in `total_urine'
  Rendered entrees/_form.html.erb (Duration: 1.9ms | Allocations: 1010)
  Rendered journee_observations/show.html.erb within layouts/application (Duration: 6.4ms | Allocations: 3449)
  Rendered layout layouts/application.html.erb (Duration: 9.1ms | Allocations: 5273)
Completed 200 OK in 13ms (Views: 9.9ms | ActiveRecord: 0.5ms | Allocations: 6086)


Started POST "/journee_observations/8/entrees" for ::1 at 2026-03-23 11:59:22 +0100
Processing by EntreesController#create as TURBO_STREAM
  Parameters: {"authenticity_token"=>"[FILTERED]", "entree"=>{"heure"=>"11:59", "volume_boisson"=>"", "volume_urine"=>"220", "urgenturies"=>"", "fuites"=>"", "commentaires"=>""}, "commit"=>"Ajouter", "journee_observation_id"=>"8"}
  [1m[36mJourneeObservation Load (0.2ms)[0m  [1m[34mSELECT "journee_observations".* FROM "journee_observations" WHERE "journee_observations"."id" = ? LIMIT ?[0m  [["id", 8], ["LIMIT", 1]]
  ↳ app/controllers/entrees_controller.rb:37:in `set_journee_observation'
  [1m[36mTRANSACTION (0.1ms)[0m  [1m[36mbegin transaction[0m
  ↳ app/controllers/entrees_controller.rb:11:in `create'
  [1m[36mEntree Create (1.1ms)[0m  [1m[32mINSERT INTO "entrees" ("journee_observation_id", "heure", "volume_boisson", "volume_urine", "urgenturies", "fuites", "commentaires", "created_at", "updated_at") VALUES (?, ?, ?, ?, ?, ?, ?, ?, ?) RETURNING "id"[0m  [["journee_observation_id", 8], ["heure", "2000-01-01 11:59:00"], ["volume_boisson", nil], ["volume_urine", 220], ["urgenturies", ""], ["fuites", ""], ["commentaires", ""], ["created_at", "2026-03-23 10:59:22.517456"], ["updated_at", "2026-03-23 10:59:22.517456"]]
  ↳ app/controllers/entrees_controller.rb:11:in `create'
  [1m[36mTRANSACTION (0.7ms)[0m  [1m[36mcommit transaction[0m
  ↳ app/controllers/entrees_controller.rb:11:in `create'
Redirected to http://localhost:3000/journee_observations/8
Completed 302 Found in 9ms (ActiveRecord: 2.1ms | Allocations: 2662)


Started GET "/journee_observations/8" for ::1 at 2026-03-23 11:59:22 +0100
Processing by JourneeObservationsController#show as TURBO_STREAM
  Parameters: {"id"=>"8"}
  [1m[36mJourneeObservation Load (0.2ms)[0m  [1m[34mSELECT "journee_observations".* FROM "journee_observations" WHERE "journee_observations"."id" = ? LIMIT ?[0m  [["id", 8], ["LIMIT", 1]]
  ↳ app/controllers/journee_observations_controller.rb:45:in `set_journee_observation'
  Rendering layout layouts/application.html.erb
  Rendering journee_observations/show.html.erb within layouts/application
  [1m[36mEntree Load (0.1ms)[0m  [1m[34mSELECT "entrees".* FROM "entrees" WHERE "entrees"."journee_observation_id" = ? ORDER BY "entrees"."heure" ASC[0m  [["journee_observation_id", 8]]
  ↳ app/views/journee_observations/show.html.erb:57
  [1m[36mEntree Sum (0.1ms)[0m  [1m[34mSELECT SUM("entrees"."volume_boisson") FROM "entrees" WHERE "entrees"."journee_observation_id" = ?[0m  [["journee_observation_id", 8]]
  ↳ app/models/journee_observation.rb:9:in `total_boissons'
  [1m[36mEntree Sum (0.0ms)[0m  [1m[34mSELECT SUM("entrees"."volume_urine") FROM "entrees" WHERE "entrees"."journee_observation_id" = ?[0m  [["journee_observation_id", 8]]
  ↳ app/models/journee_observation.rb:13:in `total_urine'
  Rendered entrees/_form.html.erb (Duration: 1.6ms | Allocations: 1026)
  Rendered journee_observations/show.html.erb within layouts/application (Duration: 5.8ms | Allocations: 3604)
  Rendered layout layouts/application.html.erb (Duration: 8.4ms | Allocations: 5432)
Completed 200 OK in 11ms (Views: 8.7ms | ActiveRecord: 0.4ms | Allocations: 6248)


Started POST "/journee_observations/8/entrees" for ::1 at 2026-03-23 11:59:38 +0100
Processing by EntreesController#create as TURBO_STREAM
  Parameters: {"authenticity_token"=>"[FILTERED]", "entree"=>{"heure"=>"11:58", "volume_boisson"=>"300", "volume_urine"=>"", "urgenturies"=>"", "fuites"=>"", "commentaires"=>""}, "commit"=>"Ajouter", "journee_observation_id"=>"8"}
  [1m[36mJourneeObservation Load (0.2ms)[0m  [1m[34mSELECT "journee_observations".* FROM "journee_observations" WHERE "journee_observations"."id" = ? LIMIT ?[0m  [["id", 8], ["LIMIT", 1]]
  ↳ app/controllers/entrees_controller.rb:37:in `set_journee_observation'
  [1m[36mTRANSACTION (0.1ms)[0m  [1m[36mbegin transaction[0m
  ↳ app/controllers/entrees_controller.rb:11:in `create'
  [1m[36mEntree Create (1.2ms)[0m  [1m[32mINSERT INTO "entrees" ("journee_observation_id", "heure", "volume_boisson", "volume_urine", "urgenturies", "fuites", "commentaires", "created_at", "updated_at") VALUES (?, ?, ?, ?, ?, ?, ?, ?, ?) RETURNING "id"[0m  [["journee_observation_id", 8], ["heure", "2000-01-01 11:58:00"], ["volume_boisson", 300], ["volume_urine", nil], ["urgenturies", ""], ["fuites", ""], ["commentaires", ""], ["created_at", "2026-03-23 10:59:38.781600"], ["updated_at", "2026-03-23 10:59:38.781600"]]
  ↳ app/controllers/entrees_controller.rb:11:in `create'
  [1m[36mTRANSACTION (0.1ms)[0m  [1m[36mcommit transaction[0m
  ↳ app/controllers/entrees_controller.rb:11:in `create'
Redirected to http://localhost:3000/journee_observations/8
Completed 302 Found in 8ms (ActiveRecord: 1.6ms | Allocations: 2662)


Started GET "/journee_observations/8" for ::1 at 2026-03-23 11:59:38 +0100
Processing by JourneeObservationsController#show as TURBO_STREAM
  Parameters: {"id"=>"8"}
  [1m[36mJourneeObservation Load (0.2ms)[0m  [1m[34mSELECT "journee_observations".* FROM "journee_observations" WHERE "journee_observations"."id" = ? LIMIT ?[0m  [["id", 8], ["LIMIT", 1]]
  ↳ app/controllers/journee_observations_controller.rb:45:in `set_journee_observation'
  Rendering layout layouts/application.html.erb
  Rendering journee_observations/show.html.erb within layouts/application
  [1m[36mEntree Load (0.1ms)[0m  [1m[34mSELECT "entrees".* FROM "entrees" WHERE "entrees"."journee_observation_id" = ? ORDER BY "entrees"."heure" ASC[0m  [["journee_observation_id", 8]]
  ↳ app/views/journee_observations/show.html.erb:57
  [1m[36mEntree Sum (0.1ms)[0m  [1m[34mSELECT SUM("entrees"."volume_boisson") FROM "entrees" WHERE "entrees"."journee_observation_id" = ?[0m  [["journee_observation_id", 8]]
  ↳ app/models/journee_observation.rb:9:in `total_boissons'
  [1m[36mEntree Sum (0.1ms)[0m  [1m[34mSELECT SUM("entrees"."volume_urine") FROM "entrees" WHERE "entrees"."journee_observation_id" = ?[0m  [["journee_observation_id", 8]]
  ↳ app/models/journee_observation.rb:13:in `total_urine'
  Rendered entrees/_form.html.erb (Duration: 1.6ms | Allocations: 1026)
  Rendered journee_observations/show.html.erb within layouts/application (Duration: 6.1ms | Allocations: 3743)
  Rendered layout layouts/application.html.erb (Duration: 8.0ms | Allocations: 5571)
Completed 200 OK in 11ms (Views: 8.3ms | ActiveRecord: 0.4ms | Allocations: 6387)


Started POST "/journee_observations/8/entrees" for ::1 at 2026-03-23 12:34:24 +0100
Processing by EntreesController#create as TURBO_STREAM
  Parameters: {"authenticity_token"=>"[FILTERED]", "entree"=>{"heure"=>"12:34", "volume_boisson"=>"", "volume_urine"=>"200", "urgenturies"=>"", "fuites"=>"", "commentaires"=>""}, "commit"=>"Ajouter", "journee_observation_id"=>"8"}
  [1m[36mJourneeObservation Load (2.3ms)[0m  [1m[34mSELECT "journee_observations".* FROM "journee_observations" WHERE "journee_observations"."id" = ? LIMIT ?[0m  [["id", 8], ["LIMIT", 1]]
  ↳ app/controllers/entrees_controller.rb:37:in `set_journee_observation'
  [1m[36mTRANSACTION (0.1ms)[0m  [1m[36mbegin transaction[0m
  ↳ app/controllers/entrees_controller.rb:11:in `create'
  [1m[36mEntree Create (1.1ms)[0m  [1m[32mINSERT INTO "entrees" ("journee_observation_id", "heure", "volume_boisson", "volume_urine", "urgenturies", "fuites", "commentaires", "created_at", "updated_at") VALUES (?, ?, ?, ?, ?, ?, ?, ?, ?) RETURNING "id"[0m  [["journee_observation_id", 8], ["heure", "2000-01-01 12:34:00"], ["volume_boisson", nil], ["volume_urine", 200], ["urgenturies", ""], ["fuites", ""], ["commentaires", ""], ["created_at", "2026-03-23 11:34:24.157985"], ["updated_at", "2026-03-23 11:34:24.157985"]]
  ↳ app/controllers/entrees_controller.rb:11:in `create'
  [1m[36mTRANSACTION (0.6ms)[0m  [1m[36mcommit transaction[0m
  ↳ app/controllers/entrees_controller.rb:11:in `create'
Redirected to http://localhost:3000/journee_observations/8
Completed 302 Found in 11ms (ActiveRecord: 5.0ms | Allocations: 2923)


Started GET "/journee_observations/8" for ::1 at 2026-03-23 12:34:24 +0100
Processing by JourneeObservationsController#show as TURBO_STREAM
  Parameters: {"id"=>"8"}
  [1m[36mJourneeObservation Load (0.2ms)[0m  [1m[34mSELECT "journee_observations".* FROM "journee_observations" WHERE "journee_observations"."id" = ? LIMIT ?[0m  [["id", 8], ["LIMIT", 1]]
  ↳ app/controllers/journee_observations_controller.rb:45:in `set_journee_observation'
  Rendering layout layouts/application.html.erb
  Rendering journee_observations/show.html.erb within layouts/application
  [1m[36mEntree Load (0.2ms)[0m  [1m[34mSELECT "entrees".* FROM "entrees" WHERE "entrees"."journee_observation_id" = ? ORDER BY "entrees"."heure" ASC[0m  [["journee_observation_id", 8]]
  ↳ app/views/journee_observations/show.html.erb:57
  [1m[36mEntree Sum (0.1ms)[0m  [1m[34mSELECT SUM("entrees"."volume_boisson") FROM "entrees" WHERE "entrees"."journee_observation_id" = ?[0m  [["journee_observation_id", 8]]
  ↳ app/models/journee_observation.rb:9:in `total_boissons'
  [1m[36mEntree Sum (0.1ms)[0m  [1m[34mSELECT SUM("entrees"."volume_urine") FROM "entrees" WHERE "entrees"."journee_observation_id" = ?[0m  [["journee_observation_id", 8]]
  ↳ app/models/journee_observation.rb:13:in `total_urine'
  Rendered entrees/_form.html.erb (Duration: 1.3ms | Allocations: 1014)
  Rendered journee_observations/show.html.erb within layouts/application (Duration: 6.1ms | Allocations: 3912)
  Rendered layout layouts/application.html.erb (Duration: 8.7ms | Allocations: 5740)
Completed 200 OK in 12ms (Views: 8.9ms | ActiveRecord: 0.5ms | Allocations: 6556)


Started POST "/journee_observations/8/entrees" for ::1 at 2026-03-23 12:38:30 +0100
Processing by EntreesController#create as TURBO_STREAM
  Parameters: {"authenticity_token"=>"[FILTERED]", "entree"=>{"heure"=>"12:38", "volume_boisson"=>"300", "volume_urine"=>"", "urgenturies"=>"", "fuites"=>"", "commentaires"=>""}, "commit"=>"Ajouter", "journee_observation_id"=>"8"}
  [1m[36mJourneeObservation Load (0.2ms)[0m  [1m[34mSELECT "journee_observations".* FROM "journee_observations" WHERE "journee_observations"."id" = ? LIMIT ?[0m  [["id", 8], ["LIMIT", 1]]
  ↳ app/controllers/entrees_controller.rb:37:in `set_journee_observation'
  [1m[36mTRANSACTION (0.1ms)[0m  [1m[36mbegin transaction[0m
  ↳ app/controllers/entrees_controller.rb:11:in `create'
  [1m[36mEntree Create (1.0ms)[0m  [1m[32mINSERT INTO "entrees" ("journee_observation_id", "heure", "volume_boisson", "volume_urine", "urgenturies", "fuites", "commentaires", "created_at", "updated_at") VALUES (?, ?, ?, ?, ?, ?, ?, ?, ?) RETURNING "id"[0m  [["journee_observation_id", 8], ["heure", "2000-01-01 12:38:00"], ["volume_boisson", 300], ["volume_urine", nil], ["urgenturies", ""], ["fuites", ""], ["commentaires", ""], ["created_at", "2026-03-23 11:38:30.402250"], ["updated_at", "2026-03-23 11:38:30.402250"]]
  ↳ app/controllers/entrees_controller.rb:11:in `create'
  [1m[36mTRANSACTION (0.2ms)[0m  [1m[36mcommit transaction[0m
  ↳ app/controllers/entrees_controller.rb:11:in `create'
Redirected to http://localhost:3000/journee_observations/8
Completed 302 Found in 7ms (ActiveRecord: 1.5ms | Allocations: 2680)


Started GET "/journee_observations/8" for ::1 at 2026-03-23 12:38:30 +0100
Processing by JourneeObservationsController#show as TURBO_STREAM
  Parameters: {"id"=>"8"}
  [1m[36mJourneeObservation Load (0.2ms)[0m  [1m[34mSELECT "journee_observations".* FROM "journee_observations" WHERE "journee_observations"."id" = ? LIMIT ?[0m  [["id", 8], ["LIMIT", 1]]
  ↳ app/controllers/journee_observations_controller.rb:45:in `set_journee_observation'
  Rendering layout layouts/application.html.erb
  Rendering journee_observations/show.html.erb within layouts/application
  [1m[36mEntree Load (0.1ms)[0m  [1m[34mSELECT "entrees".* FROM "entrees" WHERE "entrees"."journee_observation_id" = ? ORDER BY "entrees"."heure" ASC[0m  [["journee_observation_id", 8]]
  ↳ app/views/journee_observations/show.html.erb:57
  [1m[36mEntree Sum (0.0ms)[0m  [1m[34mSELECT SUM("entrees"."volume_boisson") FROM "entrees" WHERE "entrees"."journee_observation_id" = ?[0m  [["journee_observation_id", 8]]
  ↳ app/models/journee_observation.rb:9:in `total_boissons'
  [1m[36mEntree Sum (0.0ms)[0m  [1m[34mSELECT SUM("entrees"."volume_urine") FROM "entrees" WHERE "entrees"."journee_observation_id" = ?[0m  [["journee_observation_id", 8]]
  ↳ app/models/journee_observation.rb:13:in `total_urine'
  Rendered entrees/_form.html.erb (Duration: 1.3ms | Allocations: 1017)
  Rendered journee_observations/show.html.erb within layouts/application (Duration: 5.1ms | Allocations: 4012)
  Rendered layout layouts/application.html.erb (Duration: 7.0ms | Allocations: 5840)
Completed 200 OK in 10ms (Views: 7.3ms | ActiveRecord: 0.3ms | Allocations: 6656)


Started POST "/journee_observations/8/entrees" for ::1 at 2026-03-23 13:37:01 +0100
Processing by EntreesController#create as TURBO_STREAM
  Parameters: {"authenticity_token"=>"[FILTERED]", "entree"=>{"heure"=>"13:10", "volume_boisson"=>"", "volume_urine"=>"245", "urgenturies"=>"", "fuites"=>"", "commentaires"=>""}, "commit"=>"Ajouter", "journee_observation_id"=>"8"}
  [1m[36mJourneeObservation Load (2.7ms)[0m  [1m[34mSELECT "journee_observations".* FROM "journee_observations" WHERE "journee_observations"."id" = ? LIMIT ?[0m  [["id", 8], ["LIMIT", 1]]
  ↳ app/controllers/entrees_controller.rb:37:in `set_journee_observation'
  [1m[36mTRANSACTION (0.1ms)[0m  [1m[36mbegin transaction[0m
  ↳ app/controllers/entrees_controller.rb:11:in `create'
  [1m[36mEntree Create (1.1ms)[0m  [1m[32mINSERT INTO "entrees" ("journee_observation_id", "heure", "volume_boisson", "volume_urine", "urgenturies", "fuites", "commentaires", "created_at", "updated_at") VALUES (?, ?, ?, ?, ?, ?, ?, ?, ?) RETURNING "id"[0m  [["journee_observation_id", 8], ["heure", "2000-01-01 13:10:00"], ["volume_boisson", nil], ["volume_urine", 245], ["urgenturies", ""], ["fuites", ""], ["commentaires", ""], ["created_at", "2026-03-23 12:37:02.025384"], ["updated_at", "2026-03-23 12:37:02.025384"]]
  ↳ app/controllers/entrees_controller.rb:11:in `create'
  [1m[36mTRANSACTION (0.7ms)[0m  [1m[36mcommit transaction[0m
  ↳ app/controllers/entrees_controller.rb:11:in `create'
Redirected to http://localhost:3000/journee_observations/8
Completed 302 Found in 12ms (ActiveRecord: 5.8ms | Allocations: 2934)


Started GET "/journee_observations/8" for ::1 at 2026-03-23 13:37:02 +0100
Processing by JourneeObservationsController#show as TURBO_STREAM
  Parameters: {"id"=>"8"}
  [1m[36mJourneeObservation Load (0.2ms)[0m  [1m[34mSELECT "journee_observations".* FROM "journee_observations" WHERE "journee_observations"."id" = ? LIMIT ?[0m  [["id", 8], ["LIMIT", 1]]
  ↳ app/controllers/journee_observations_controller.rb:45:in `set_journee_observation'
  Rendering layout layouts/application.html.erb
  Rendering journee_observations/show.html.erb within layouts/application
  [1m[36mEntree Load (0.2ms)[0m  [1m[34mSELECT "entrees".* FROM "entrees" WHERE "entrees"."journee_observation_id" = ? ORDER BY "entrees"."heure" ASC[0m  [["journee_observation_id", 8]]
  ↳ app/views/journee_observations/show.html.erb:57
  [1m[36mEntree Sum (0.1ms)[0m  [1m[34mSELECT SUM("entrees"."volume_boisson") FROM "entrees" WHERE "entrees"."journee_observation_id" = ?[0m  [["journee_observation_id", 8]]
  ↳ app/models/journee_observation.rb:9:in `total_boissons'
  [1m[36mEntree Sum (0.0ms)[0m  [1m[34mSELECT SUM("entrees"."volume_urine") FROM "entrees" WHERE "entrees"."journee_observation_id" = ?[0m  [["journee_observation_id", 8]]
  ↳ app/models/journee_observation.rb:13:in `total_urine'
  Rendered entrees/_form.html.erb (Duration: 1.5ms | Allocations: 1032)
  Rendered journee_observations/show.html.erb within layouts/application (Duration: 6.0ms | Allocations: 4208)
  Rendered layout layouts/application.html.erb (Duration: 8.9ms | Allocations: 6081)
Completed 200 OK in 12ms (Views: 9.2ms | ActiveRecord: 0.5ms | Allocations: 6899)


Started POST "/journee_observations/8/entrees" for ::1 at 2026-03-23 13:37:41 +0100
Processing by EntreesController#create as TURBO_STREAM
  Parameters: {"authenticity_token"=>"[FILTERED]", "entree"=>{"heure"=>"13:37", "volume_boisson"=>"95", "volume_urine"=>"", "urgenturies"=>"", "fuites"=>"", "commentaires"=>""}, "commit"=>"Ajouter", "journee_observation_id"=>"8"}
  [1m[36mJourneeObservation Load (0.2ms)[0m  [1m[34mSELECT "journee_observations".* FROM "journee_observations" WHERE "journee_observations"."id" = ? LIMIT ?[0m  [["id", 8], ["LIMIT", 1]]
  ↳ app/controllers/entrees_controller.rb:37:in `set_journee_observation'
  [1m[36mTRANSACTION (0.1ms)[0m  [1m[36mbegin transaction[0m
  ↳ app/controllers/entrees_controller.rb:11:in `create'
  [1m[36mEntree Create (0.9ms)[0m  [1m[32mINSERT INTO "entrees" ("journee_observation_id", "heure", "volume_boisson", "volume_urine", "urgenturies", "fuites", "commentaires", "created_at", "updated_at") VALUES (?, ?, ?, ?, ?, ?, ?, ?, ?) RETURNING "id"[0m  [["journee_observation_id", 8], ["heure", "2000-01-01 13:37:00"], ["volume_boisson", 95], ["volume_urine", nil], ["urgenturies", ""], ["fuites", ""], ["commentaires", ""], ["created_at", "2026-03-23 12:37:41.533779"], ["updated_at", "2026-03-23 12:37:41.533779"]]
  ↳ app/controllers/entrees_controller.rb:11:in `create'
  [1m[36mTRANSACTION (0.2ms)[0m  [1m[36mcommit transaction[0m
  ↳ app/controllers/entrees_controller.rb:11:in `create'
Redirected to http://localhost:3000/journee_observations/8
Completed 302 Found in 8ms (ActiveRecord: 1.4ms | Allocations: 2677)


Started GET "/journee_observations/8" for ::1 at 2026-03-23 13:37:41 +0100
Processing by JourneeObservationsController#show as TURBO_STREAM
  Parameters: {"id"=>"8"}
  [1m[36mJourneeObservation Load (0.2ms)[0m  [1m[34mSELECT "journee_observations".* FROM "journee_observations" WHERE "journee_observations"."id" = ? LIMIT ?[0m  [["id", 8], ["LIMIT", 1]]
  ↳ app/controllers/journee_observations_controller.rb:45:in `set_journee_observation'
  Rendering layout layouts/application.html.erb
  Rendering journee_observations/show.html.erb within layouts/application
  [1m[36mEntree Load (0.1ms)[0m  [1m[34mSELECT "entrees".* FROM "entrees" WHERE "entrees"."journee_observation_id" = ? ORDER BY "entrees"."heure" ASC[0m  [["journee_observation_id", 8]]
  ↳ app/views/journee_observations/show.html.erb:57
  [1m[36mEntree Sum (0.1ms)[0m  [1m[34mSELECT SUM("entrees"."volume_boisson") FROM "entrees" WHERE "entrees"."journee_observation_id" = ?[0m  [["journee_observation_id", 8]]
  ↳ app/models/journee_observation.rb:9:in `total_boissons'
  [1m[36mEntree Sum (0.0ms)[0m  [1m[34mSELECT SUM("entrees"."volume_urine") FROM "entrees" WHERE "entrees"."journee_observation_id" = ?[0m  [["journee_observation_id", 8]]
  ↳ app/models/journee_observation.rb:13:in `total_urine'
  Rendered entrees/_form.html.erb (Duration: 1.5ms | Allocations: 1056)
  Rendered journee_observations/show.html.erb within layouts/application (Duration: 6.6ms | Allocations: 4329)
  Rendered layout layouts/application.html.erb (Duration: 9.4ms | Allocations: 6158)
Completed 200 OK in 13ms (Views: 9.7ms | ActiveRecord: 0.5ms | Allocations: 6974)


Started POST "/journee_observations/8/entrees" for ::1 at 2026-03-23 14:46:17 +0100
Processing by EntreesController#create as TURBO_STREAM
  Parameters: {"authenticity_token"=>"[FILTERED]", "entree"=>{"heure"=>"14:30", "volume_boisson"=>"", "volume_urine"=>"250", "urgenturies"=>"", "fuites"=>"", "commentaires"=>""}, "commit"=>"Ajouter", "journee_observation_id"=>"8"}
  [1m[36mJourneeObservation Load (2.2ms)[0m  [1m[34mSELECT "journee_observations".* FROM "journee_observations" WHERE "journee_observations"."id" = ? LIMIT ?[0m  [["id", 8], ["LIMIT", 1]]
  ↳ app/controllers/entrees_controller.rb:37:in `set_journee_observation'
  [1m[36mTRANSACTION (0.0ms)[0m  [1m[36mbegin transaction[0m
  ↳ app/controllers/entrees_controller.rb:11:in `create'
  [1m[36mEntree Create (0.8ms)[0m  [1m[32mINSERT INTO "entrees" ("journee_observation_id", "heure", "volume_boisson", "volume_urine", "urgenturies", "fuites", "commentaires", "created_at", "updated_at") VALUES (?, ?, ?, ?, ?, ?, ?, ?, ?) RETURNING "id"[0m  [["journee_observation_id", 8], ["heure", "2000-01-01 14:30:00"], ["volume_boisson", nil], ["volume_urine", 250], ["urgenturies", ""], ["fuites", ""], ["commentaires", ""], ["created_at", "2026-03-23 13:46:17.162870"], ["updated_at", "2026-03-23 13:46:17.162870"]]
  ↳ app/controllers/entrees_controller.rb:11:in `create'
  [1m[36mTRANSACTION (0.5ms)[0m  [1m[36mcommit transaction[0m
  ↳ app/controllers/entrees_controller.rb:11:in `create'
Redirected to http://localhost:3000/journee_observations/8
Completed 302 Found in 11ms (ActiveRecord: 4.5ms | Allocations: 2929)


Started GET "/journee_observations/8" for ::1 at 2026-03-23 14:46:17 +0100
Processing by JourneeObservationsController#show as TURBO_STREAM
  Parameters: {"id"=>"8"}
  [1m[36mJourneeObservation Load (0.1ms)[0m  [1m[34mSELECT "journee_observations".* FROM "journee_observations" WHERE "journee_observations"."id" = ? LIMIT ?[0m  [["id", 8], ["LIMIT", 1]]
  ↳ app/controllers/journee_observations_controller.rb:45:in `set_journee_observation'
  Rendering layout layouts/application.html.erb
  Rendering journee_observations/show.html.erb within layouts/application
  [1m[36mEntree Load (0.1ms)[0m  [1m[34mSELECT "entrees".* FROM "entrees" WHERE "entrees"."journee_observation_id" = ? ORDER BY "entrees"."heure" ASC[0m  [["journee_observation_id", 8]]
  ↳ app/views/journee_observations/show.html.erb:57
  [1m[36mEntree Sum (0.1ms)[0m  [1m[34mSELECT SUM("entrees"."volume_boisson") FROM "entrees" WHERE "entrees"."journee_observation_id" = ?[0m  [["journee_observation_id", 8]]
  ↳ app/models/journee_observation.rb:9:in `total_boissons'
  [1m[36mEntree Sum (0.0ms)[0m  [1m[34mSELECT SUM("entrees"."volume_urine") FROM "entrees" WHERE "entrees"."journee_observation_id" = ?[0m  [["journee_observation_id", 8]]
  ↳ app/models/journee_observation.rb:13:in `total_urine'
  Rendered entrees/_form.html.erb (Duration: 1.3ms | Allocations: 1029)
  Rendered journee_observations/show.html.erb within layouts/application (Duration: 5.2ms | Allocations: 4483)
  Rendered layout layouts/application.html.erb (Duration: 8.6ms | Allocations: 6311)
Completed 200 OK in 11ms (Views: 8.7ms | ActiveRecord: 0.4ms | Allocations: 7127)


Started GET "/resultats" for ::1 at 2026-03-23 15:19:17 +0100
Processing by ResultatsController#index as HTML
  [1m[36mJourneeObservation Pluck (2.9ms)[0m  [1m[34mSELECT "journee_observations"."date_observation" FROM "journee_observations" ORDER BY "journee_observations"."date_observation" DESC[0m
  ↳ app/controllers/resultats_controller.rb:3:in `index'
  Rendering layout layouts/application.html.erb
  Rendering resultats/index.html.erb within layouts/application
  Rendered resultats/index.html.erb within layouts/application (Duration: 0.9ms | Allocations: 196)
  Rendered layout layouts/application.html.erb (Duration: 6.7ms | Allocations: 2228)
Completed 200 OK in 15ms (Views: 7.8ms | ActiveRecord: 4.0ms | Allocations: 3128)


Started GET "/resultats?dates%5B%5D=2026-03-23&dates%5B%5D=2026-03-22&commit=Afficher+les+resultats" for ::1 at 2026-03-23 15:19:26 +0100
Processing by ResultatsController#index as HTML
  Parameters: {"dates"=>["2026-03-23", "2026-03-22"], "commit"=>"Afficher les resultats"}
  [1m[36mJourneeObservation Pluck (0.2ms)[0m  [1m[34mSELECT "journee_observations"."date_observation" FROM "journee_observations" ORDER BY "journee_observations"."date_observation" DESC[0m
  ↳ app/controllers/resultats_controller.rb:3:in `index'
  [1m[36mJourneeObservation Load (0.2ms)[0m  [1m[34mSELECT "journee_observations".* FROM "journee_observations" WHERE "journee_observations"."date_observation" IN (?, ?) ORDER BY "journee_observations"."date_observation" DESC[0m  [["date_observation", "2026-03-23"], ["date_observation", "2026-03-22"]]
  ↳ app/controllers/resultats_controller.rb:11:in `index'
  [1m[36mEntree Load (0.3ms)[0m  [1m[34mSELECT "entrees".* FROM "entrees" WHERE "entrees"."journee_observation_id" IN (?, ?)[0m  [["journee_observation_id", 8], ["journee_observation_id", 7]]
  ↳ app/controllers/resultats_controller.rb:11:in `index'
  [1m[36mEntree Sum (0.1ms)[0m  [1m[34mSELECT SUM("entrees"."volume_boisson") FROM "entrees" WHERE "entrees"."journee_observation_id" = ?[0m  [["journee_observation_id", 8]]
  ↳ app/models/journee_observation.rb:9:in `total_boissons'
  [1m[36mEntree Sum (0.1ms)[0m  [1m[34mSELECT SUM("entrees"."volume_boisson") FROM "entrees" WHERE "entrees"."journee_observation_id" = ?[0m  [["journee_observation_id", 7]]
  ↳ app/models/journee_observation.rb:9:in `total_boissons'
  [1m[36mEntree Sum (0.1ms)[0m  [1m[34mSELECT SUM("entrees"."volume_urine") FROM "entrees" WHERE "entrees"."journee_observation_id" = ?[0m  [["journee_observation_id", 8]]
  ↳ app/models/journee_observation.rb:13:in `total_urine'
  [1m[36mEntree Sum (0.0ms)[0m  [1m[34mSELECT SUM("entrees"."volume_urine") FROM "entrees" WHERE "entrees"."journee_observation_id" = ?[0m  [["journee_observation_id", 7]]
  ↳ app/models/journee_observation.rb:13:in `total_urine'
  Rendering layout layouts/application.html.erb
  Rendering resultats/index.html.erb within layouts/application
  [1m[36mEntree Load (0.2ms)[0m  [1m[34mSELECT "entrees".* FROM "entrees" WHERE "entrees"."journee_observation_id" = ? ORDER BY "entrees"."heure" ASC[0m  [["journee_observation_id", 8]]
  ↳ app/views/resultats/index.html.erb:73
  [1m[36mCACHE Entree Sum (0.0ms)[0m  [1m[34mSELECT SUM("entrees"."volume_boisson") FROM "entrees" WHERE "entrees"."journee_observation_id" = ?[0m  [["journee_observation_id", 8]]
  ↳ app/models/journee_observation.rb:9:in `total_boissons'
  [1m[36mCACHE Entree Sum (0.0ms)[0m  [1m[34mSELECT SUM("entrees"."volume_urine") FROM "entrees" WHERE "entrees"."journee_observation_id" = ?[0m  [["journee_observation_id", 8]]
  ↳ app/models/journee_observation.rb:13:in `total_urine'
  [1m[36mEntree Load (0.1ms)[0m  [1m[34mSELECT "entrees".* FROM "entrees" WHERE "entrees"."journee_observation_id" = ? ORDER BY "entrees"."heure" ASC[0m  [["journee_observation_id", 7]]
  ↳ app/views/resultats/index.html.erb:73
  [1m[36mCACHE Entree Sum (0.0ms)[0m  [1m[34mSELECT SUM("entrees"."volume_boisson") FROM "entrees" WHERE "entrees"."journee_observation_id" = ?[0m  [["journee_observation_id", 7]]
  ↳ app/models/journee_observation.rb:9:in `total_boissons'
  [1m[36mCACHE Entree Sum (0.0ms)[0m  [1m[34mSELECT SUM("entrees"."volume_urine") FROM "entrees" WHERE "entrees"."journee_observation_id" = ?[0m  [["journee_observation_id", 7]]
  ↳ app/models/journee_observation.rb:13:in `total_urine'
  Rendered resultats/index.html.erb within layouts/application (Duration: 6.7ms | Allocations: 4739)
  Rendered layout layouts/application.html.erb (Duration: 9.8ms | Allocations: 6783)
Completed 200 OK in 22ms (Views: 10.1ms | ActiveRecord: 1.4ms | Allocations: 11552)


Started GET "/" for ::1 at 2026-03-23 15:40:13 +0100
  [1m[36mActiveRecord::SchemaMigration Load (0.0ms)[0m  [1m[34mSELECT "schema_migrations"."version" FROM "schema_migrations" ORDER BY "schema_migrations"."version" ASC[0m
Processing by JourneeObservationsController#index as HTML
  [1m[36mJourneeObservation Load (0.2ms)[0m  [1m[34mSELECT "journee_observations".* FROM "journee_observations" WHERE "journee_observations"."date_observation" = ? LIMIT ?[0m  [["date_observation", "2026-03-23"], ["LIMIT", 1]]
  ↳ app/controllers/journee_observations_controller.rb:6:in `index'
  Rendering layout layouts/application.html.erb
  Rendering journee_observations/index.html.erb within layouts/application
  [1m[36mJourneeObservation Exists? (0.0ms)[0m  [1m[34mSELECT 1 AS one FROM "journee_observations" LIMIT ?[0m  [["LIMIT", 1]]
  ↳ app/views/journee_observations/index.html.erb:34
  [1m[36mJourneeObservation Load (0.0ms)[0m  [1m[34mSELECT "journee_observations".* FROM "journee_observations" ORDER BY "journee_observations"."date_observation" DESC[0m
  ↳ app/views/journee_observations/index.html.erb:41
  [1m[36mEntree Count (0.0ms)[0m  [1m[34mSELECT COUNT(*) FROM "entrees" WHERE "entrees"."journee_observation_id" = ?[0m  [["journee_observation_id", 8]]
  ↳ app/views/journee_observations/index.html.erb:66
  [1m[36mEntree Count (0.0ms)[0m  [1m[34mSELECT COUNT(*) FROM "entrees" WHERE "entrees"."journee_observation_id" = ?[0m  [["journee_observation_id", 7]]
  ↳ app/views/journee_observations/index.html.erb:66
  Rendered journee_observations/index.html.erb within layouts/application (Duration: 4.8ms | Allocations: 7636)
  Rendered layout layouts/application.html.erb (Duration: 23.4ms | Allocations: 56703)
Completed 200 OK in 45ms (Views: 24.4ms | ActiveRecord: 1.4ms | Allocations: 76142)


Started GET "/journee_observations/new" for ::1 at 2026-03-23 15:40:15 +0100
Processing by JourneeObservationsController#new as HTML
  Rendering layout layouts/application.html.erb
  Rendering journee_observations/new.html.erb within layouts/application
  Rendered journee_observations/_form.html.erb (Duration: 6.7ms | Allocations: 2076)
  Rendered journee_observations/new.html.erb within layouts/application (Duration: 8.7ms | Allocations: 2454)
  Rendered layout layouts/application.html.erb (Duration: 11.3ms | Allocations: 4282)
Completed 200 OK in 14ms (Views: 12.3ms | ActiveRecord: 0.0ms | Allocations: 4697)


Started GET "/resultats" for ::1 at 2026-03-23 15:40:16 +0100
Processing by ResultatsController#index as HTML
  [1m[36mJourneeObservation Pluck (0.2ms)[0m  [1m[34mSELECT "journee_observations"."date_observation" FROM "journee_observations" ORDER BY "journee_observations"."date_observation" DESC[0m
  ↳ app/controllers/resultats_controller.rb:3:in `index'
  Rendering layout layouts/application.html.erb
  Rendering resultats/index.html.erb within layouts/application
  Rendered resultats/index.html.erb within layouts/application (Duration: 2.3ms | Allocations: 1766)
  Rendered layout layouts/application.html.erb (Duration: 6.0ms | Allocations: 3814)
Completed 200 OK in 10ms (Views: 7.1ms | ActiveRecord: 0.2ms | Allocations: 4774)


Started GET "/resultats?dates%5B%5D=2026-03-23&dates%5B%5D=2026-03-22&commit=Afficher+les+resultats" for ::1 at 2026-03-23 15:40:21 +0100
Processing by ResultatsController#index as HTML
  Parameters: {"dates"=>["2026-03-23", "2026-03-22"], "commit"=>"Afficher les resultats"}
  [1m[36mJourneeObservation Pluck (0.2ms)[0m  [1m[34mSELECT "journee_observations"."date_observation" FROM "journee_observations" ORDER BY "journee_observations"."date_observation" DESC[0m
  ↳ app/controllers/resultats_controller.rb:3:in `index'
  [1m[36mJourneeObservation Load (0.3ms)[0m  [1m[34mSELECT "journee_observations".* FROM "journee_observations" WHERE "journee_observations"."date_observation" IN (?, ?) ORDER BY "journee_observations"."date_observation" DESC[0m  [["date_observation", "2026-03-23"], ["date_observation", "2026-03-22"]]
  ↳ app/controllers/resultats_controller.rb:11:in `index'
  [1m[36mEntree Load (0.3ms)[0m  [1m[34mSELECT "entrees".* FROM "entrees" WHERE "entrees"."journee_observation_id" IN (?, ?)[0m  [["journee_observation_id", 8], ["journee_observation_id", 7]]
  ↳ app/controllers/resultats_controller.rb:11:in `index'
  [1m[36mEntree Sum (0.2ms)[0m  [1m[34mSELECT SUM("entrees"."volume_boisson") FROM "entrees" WHERE "entrees"."journee_observation_id" = ?[0m  [["journee_observation_id", 8]]
  ↳ app/models/journee_observation.rb:9:in `total_boissons'
  [1m[36mEntree Sum (0.0ms)[0m  [1m[34mSELECT SUM("entrees"."volume_boisson") FROM "entrees" WHERE "entrees"."journee_observation_id" = ?[0m  [["journee_observation_id", 7]]
  ↳ app/models/journee_observation.rb:9:in `total_boissons'
  [1m[36mEntree Sum (0.1ms)[0m  [1m[34mSELECT SUM("entrees"."volume_urine") FROM "entrees" WHERE "entrees"."journee_observation_id" = ?[0m  [["journee_observation_id", 8]]
  ↳ app/models/journee_observation.rb:13:in `total_urine'
  [1m[36mEntree Sum (0.0ms)[0m  [1m[34mSELECT SUM("entrees"."volume_urine") FROM "entrees" WHERE "entrees"."journee_observation_id" = ?[0m  [["journee_observation_id", 7]]
  ↳ app/models/journee_observation.rb:13:in `total_urine'
  [1m[36mEntree Count (0.1ms)[0m  [1m[34mSELECT COUNT(*) FROM "entrees" WHERE "entrees"."journee_observation_id" = ? AND NOT (("entrees"."volume_urine" = ? OR "entrees"."volume_urine" IS NULL))[0m  [["journee_observation_id", 8], ["volume_urine", 0]]
  ↳ app/controllers/resultats_controller.rb:132:in `block in calculer_statistiques'
  [1m[36mEntree Sum (0.1ms)[0m  [1m[34mSELECT SUM("entrees"."volume_urine") FROM "entrees" WHERE "entrees"."journee_observation_id" = ? AND NOT (("entrees"."volume_urine" = ? OR "entrees"."volume_urine" IS NULL))[0m  [["journee_observation_id", 8], ["volume_urine", 0]]
  ↳ app/controllers/resultats_controller.rb:133:in `block in calculer_statistiques'
  [1m[36mEntree Load (0.1ms)[0m  [1m[34mSELECT "entrees".* FROM "entrees" WHERE "entrees"."journee_observation_id" = ? AND NOT (("entrees"."volume_urine" = ? OR "entrees"."volume_urine" IS NULL)) ORDER BY "entrees"."heure" ASC[0m  [["journee_observation_id", 8], ["volume_urine", 0]]
  ↳ app/controllers/resultats_controller.rb:144:in `block in calculer_statistiques'
  [1m[36mEntree Count (0.0ms)[0m  [1m[34mSELECT COUNT(*) FROM "entrees" WHERE "entrees"."journee_observation_id" = ? AND NOT (("entrees"."volume_urine" = ? OR "entrees"."volume_urine" IS NULL))[0m  [["journee_observation_id", 7], ["volume_urine", 0]]
  ↳ app/controllers/resultats_controller.rb:132:in `block in calculer_statistiques'
  [1m[36mEntree Sum (0.0ms)[0m  [1m[34mSELECT SUM("entrees"."volume_urine") FROM "entrees" WHERE "entrees"."journee_observation_id" = ? AND NOT (("entrees"."volume_urine" = ? OR "entrees"."volume_urine" IS NULL))[0m  [["journee_observation_id", 7], ["volume_urine", 0]]
  ↳ app/controllers/resultats_controller.rb:133:in `block in calculer_statistiques'
  [1m[36mEntree Load (0.1ms)[0m  [1m[34mSELECT "entrees".* FROM "entrees" WHERE "entrees"."journee_observation_id" = ? AND NOT (("entrees"."volume_urine" = ? OR "entrees"."volume_urine" IS NULL)) ORDER BY "entrees"."heure" ASC[0m  [["journee_observation_id", 7], ["volume_urine", 0]]
  ↳ app/controllers/resultats_controller.rb:144:in `block in calculer_statistiques'
  Rendering layout layouts/application.html.erb
  Rendering resultats/index.html.erb within layouts/application
  [1m[36mEntree Load (0.1ms)[0m  [1m[34mSELECT "entrees".* FROM "entrees" WHERE "entrees"."journee_observation_id" = ? ORDER BY "entrees"."heure" ASC[0m  [["journee_observation_id", 8]]
  ↳ app/views/resultats/index.html.erb:73
  [1m[36mCACHE Entree Sum (0.0ms)[0m  [1m[34mSELECT SUM("entrees"."volume_boisson") FROM "entrees" WHERE "entrees"."journee_observation_id" = ?[0m  [["journee_observation_id", 8]]
  ↳ app/models/journee_observation.rb:9:in `total_boissons'
  [1m[36mCACHE Entree Sum (0.0ms)[0m  [1m[34mSELECT SUM("entrees"."volume_urine") FROM "entrees" WHERE "entrees"."journee_observation_id" = ?[0m  [["journee_observation_id", 8]]
  ↳ app/models/journee_observation.rb:13:in `total_urine'
  [1m[36mEntree Load (0.0ms)[0m  [1m[34mSELECT "entrees".* FROM "entrees" WHERE "entrees"."journee_observation_id" = ? ORDER BY "entrees"."heure" ASC[0m  [["journee_observation_id", 7]]
  ↳ app/views/resultats/index.html.erb:73
  [1m[36mCACHE Entree Sum (0.0ms)[0m  [1m[34mSELECT SUM("entrees"."volume_boisson") FROM "entrees" WHERE "entrees"."journee_observation_id" = ?[0m  [["journee_observation_id", 7]]
  ↳ app/models/journee_observation.rb:9:in `total_boissons'
  [1m[36mCACHE Entree Sum (0.0ms)[0m  [1m[34mSELECT SUM("entrees"."volume_urine") FROM "entrees" WHERE "entrees"."journee_observation_id" = ?[0m  [["journee_observation_id", 7]]
  ↳ app/models/journee_observation.rb:13:in `total_urine'
  [1m[36mCACHE Entree Sum (0.0ms)[0m  [1m[34mSELECT SUM("entrees"."volume_urine") FROM "entrees" WHERE "entrees"."journee_observation_id" = ?[0m  [["journee_observation_id", 8]]
  ↳ app/models/journee_observation.rb:13:in `total_urine'
  [1m[36mCACHE Entree Sum (0.0ms)[0m  [1m[34mSELECT SUM("entrees"."volume_urine") FROM "entrees" WHERE "entrees"."journee_observation_id" = ?[0m  [["journee_observation_id", 7]]
  ↳ app/models/journee_observation.rb:13:in `total_urine'
  Rendered resultats/index.html.erb within layouts/application (Duration: 4.3ms | Allocations: 5680)
  Rendered layout layouts/application.html.erb (Duration: 5.7ms | Allocations: 7745)
Completed 200 OK in 39ms (Views: 6.0ms | ActiveRecord: 1.5ms | Allocations: 24039)


Started GET "/" for ::1 at 2026-03-23 15:41:18 +0100
Processing by JourneeObservationsController#index as HTML
  [1m[36mJourneeObservation Load (0.2ms)[0m  [1m[34mSELECT "journee_observations".* FROM "journee_observations" WHERE "journee_observations"."date_observation" = ? LIMIT ?[0m  [["date_observation", "2026-03-23"], ["LIMIT", 1]]
  ↳ app/controllers/journee_observations_controller.rb:6:in `index'
  Rendering layout layouts/application.html.erb
  Rendering journee_observations/index.html.erb within layouts/application
  [1m[36mJourneeObservation Exists? (0.1ms)[0m  [1m[34mSELECT 1 AS one FROM "journee_observations" LIMIT ?[0m  [["LIMIT", 1]]
  ↳ app/views/journee_observations/index.html.erb:34
  [1m[36mJourneeObservation Load (0.1ms)[0m  [1m[34mSELECT "journee_observations".* FROM "journee_observations" ORDER BY "journee_observations"."date_observation" DESC[0m
  ↳ app/views/journee_observations/index.html.erb:41
  [1m[36mEntree Count (0.1ms)[0m  [1m[34mSELECT COUNT(*) FROM "entrees" WHERE "entrees"."journee_observation_id" = ?[0m  [["journee_observation_id", 8]]
  ↳ app/views/journee_observations/index.html.erb:66
  [1m[36mEntree Count (0.1ms)[0m  [1m[34mSELECT COUNT(*) FROM "entrees" WHERE "entrees"."journee_observation_id" = ?[0m  [["journee_observation_id", 7]]
  ↳ app/views/journee_observations/index.html.erb:66
  Rendered journee_observations/index.html.erb within layouts/application (Duration: 4.8ms | Allocations: 2391)
  Rendered layout layouts/application.html.erb (Duration: 8.2ms | Allocations: 4424)
Completed 200 OK in 11ms (Views: 8.4ms | ActiveRecord: 0.6ms | Allocations: 5115)


